Date,Open,High,Low,Close,Adj Close,Volume
2002-07-01,90.0,99.94999694824219,90.0,94.55000305175781,62.582427978515625,8690
2002-07-02,93.0,94.19999694824219,91.3499984741211,92.3499984741211,61.12624740600586,8683
2002-07-03,93.0,95.0,90.05000305175781,91.0999984741211,60.29889678955078,5382
2002-07-04,95.9000015258789,95.9000015258789,89.80000305175781,90.25,59.73627471923828,5887
2002-07-05,94.0,94.0,89.44999694824219,91.4000015258789,60.497459411621094,3783
2002-07-08,91.5,96.0,90.30000305175781,93.0999984741211,61.62267303466797,14317
2002-07-09,95.9000015258789,98.0,94.25,96.19999694824219,63.674564361572266,14847
2002-07-10,97.0,97.0,93.5,95.05000305175781,63.5742301940918,6260
2002-07-11,91.5,98.0,91.5,97.5,65.21292114257812,9953
2002-07-12,96.0,101.0,96.0,100.05000305175781,66.91848754882812,25636
2002-07-15,100.55000305175781,100.55000305175781,95.94999694824219,96.55000305175781,64.5775146484375,5035
2002-07-16,94.80000305175781,97.8499984741211,94.80000305175781,96.80000305175781,64.74473571777344,1500
2002-07-17,93.5,95.0,92.0999984741211,94.05000305175781,62.90538024902344,7165
2002-07-18,93.0999984741211,94.6500015258789,93.0999984741211,94.0,62.8719482421875,2093
2002-07-19,93.5,93.94999694824219,92.55000305175781,92.5999984741211,61.935569763183594,1900
2002-07-22,86.0,90.05000305175781,86.0,88.75,59.360496520996094,9154
2002-07-23,86.0,89.8499984741211,84.0,89.0,59.52769088745117,5775
2002-07-24,89.0,89.5,88.0,88.69999694824219,59.327030181884766,4055
2002-07-25,85.5,88.5,85.5,88.30000305175781,59.05949783325195,3966
2002-07-26,87.5,87.75,86.5,86.94999694824219,58.15653991699219,4315
2002-07-29,85.0,85.0,82.0,83.5,55.849029541015625,7500
2002-07-30,81.6500015258789,82.3499984741211,81.5,81.5,54.51131820678711,2878
2002-07-31,78.80000305175781,81.5,78.44999694824219,80.9000015258789,54.11000061035156,1177
2002-08-01,77.0,82.5,77.0,77.5999984741211,51.902793884277344,2632
2002-08-02,75.0,76.0,69.0,73.0,48.82607650756836,1820
2002-08-05,77.0999984741211,77.0999984741211,71.0,71.25,47.65559768676758,3409
2002-08-06,71.80000305175781,72.0,69.44999694824219,69.80000305175781,46.68576431274414,6295
2002-08-07,71.75,71.9000015258789,70.19999694824219,70.94999694824219,47.45494079589844,10241
2002-08-08,70.5,70.5,68.0999984741211,68.0999984741211,45.548709869384766,4885
2002-08-09,68.25,70.0,67.5999984741211,69.80000305175781,46.68576431274414,1245
2002-08-12,73.3499984741211,73.3499984741211,70.0,71.6500015258789,47.92314529418945,2016
2002-08-13,71.94999694824219,72.19999694824219,71.94999694824219,72.19999694824219,48.29100036621094,23
2002-08-14,73.5,74.0,73.1500015258789,73.75,49.327728271484375,831
2002-08-15,73.75,73.75,73.75,73.75,49.327728271484375,0
2002-08-16,72.4000015258789,72.5,72.1500015258789,72.3499984741211,48.39133834838867,825
2002-08-19,70.0,74.94999694824219,70.0,72.5,48.49167251586914,1236
2002-08-20,73.0,73.5,72.5999984741211,73.25,48.99329376220703,595
2002-08-21,74.0,74.0,72.5999984741211,73.25,48.99329376220703,467
2002-08-22,72.5,74.0,72.5,73.69999694824219,49.294281005859375,1005
2002-08-23,73.44999694824219,74.5,73.0,73.5999984741211,49.22739791870117,1255
2002-08-26,72.5999984741211,74.0,72.5999984741211,73.55000305175781,49.19395446777344,3920
2002-08-27,72.3499984741211,75.0,72.3499984741211,74.25,49.662147521972656,1160
2002-08-28,72.75,74.30000305175781,72.5,73.5,49.160518646240234,225
2002-08-29,72.0999984741211,73.0,72.0999984741211,73.0,48.82607650756836,808
2002-08-30,73.5999984741211,73.5999984741211,71.55000305175781,72.55000305175781,48.525108337402344,592
2002-09-02,73.0,73.0,72.5,72.8499984741211,48.72574996948242,1249
2002-09-03,71.55000305175781,71.55000305175781,71.0,71.0,47.48838424682617,1271
2002-09-04,68.6500015258789,70.0999984741211,68.6500015258789,69.25,46.317893981933594,213
2002-09-05,70.0,70.44999694824219,69.30000305175781,70.19999694824219,46.95329666137695,1100
2002-09-06,68.0999984741211,69.0,67.6500015258789,67.9000015258789,45.41495132446289,1115
2002-09-09,67.75,71.0,64.30000305175781,69.05000305175781,46.18412399291992,5629
2002-09-10,69.05000305175781,69.05000305175781,69.05000305175781,69.05000305175781,46.18412399291992,0
2002-09-11,69.44999694824219,72.5,69.44999694824219,70.0999984741211,46.88641357421875,4692
2002-09-12,69.05000305175781,69.05000305175781,68.5,68.75,45.98346710205078,1125
2002-09-13,67.80000305175781,68.5,67.55000305175781,67.55000305175781,45.180850982666016,400
2002-09-16,67.80000305175781,67.80000305175781,67.55000305175781,67.75,45.31462860107422,570
2002-09-17,67.69999694824219,68.5,67.25,68.5,45.816261291503906,450
2002-09-18,66.80000305175781,67.5,66.0,66.5999984741211,44.54544448852539,2540
2002-09-19,66.0999984741211,66.0999984741211,65.0,65.19999694824219,43.60905075073242,454
2002-09-20,63.5,65.0,63.5,64.9000015258789,43.40839385986328,1414
2002-09-23,64.75,64.75,63.79999923706055,63.79999923706055,42.67266082763672,200
2002-09-24,62.29999923706055,64.0,62.29999923706055,64.0,42.80643081665039,425
2002-09-25,63.5,67.3499984741211,63.0,63.75,42.639217376708984,1725
2002-09-26,61.70000076293945,61.79999923706055,61.5,61.79999923706055,41.3349609375,600
2002-09-27,62.0,63.0,61.70000076293945,63.0,42.13758850097656,1070
2002-09-30,62.900001525878906,62.900001525878906,62.70000076293945,62.70000076293945,41.936927795410156,3663
2002-10-01,63.0,63.0,61.75,61.75,41.301513671875,1165
2002-10-02,61.75,61.75,61.75,61.75,41.301513671875,0
2002-10-03,63.0,63.0,60.599998474121094,61.95000076293945,41.43528366088867,28265
2002-10-04,61.900001525878906,62.0,61.70000076293945,61.95000076293945,41.43528366088867,569
2002-10-07,62.0,62.95000076293945,62.0,62.95000076293945,42.10414505004883,150
2002-10-08,63.150001525878906,64.0,63.150001525878906,64.0,42.80643081665039,300
2002-10-09,64.9000015258789,64.9000015258789,64.0,64.1500015258789,42.906761169433594,485
2002-10-10,63.25,64.0,63.25,64.0,42.80643081665039,284
2002-10-11,63.70000076293945,64.6500015258789,63.70000076293945,64.19999694824219,42.94020080566406,435
2002-10-14,64.0,65.5,64.0,65.4000015258789,43.74282455444336,1452
2002-10-15,65.4000015258789,65.4000015258789,65.4000015258789,65.4000015258789,43.74282455444336,0
2002-10-16,65.0,65.0,64.0999984741211,64.0999984741211,42.87331771850586,245
2002-10-17,63.54999923706055,65.30000305175781,63.54999923706055,65.30000305175781,43.67593765258789,325
2002-10-18,64.30000305175781,65.4000015258789,64.05000305175781,65.19999694824219,43.60905075073242,361
2002-10-21,64.0,65.5,64.0,65.5,43.8097038269043,904
2002-10-22,65.0999984741211,68.5,65.0999984741211,66.3499984741211,44.378231048583984,1300
2002-10-23,66.25,66.25,65.0999984741211,65.44999694824219,43.77626419067383,743
2002-10-24,65.25,66.44999694824219,65.25,66.30000305175781,44.344791412353516,1265
2002-10-25,66.0999984741211,66.0999984741211,65.80000305175781,66.0,44.144126892089844,786
2002-10-28,65.9000015258789,66.0,65.9000015258789,66.0,44.144126892089844,250
2002-10-29,66.0,66.3499984741211,66.0,66.3499984741211,44.378231048583984,550
2002-10-30,67.0,67.0,67.0,67.0,44.812992095947266,100
2002-10-31,66.5999984741211,67.5,66.5999984741211,66.94999694824219,44.77954864501953,765
2002-11-01,66.8499984741211,67.5,66.80000305175781,67.5,45.14740753173828,350
2002-11-04,65.0,66.75,65.0,66.4000015258789,44.41166687011719,201
2002-11-05,65.8499984741211,65.8499984741211,64.55000305175781,64.80000305175781,43.341514587402344,475
2002-11-06,64.80000305175781,64.80000305175781,64.80000305175781,64.80000305175781,43.341514587402344,0
2002-11-07,60.5,64.44999694824219,60.29999923706055,62.599998474121094,41.87004470825195,250
2002-11-08,62.5,64.0,62.5,64.0,42.80643081665039,518
2002-11-11,62.54999923706055,64.69999694824219,62.54999923706055,64.05000305175781,42.839874267578125,614
2002-11-12,64.0,64.0,64.0,64.0,42.80643081665039,275
2002-11-13,61.54999923706055,68.0,61.54999923706055,61.70000076293945,41.26808166503906,571
2002-11-14,62.5,64.25,62.5,63.5,42.47200012207031,1200
2002-11-15,63.0,63.099998474121094,63.0,63.0,42.13758850097656,1575
2002-11-18,63.0,63.0,63.0,63.0,42.13758850097656,1173
2002-11-19,63.0,63.0,63.0,63.0,42.13758850097656,0
2002-11-20,63.0,63.0,63.0,63.0,42.13758850097656,20
2002-11-21,64.75,65.5,63.75,65.5,43.8097038269043,1856
2002-11-22,64.0999984741211,64.30000305175781,64.0999984741211,64.30000305175781,43.007083892822266,1000
2002-11-25,64.0,65.0,64.0,64.30000305175781,43.007083892822266,454
2002-11-26,64.6500015258789,66.5,64.6500015258789,65.5999984741211,43.876590728759766,620
2002-11-27,64.55000305175781,64.55000305175781,64.55000305175781,64.55000305175781,43.17430114746094,650
2002-11-28,64.55000305175781,64.55000305175781,64.55000305175781,64.55000305175781,43.17430114746094,206
2002-11-29,58.70000076293945,64.9000015258789,58.150001525878906,64.9000015258789,43.40839385986328,1050
2002-12-02,65.0,66.94999694824219,65.0,66.94999694824219,44.77954864501953,350
2002-12-03,68.0,71.80000305175781,66.30000305175781,66.30000305175781,44.344791412353516,2184
2002-12-04,63.75,65.9000015258789,63.75,65.9000015258789,44.07724380493164,551
2002-12-05,65.5,65.5,64.0999984741211,64.0999984741211,42.87331771850586,549
2002-12-06,65.5,65.5,65.0,65.0,43.475284576416016,127
2002-12-09,63.54999923706055,65.0,63.54999923706055,65.0,43.475284576416016,988
2002-12-10,63.54999923706055,63.54999923706055,63.54999923706055,63.54999923706055,42.50544357299805,324
2002-12-11,64.0,64.0,63.25,63.79999923706055,42.67266082763672,968
2002-12-12,63.0,63.349998474121094,63.0,63.29999923706055,42.33823013305664,418
2002-12-13,58.0,65.0,58.0,63.0,42.13758850097656,450
2002-12-16,63.0,63.0,61.5,61.5,41.13430404663086,6265
2002-12-17,62.0,63.0,62.0,63.0,42.13758850097656,2550
2002-12-18,62.099998474121094,63.099998474121094,62.04999923706055,63.099998474121094,42.2044677734375,3339
2002-12-19,62.20000076293945,69.4000015258789,62.20000076293945,68.6500015258789,45.91658020019531,4735
2002-12-20,69.0,69.0,64.5,66.3499984741211,44.378231048583984,3646
2002-12-23,65.19999694824219,65.8499984741211,65.1500015258789,65.5,43.8097038269043,450
2002-12-24,67.44999694824219,72.05000305175781,67.3499984741211,67.6500015258789,45.24773025512695,5870
2002-12-25,67.6500015258789,67.6500015258789,67.6500015258789,67.6500015258789,45.24773025512695,0
2002-12-26,68.25,69.9000015258789,68.1500015258789,69.05000305175781,46.18412399291992,1965
2002-12-27,69.0,71.44999694824219,69.0,70.94999694824219,47.45494079589844,2755
2002-12-30,69.0,69.9000015258789,68.5999984741211,68.5999984741211,45.88313674926758,894
2002-12-31,67.6500015258789,67.6500015258789,67.6500015258789,67.6500015258789,45.24773025512695,260
2003-01-01,67.6500015258789,68.4000015258789,65.0,65.80000305175781,44.01036834716797,1549
2003-01-02,63.04999923706055,67.0,63.04999923706055,65.55000305175781,43.84315490722656,1917
2003-01-03,67.0,69.0,66.0,66.4000015258789,44.41166687011719,2667
2003-01-06,62.0,65.0,62.0,64.30000305175781,43.007083892822266,1400
2003-01-07,65.0,65.0,63.29999923706055,63.29999923706055,42.33823013305664,650
2003-01-08,63.45000076293945,63.45000076293945,62.5,62.75,41.970375061035156,950
2003-01-09,62.400001525878906,64.5,62.0,64.05000305175781,42.839874267578125,1845
2003-01-10,63.150001525878906,65.0,63.150001525878906,65.0,43.475284576416016,500
2003-01-13,61.349998474121094,64.3499984741211,61.349998474121094,63.0,42.13758850097656,980
2003-01-14,64.0,64.9000015258789,63.099998474121094,63.650001525878906,42.57233428955078,200
2003-01-15,63.0,63.0,61.54999923706055,61.849998474121094,41.368404388427734,1177
2003-01-16,61.599998474121094,61.599998474121094,60.599998474121094,61.150001525878906,40.90020751953125,1855
2003-01-17,62.0,62.70000076293945,61.0,61.20000076293945,40.93364715576172,7212
2003-01-20,61.75,61.75,60.70000076293945,60.900001525878906,40.73299789428711,335
2003-01-21,60.0,60.0,59.599998474121094,59.75,39.96381378173828,1227
2003-01-22,61.0,61.0,58.5,60.5,40.4654541015625,3020
2003-01-23,58.099998474121094,58.5,58.099998474121094,58.25,38.96053695678711,250
2003-01-24,60.0,60.29999923706055,59.0,59.20000076293945,39.595947265625,1061
2003-01-27,55.0,59.900001525878906,54.5,58.04999923706055,38.8267707824707,688
2003-01-28,56.0,58.5,56.0,58.45000076293945,39.09430694580078,156
2003-01-29,56.0,59.5,56.0,57.0,38.12448501586914,618
2003-01-30,57.0,57.0,57.0,57.0,38.12448501586914,0
2003-01-31,54.099998474121094,57.0,54.099998474121094,57.0,38.12448501586914,101000
2003-02-03,60.0,62.70000076293945,58.29999923706055,62.70000076293945,41.936927795410156,3130
2003-02-04,65.0,69.0,65.0,67.69999694824219,45.281166076660156,58324
2003-02-05,67.8499984741211,67.8499984741211,65.0999984741211,65.25,43.642494201660156,5572
2003-02-06,64.9000015258789,65.80000305175781,64.80000305175781,65.80000305175781,44.01036834716797,980
2003-02-07,65.0,72.4000015258789,65.0,70.5,47.15396499633789,3836
2003-02-10,73.19999694824219,75.0,71.5999984741211,71.9000015258789,48.0903434753418,11062
2003-02-11,72.0,72.0,69.0,70.0,46.81953811645508,4130
2003-02-12,69.0,70.5,69.0,70.30000305175781,47.02018737792969,1710
2003-02-13,70.30000305175781,70.30000305175781,70.30000305175781,70.30000305175781,47.02018737792969,0
2003-02-14,79.0,79.19999694824219,70.0,70.1500015258789,46.91986846923828,2104
2003-02-17,71.05000305175781,72.0,71.05000305175781,71.75,47.990020751953125,2100
2003-02-18,71.5,72.44999694824219,71.25,72.19999694824219,48.29100036621094,1957
2003-02-19,72.44999694824219,74.0,72.0999984741211,72.8499984741211,48.72574996948242,1242
2003-02-20,72.5,73.0,72.5,72.9000015258789,48.759212493896484,1779
2003-02-21,73.5,74.0,72.69999694824219,72.69999694824219,48.625423431396484,1150
2003-02-24,72.05000305175781,72.55000305175781,72.0,72.0,48.15724182128906,1012
2003-02-25,70.0,70.5,70.0,70.5,47.15396499633789,190
2003-02-26,70.0,70.0,70.0,70.0,46.81953811645508,16200
2003-02-27,70.0,70.0,68.75,68.75,45.98346710205078,425
2003-02-28,71.0,71.0,70.0999984741211,70.0999984741211,46.88641357421875,501
2003-03-03,67.5999984741211,69.0,67.5999984741211,69.0,46.15068435668945,556
2003-03-04,69.0,69.05000305175781,68.0,68.0,45.481834411621094,425
2003-03-05,68.0,69.44999694824219,67.0999984741211,68.25,45.64904022216797,1303
2003-03-06,66.55000305175781,67.3499984741211,66.55000305175781,66.94999694824219,44.77954864501953,600
2003-03-07,64.0,67.9000015258789,64.0,66.19999694824219,44.277896881103516,3462
2003-03-10,65.0,65.0,65.0,65.0,43.475284576416016,100
2003-03-11,64.5,64.5,64.0,64.0,42.80643081665039,700
2003-03-12,63.25,64.0,63.25,63.79999923706055,42.67266082763672,2765
2003-03-13,62.5,64.94999694824219,62.5,64.94999694824219,43.44184112548828,260
2003-03-14,64.94999694824219,64.94999694824219,64.94999694824219,64.94999694824219,43.44184112548828,0
2003-03-17,63.400001525878906,64.5,63.400001525878906,64.0,42.80643081665039,1450
2003-03-18,64.0,64.0,64.0,64.0,42.80643081665039,0
2003-03-19,62.599998474121094,65.0,62.599998474121094,65.0,43.475284576416016,1605
2003-03-20,63.0,64.94999694824219,62.900001525878906,64.94999694824219,43.44184112548828,5506
2003-03-21,63.150001525878906,64.4000015258789,63.150001525878906,64.4000015258789,43.073974609375,1341
2003-03-24,61.5,63.95000076293945,61.5,62.5,41.80315399169922,3104
2003-03-25,63.0,63.20000076293945,62.599998474121094,63.04999923706055,42.171024322509766,1245
2003-03-26,62.75,66.0,62.20000076293945,62.5,41.80315399169922,3281
2003-03-27,62.0,67.75,62.0,63.650001525878906,42.57233428955078,955
2003-03-28,62.0,70.5,62.0,64.05000305175781,42.839874267578125,2575
2003-03-31,62.95000076293945,68.0,62.599998474121094,64.8499984741211,43.37495422363281,6289
2003-04-01,62.29999923706055,64.5,62.29999923706055,63.29999923706055,42.33823013305664,350
2003-04-02,64.0,66.0,63.45000076293945,65.5,43.8097038269043,800
2003-04-03,64.0,64.0,64.0,64.0,42.80643081665039,100
2003-04-07,62.25,64.6500015258789,62.25,64.6500015258789,43.24118423461914,1600
2003-04-08,61.25,63.0,61.25,63.0,42.13758850097656,100
2003-04-09,63.0,63.0,63.0,63.0,42.13758850097656,0
2003-04-10,63.099998474121094,63.099998474121094,62.0,62.0,41.46873474121094,1400
2003-04-11,62.04999923706055,62.04999923706055,62.0,62.0,41.46873474121094,500
2003-04-14,62.0,62.0,62.0,62.0,41.46873474121094,0
2003-04-15,64.5,64.5,64.5,64.5,43.1408576965332,20
2003-04-16,62.0,64.5,62.0,64.5,43.1408576965332,648
2003-04-17,63.04999923706055,65.0,63.04999923706055,64.80000305175781,43.341514587402344,830
2003-04-18,64.80000305175781,64.80000305175781,64.80000305175781,64.80000305175781,43.341514587402344,0
2003-04-21,63.5,64.5,63.0,64.4000015258789,43.073974609375,371
2003-04-22,63.20000076293945,63.900001525878906,63.0,63.099998474121094,42.2044677734375,1055
2003-04-23,63.150001525878906,63.150001525878906,63.099998474121094,63.099998474121094,42.2044677734375,440
2003-04-24,62.54999923706055,63.75,60.0,63.75,42.639217376708984,13827
2003-04-25,64.0,64.0,60.599998474121094,61.099998474121094,40.866764068603516,4450
2003-04-28,61.349998474121094,63.29999923706055,60.75,61.70000076293945,41.26808166503906,2143
2003-04-29,61.70000076293945,62.79999923706055,60.5,61.75,41.301513671875,400
2003-04-30,61.0,63.0,60.5,62.04999923706055,41.502174377441406,4271
2003-05-01,62.04999923706055,62.04999923706055,62.04999923706055,62.04999923706055,41.502174377441406,0
2003-05-02,61.349998474121094,62.5,61.0,62.349998474121094,41.70281982421875,600
2003-05-05,61.599998474121094,63.0,61.599998474121094,62.95000076293945,42.10414505004883,150
2003-05-06,61.5,63.599998474121094,61.5,61.70000076293945,41.26808166503906,2024
2003-05-07,62.5,62.5,61.70000076293945,61.70000076293945,41.26808166503906,600
2003-05-08,61.20000076293945,66.9000015258789,61.20000076293945,63.400001525878906,42.40511703491211,2061
2003-05-09,68.0,68.0,64.25,66.25,44.311344146728516,13057
2003-05-12,67.0,67.25,66.0,66.3499984741211,44.378231048583984,2059
2003-05-13,66.5999984741211,66.5999984741211,62.0,62.650001525878906,41.90348434448242,2868
2003-05-14,64.0,64.0,61.099998474121094,62.099998474121094,41.53561019897461,3173
2003-05-15,60.0,67.0,60.0,66.55000305175781,44.51200866699219,5967
2003-05-16,63.650001525878906,64.0,63.349998474121094,63.400001525878906,42.40511703491211,819
2003-05-19,63.29999923706055,65.5,63.29999923706055,65.0,43.475284576416016,1726
2003-05-20,64.1500015258789,65.0,63.599998474121094,65.0,43.475284576416016,2505
2003-05-21,66.5,68.19999694824219,64.5,66.9000015258789,44.74610137939453,5216
2003-05-22,63.70000076293945,68.0,63.70000076293945,66.9000015258789,44.74610137939453,1746
2003-05-23,65.5999984741211,68.0,65.5999984741211,67.9000015258789,45.41495132446289,1980
2003-05-26,65.0,70.0,65.0,68.25,45.64904022216797,3608
2003-05-27,67.0,68.5,66.69999694824219,67.94999694824219,45.448387145996094,1200
2003-05-28,67.94999694824219,72.0,67.4000015258789,71.0999984741211,47.555267333984375,10946
2003-05-29,71.0,72.0,70.5999984741211,70.69999694824219,47.28772735595703,1679
2003-05-30,72.0,73.0,71.6500015258789,71.6500015258789,47.92314529418945,2749
2003-06-02,72.0,73.9000015258789,67.0,72.19999694824219,48.29100036621094,2522
2003-06-03,70.0,73.0,70.0,71.5,47.82281494140625,1150
2003-06-04,70.05000305175781,72.69999694824219,70.05000305175781,71.19999694824219,47.62215042114258,1480
2003-06-05,72.3499984741211,72.4000015258789,70.75,71.0,47.48838424682617,2445
2003-06-06,70.0999984741211,71.0,70.0999984741211,70.3499984741211,47.053627014160156,1488
2003-06-09,69.0,75.5999984741211,69.0,74.4000015258789,49.76248550415039,3148
2003-06-10,73.80000305175781,73.80000305175781,71.0,71.1500015258789,47.58871078491211,2152
2003-06-11,70.25,75.0,70.25,73.5,49.160518646240234,3044
2003-06-12,74.94999694824219,80.8499984741211,73.9000015258789,80.80000305175781,54.04311752319336,10225
2003-06-13,86.5,86.5,76.5,79.6500015258789,53.273948669433594,6201
2003-06-16,79.30000305175781,80.0,77.30000305175781,79.55000305175781,53.20705795288086,2112
2003-06-17,87.55000305175781,87.55000305175781,87.55000305175781,87.55000305175781,58.55785369873047,3302
2003-06-18,91.94999694824219,91.94999694824219,91.94999694824219,91.94999694824219,61.50080490112305,12044
2003-06-19,96.55000305175781,96.55000305175781,96.55000305175781,96.55000305175781,64.5775146484375,18028
2003-06-20,101.4000015258789,101.4000015258789,101.4000015258789,101.4000015258789,67.82144927978516,8234
2003-06-23,105.9000015258789,106.5,96.3499984741211,98.44999694824219,65.84834289550781,94909
2003-06-24,99.44999694824219,99.75,93.55000305175781,93.55000305175781,62.57097244262695,26777
2003-06-25,90.0,98.25,89.5,98.25,65.71454620361328,19141
2003-06-26,102.4000015258789,103.19999694824219,98.19999694824219,103.1500015258789,68.99193572998047,14313
2003-06-27,106.0,106.0,98.19999694824219,99.8499984741211,66.78472137451172,10664
2003-06-30,104.0,104.0,98.05000305175781,99.5999984741211,66.61752319335938,10133
2003-07-01,98.94999694824219,99.8499984741211,97.4000015258789,97.94999694824219,65.5138931274414,6818
2003-07-02,98.19999694824219,101.0,96.5,97.0999984741211,64.94538879394531,14610
2003-07-03,101.5,102.0,100.5,102.0,68.2227554321289,10478
2003-07-04,107.0,107.0999984741211,107.0,107.0999984741211,71.63388061523438,8200
2003-07-07,111.5999984741211,112.5,108.0,110.69999694824219,74.04175567626953,47627
2003-07-08,114.9000015258789,115.0,105.5,107.19999694824219,71.70077514648438,15056
2003-07-09,111.5999984741211,112.0,105.0,105.05000305175781,70.26275634765625,7984
2003-07-10,101.0,101.0,98.1500015258789,98.80000305175781,66.46204376220703,8473
2003-07-11,96.30000305175781,98.94999694824219,94.5,95.0999984741211,63.97306823730469,9128
2003-07-14,96.05000305175781,96.5,95.5999984741211,96.19999694824219,64.71302795410156,3339
2003-07-15,101.0,112.0999984741211,96.5999984741211,98.69999694824219,66.39476776123047,8750
2003-07-16,99.9000015258789,101.0,96.75,99.0,66.59656524658203,8506
2003-07-17,98.3499984741211,98.44999694824219,96.0,96.25,64.74665832519531,9895
2003-07-18,96.19999694824219,98.0,95.69999694824219,97.19999694824219,65.3857192993164,1233
2003-07-21,100.0,100.05000305175781,96.25,97.0,65.25118255615234,5665
2003-07-22,95.0999984741211,97.6500015258789,94.0,94.05000305175781,63.2667350769043,6741
2003-07-23,97.3499984741211,97.3499984741211,93.0,93.0,62.56040954589844,4376
2003-07-24,96.75,102.0999984741211,95.0,95.55000305175781,64.27579498291016,9130
2003-07-25,97.5999984741211,97.5999984741211,93.80000305175781,94.75,63.73762512207031,4483
2003-07-28,95.55000305175781,96.0,93.5,95.44999694824219,64.20849609375,9265
2003-07-29,92.44999694824219,94.0,90.25,91.55000305175781,61.58500289916992,4729
2003-07-30,89.25,92.5,89.25,90.80000305175781,61.08049392700195,7374
2003-07-31,88.25,94.0,88.25,90.30000305175781,60.744144439697266,5557
2003-08-01,89.0999984741211,91.8499984741211,87.05000305175781,87.55000305175781,58.89423751831055,6678
2003-08-04,85.3499984741211,92.0,85.3499984741211,88.0,59.19694900512695,5211
2003-08-05,89.0,93.5,88.8499984741211,90.19999694824219,60.6768684387207,5719
2003-08-06,90.05000305175781,91.0,90.0,90.25,60.71051788330078,3060
2003-08-07,90.0,90.75,90.0,90.6500015258789,60.979591369628906,1590
2003-08-08,92.0,93.05000305175781,90.0,90.0999984741211,60.609596252441406,4407
2003-08-11,91.44999694824219,92.0,90.1500015258789,90.75,61.04684829711914,5868
2003-08-12,98.0,98.0,91.0,91.9000015258789,61.82046127319336,4395
2003-08-13,92.0,93.25,90.5,93.0,62.56040954589844,6446
2003-08-14,93.0,93.0,90.0,92.69999694824219,62.35859680175781,6229
2003-08-15,92.69999694824219,92.69999694824219,92.69999694824219,92.69999694824219,62.35859680175781,0
2003-08-18,91.0999984741211,93.0999984741211,91.0,93.0,62.56040954589844,16385
2003-08-19,90.0,93.0,90.0,92.30000305175781,62.08953094482422,10050
2003-08-20,90.55000305175781,91.80000305175781,89.0,89.25,60.03782653808594,5515
2003-08-21,91.0,91.0,89.0,89.8499984741211,60.441429138183594,8791
2003-08-22,88.0999984741211,90.0,86.5,87.4000015258789,58.7933349609375,18029
2003-08-25,86.55000305175781,87.5,85.5,85.5999984741211,57.582489013671875,16835
2003-08-26,85.1500015258789,88.0,85.1500015258789,87.3499984741211,58.759700775146484,1830
2003-08-27,87.5999984741211,89.0,83.0,87.1500015258789,58.625152587890625,11949
2003-08-28,87.9000015258789,89.25,85.6500015258789,88.05000305175781,59.23058319091797,1353
2003-08-29,86.30000305175781,89.0,86.30000305175781,88.5,59.533294677734375,4112
2003-09-01,86.0,90.0,86.0,88.69999694824219,59.66782760620117,5726
2003-09-02,86.1500015258789,89.75,86.1500015258789,89.69999694824219,60.34053039550781,3960
2003-09-03,89.1500015258789,92.0,89.1500015258789,89.25,60.03782653808594,3179
2003-09-04,87.05000305175781,89.94999694824219,87.05000305175781,88.69999694824219,59.66782760620117,3537
2003-09-05,89.0,89.25,88.0999984741211,88.3499984741211,59.432395935058594,2030
2003-09-08,92.5,96.0,90.05000305175781,92.0,61.887718200683594,25285
2003-09-09,92.5,94.5,89.5999984741211,91.55000305175781,61.58500289916992,9638
2003-09-10,90.0,91.5,89.0999984741211,90.4000015258789,60.81142044067383,1285
2003-09-11,90.5,90.5,89.0,89.75,60.3741569519043,3427
2003-09-12,90.0,90.4000015258789,87.5999984741211,90.0,60.5423469543457,4353
2003-09-15,89.75,89.75,87.5,89.4000015258789,60.13871383666992,1988
2003-09-16,89.0,89.0,87.0,87.19999694824219,58.65879821777344,2870
2003-09-17,89.69999694824219,89.75,88.19999694824219,88.19999694824219,59.33148956298828,1360
2003-09-18,85.5999984741211,89.0,85.5999984741211,87.0,58.52425003051758,3198
2003-09-19,87.5,88.5,86.0,86.5,58.18791961669922,1270
2003-09-22,86.05000305175781,88.5999984741211,86.0,88.19999694824219,59.33148956298828,1692
2003-09-23,88.0,90.0,86.5999984741211,90.0,60.5423469543457,1842
2003-09-24,87.0,88.0,86.0,87.5999984741211,58.927879333496094,1740
2003-09-25,88.0,90.0,87.44999694824219,88.9000015258789,59.80237579345703,3261
2003-09-26,89.25,90.0,88.25,89.5999984741211,60.27326202392578,1900
2003-09-29,94.5,95.0,92.6500015258789,93.80000305175781,63.098567962646484,6276
2003-09-30,94.3499984741211,95.80000305175781,92.1500015258789,93.5,62.896751403808594,5652
2003-10-01,94.4000015258789,95.4000015258789,93.5,93.5,62.896751403808594,4271
2003-10-02,93.5,93.5,93.5,93.5,62.896751403808594,0
2003-10-03,97.5,98.5,93.05000305175781,95.5,64.24215698242188,4196
2003-10-06,95.0,97.5,94.0999984741211,97.0,65.25118255615234,18336
2003-10-07,97.0,98.5,95.5,95.80000305175781,64.44395446777344,11671
2003-10-08,95.30000305175781,96.0,92.9000015258789,94.94999694824219,63.872161865234375,3626
2003-10-09,95.0,95.0,93.0999984741211,94.4000015258789,63.502174377441406,3909
2003-10-10,87.9000015258789,98.0,87.9000015258789,94.0,63.23310470581055,3211
2003-10-13,96.94999694824219,97.0,93.5,94.5999984741211,63.6367301940918,7264
2003-10-14,94.5,96.80000305175781,93.0,93.05000305175781,62.594051361083984,6466
2003-10-15,94.5,95.5,93.5,94.75,63.73762512207031,3875
2003-10-16,95.0,95.5,94.0,94.0999984741211,63.300384521484375,3044
2003-10-17,93.6500015258789,95.0,93.19999694824219,93.25,62.72858810424805,3753
2003-10-20,93.0,93.0,91.5999984741211,92.0,61.887718200683594,2768
2003-10-21,91.55000305175781,93.4000015258789,91.55000305175781,92.6500015258789,62.32497024536133,2422
2003-10-22,91.1500015258789,92.5,91.0,91.0999984741211,61.28227996826172,4220
2003-10-23,92.0,96.44999694824219,89.0,91.05000305175781,61.24867630004883,3255
2003-10-24,90.4000015258789,91.25,90.25,91.0,61.215030670166016,1201
2003-10-27,90.05000305175781,93.1500015258789,90.0,91.0999984741211,61.28227996826172,1132
2003-10-28,92.0,93.5,91.0,92.4000015258789,62.15680694580078,2777
2003-10-29,93.0999984741211,93.5999984741211,92.0,92.4000015258789,62.15680694580078,1983
2003-10-30,94.5999984741211,94.5999984741211,91.05000305175781,92.19999694824219,62.022274017333984,1707
2003-10-31,93.0,107.94999694824219,93.0,103.30000305175781,69.4891586303711,23359
2003-11-03,104.69999694824219,121.0,104.69999694824219,118.4000015258789,79.64681243896484,52633
2003-11-04,120.55000305175781,127.80000305175781,119.0,125.19999694824219,84.22111511230469,64315
2003-11-05,125.0,137.9499969482422,125.0,135.89999389648438,91.41891479492188,51789
2003-11-06,140.0,147.0,137.0,142.3000030517578,95.7241439819336,40176
2003-11-07,144.5,144.5,136.0,138.3000030517578,93.03337860107422,23712
2003-11-10,140.0,142.0,136.0,140.35000610351562,94.41239929199219,10640
2003-11-11,142.5,143.25,136.0,137.0500030517578,92.19254302978516,10553
2003-11-12,136.5,141.0,136.5,137.25,92.32707214355469,14017
2003-11-13,138.0,138.0,131.10000610351562,132.0500030517578,88.82904815673828,14671
2003-11-14,133.0,134.75,132.10000610351562,132.64999389648438,89.23267364501953,5601
2003-11-17,131.10000610351562,137.9499969482422,131.10000610351562,133.1999969482422,89.60265350341797,5421
2003-11-18,135.0,135.35000610351562,128.0,132.3000030517578,88.99723052978516,7600
2003-11-19,131.5,132.0,129.60000610351562,130.85000610351562,88.0218505859375,4048
2003-11-20,130.35000610351562,133.39999389648438,127.0,127.44999694824219,85.73466491699219,5184
2003-11-21,128.0,128.0,123.0,123.94999694824219,83.3802490234375,7021
2003-11-24,125.0999984741211,135.0,125.0999984741211,133.3000030517578,89.669921875,11035
2003-11-25,133.89999389648438,143.75,133.89999389648438,138.0,92.8315658569336,18108
2003-11-26,138.0,138.0,138.0,138.0,92.8315658569336,0
2003-11-27,138.0500030517578,144.0,136.0,142.75,96.02684783935547,11833
2003-11-28,144.0,147.5,142.60000610351562,144.35000610351562,97.10317993164062,18514
2003-12-01,146.0,146.39999389648438,142.10000610351562,144.35000610351562,97.10317993164062,12108
2003-12-02,142.5,145.0,141.0500030517578,142.25,95.69053649902344,6573
2003-12-03,149.1999969482422,149.75,144.5,145.75,98.04495239257812,15684
2003-12-04,145.5,148.0,142.8000030517578,144.9499969482422,97.50679016113281,6909
2003-12-05,145.0,145.0,138.1999969482422,140.3000030517578,94.37876892089844,12519
2003-12-08,144.8000030517578,145.89999389648438,142.75,143.89999389648438,96.80046844482422,10465
2003-12-09,145.0,149.0,144.0,144.89999389648438,97.47314453125,26548
2003-12-10,146.0,148.75,144.9499969482422,146.5,98.54945373535156,31162
2003-12-11,148.0,148.0,143.0,144.85000610351562,97.43952178955078,7197
2003-12-12,145.0,145.0,141.0,143.4499969482422,96.49775695800781,5046
2003-12-15,144.89999389648438,146.89999389648438,142.5,144.0,96.86773681640625,4666
2003-12-16,143.5,144.75,142.0500030517578,144.0500030517578,96.9013900756836,5645
2003-12-17,145.85000610351562,149.0,142.60000610351562,144.25,97.03590393066406,17261
2003-12-18,147.0,157.39999389648438,147.0,150.25,101.07205963134766,37681
2003-12-19,155.0,176.0,154.0,168.14999389648438,113.11326599121094,50581
2003-12-22,173.0500030517578,190.0,173.0500030517578,189.25,127.30708312988281,54400
2003-12-23,192.0,196.75,187.10000610351562,190.5500030517578,128.18157958984375,24550
2003-12-24,194.4499969482422,195.0,190.0,192.5500030517578,129.5269775390625,8619
2003-12-25,192.5500030517578,192.5500030517578,192.5500030517578,192.5500030517578,129.5269775390625,0
2003-12-26,192.0,195.89999389648438,190.0,190.39999389648438,128.0806427001953,13271
2003-12-29,194.0,194.0,185.0,186.9499969482422,125.75989532470703,4197
2003-12-30,185.25,192.0,175.0,186.1999969482422,125.25534057617188,36614
2003-12-31,185.5,191.25,185.5,190.0500030517578,127.8452377319336,13841
2004-01-01,189.0,192.8000030517578,189.0,190.8000030517578,128.34976196289062,14775
2004-01-02,190.0,193.89999389648438,188.25,192.10000610351562,129.22427368164062,8949
2004-01-05,190.0,192.0,185.0,190.1999969482422,127.94613647460938,15078
2004-01-06,188.0,190.0,185.10000610351562,186.9499969482422,125.75989532470703,12555
2004-01-07,182.5500030517578,188.89999389648438,182.0,185.89999389648438,125.05355834960938,9316
2004-01-08,187.5500030517578,188.0,182.75,186.0,125.12081909179688,4327
2004-01-09,190.0,195.0,183.0,184.64999389648438,124.21265411376953,7238
2004-01-12,182.0,184.0,181.0500030517578,182.4499969482422,122.7327651977539,2908
2004-01-13,180.0,182.5500030517578,179.14999389648438,181.0500030517578,121.7909927368164,4267
2004-01-14,178.0,183.0,170.25,181.0,121.75736999511719,5321
2004-01-15,180.0,183.0,173.75,176.0500030517578,118.42753601074219,8511
2004-01-16,177.0,180.9499969482422,173.0,174.0,117.04850006103516,6271
2004-01-19,172.0,178.1999969482422,170.0,170.60000610351562,114.7613525390625,4847
2004-01-20,202.0,204.75,185.25,190.35000610351562,128.04702758789062,46961
2004-01-21,196.6999969482422,202.85000610351562,177.0500030517578,179.5,120.7483139038086,46853
2004-01-22,182.0,200.0,174.0,176.14999389648438,118.49481201171875,8664
2004-01-23,178.0,184.0,174.0,182.14999389648438,122.53097534179688,5479
2004-01-26,182.14999389648438,182.14999389648438,182.14999389648438,182.14999389648438,122.53097534179688,0
2004-01-27,200.0,200.0,181.25,189.14999389648438,127.23981475830078,11739
2004-01-28,190.0,190.0,179.0,180.0,121.0846939086914,7174
2004-01-29,180.0,183.0,178.5,179.5,120.7483139038086,2243
2004-01-30,180.0,182.0,175.0,175.3000030517578,117.92303466796875,1573
2004-02-02,175.3000030517578,175.3000030517578,175.3000030517578,175.3000030517578,117.92303466796875,0
2004-02-03,170.0,176.60000610351562,170.0,170.9499969482422,114.99678039550781,5842
2004-02-04,170.9499969482422,174.85000610351562,170.0,172.14999389648438,115.80403137207031,4044
2004-02-05,171.25,174.1999969482422,170.60000610351562,172.3000030517578,115.90494537353516,2328
2004-02-06,173.0,176.0,171.5,173.75,116.8803482055664,5836
2004-02-09,165.10000610351562,177.75,146.0,174.9499969482422,117.68758392333984,14574
2004-02-10,174.0,175.0,170.0,174.64999389648438,117.48574829101562,3785
2004-02-11,173.75,175.89999389648438,173.75,174.0,117.04850006103516,9949
2004-02-12,175.0,178.0,173.8000030517578,175.0,117.7212142944336,7101
2004-02-13,175.0,177.5,173.0,177.10000610351562,119.13387298583984,3137
2004-02-16,172.0,182.5,172.0,177.6999969482422,119.53748321533203,1615
2004-02-17,178.0,180.0,171.10000610351562,175.25,117.88937377929688,5675
2004-02-18,174.5,175.0,172.6999969482422,173.0500030517578,116.4094467163086,4228
2004-02-19,172.0,174.89999389648438,172.0,172.6999969482422,116.17400360107422,886
2004-02-20,170.14999389648438,173.0,168.0,169.5500030517578,114.05503845214844,2339
2004-02-23,170.0,170.10000610351562,165.0,169.4499969482422,113.98778533935547,5751
2004-02-24,167.0,171.8000030517578,163.35000610351562,165.89999389648438,111.59969329833984,1633
2004-02-25,162.0500030517578,165.5,161.0,163.10000610351562,109.71617126464844,1450
2004-02-26,165.0,165.0,160.0,160.89999389648438,108.23623657226562,2862
2004-02-27,160.0,160.25,155.25,157.8000030517578,106.1509017944336,4584
2004-03-01,154.39999389648438,160.9499969482422,154.0,158.35000610351562,106.5208740234375,1854
2004-03-02,158.35000610351562,158.35000610351562,158.35000610351562,158.35000610351562,106.5208740234375,0
2004-03-03,155.0,159.1999969482422,152.0500030517578,153.9499969482422,103.56104278564453,4000
2004-03-04,152.0,154.0,150.0,154.0,103.59465789794922,5556
2004-03-05,151.60000610351562,156.5,151.60000610351562,156.25,105.10823822021484,2105
2004-03-08,143.60000610351562,156.9499969482422,143.5,156.8000030517578,105.47819519042969,1200
2004-03-09,154.5500030517578,158.89999389648438,154.0,155.5500030517578,104.63734436035156,3781
2004-03-10,154.0500030517578,158.9499969482422,153.0,153.3000030517578,103.12378692626953,2935
2004-03-11,144.0,155.0,144.0,151.3000030517578,101.77838897705078,8026
2004-03-12,155.0,159.5500030517578,150.0,150.8000030517578,101.44204711914062,7439
2004-03-15,152.0,152.0,148.75,149.39999389648438,100.50025177001953,1580
2004-03-16,136.0500030517578,149.85000610351562,136.0500030517578,146.0,98.21311950683594,573
2004-03-17,149.89999389648438,151.0,146.5,148.0,99.55851745605469,1560
2004-03-18,145.0,147.0,143.0,143.14999389648438,96.29592895507812,771
2004-03-19,142.5,143.5,135.5500030517578,136.4499969482422,91.78889465332031,2856
2004-03-22,140.0,144.89999389648438,140.0,142.10000610351562,95.58961486816406,2963
2004-03-23,140.0,147.0,140.0,142.75,96.02684783935547,2718
2004-03-24,145.60000610351562,146.5,145.0,145.4499969482422,97.84312438964844,1612
2004-03-25,145.10000610351562,146.0,142.75,144.35000610351562,97.10317993164062,600
2004-03-26,145.14999389648438,145.14999389648438,143.5,143.5,96.53140258789062,3112
2004-03-29,146.0,146.0,144.1999969482422,145.0,97.54045104980469,331
2004-03-30,146.0,150.0,144.35000610351562,146.0,98.21311950683594,634
2004-03-31,140.89999389648438,148.0,140.89999389648438,143.75,96.69955444335938,982
2004-04-01,145.5,147.0,145.0,145.0,97.54045104980469,252
2004-04-02,143.0500030517578,146.8000030517578,142.25,143.3000030517578,96.39685821533203,577
2004-04-05,141.25,147.0,140.6999969482422,147.0,98.88581848144531,898
2004-04-06,143.64999389648438,150.0,143.64999389648438,148.9499969482422,100.19757080078125,9711
2004-04-07,144.0,147.10000610351562,143.75,145.25,97.70860290527344,770
2004-04-08,142.0500030517578,146.6999969482422,142.0,143.25,96.36320495605469,1218
2004-04-09,143.25,143.25,143.25,143.25,96.36320495605469,0
2004-04-12,145.0,145.0,142.5,143.89999389648438,96.80046844482422,2244
2004-04-13,142.10000610351562,144.0,141.35000610351562,143.10000610351562,96.2623062133789,4580
2004-04-14,143.10000610351562,143.10000610351562,143.10000610351562,143.10000610351562,96.2623062133789,0
2004-04-15,141.5,143.5,141.1999969482422,142.5,95.85870361328125,2566
2004-04-16,142.5,146.0,139.5,140.3000030517578,94.37876892089844,3301
2004-04-19,140.6999969482422,143.0,139.9499969482422,140.0,94.17696380615234,10067
2004-04-20,139.89999389648438,140.0,137.3000030517578,139.89999389648438,94.10968780517578,2195
2004-04-21,137.64999389648438,140.0,137.60000610351562,139.35000610351562,93.73973083496094,2640
2004-04-22,142.10000610351562,142.10000610351562,140.0,140.85000610351562,94.7487564086914,1107
2004-04-23,140.10000610351562,143.0,138.14999389648438,140.10000610351562,94.2442398071289,11712
2004-04-27,135.0,139.9499969482422,130.0,136.5,91.8225326538086,1585
2004-04-28,136.0,138.0,136.0,138.0,92.8315658569336,675
2004-04-29,135.25,135.25,135.25,135.25,90.9816665649414,100
2004-04-30,135.0,138.85000610351562,135.0,138.85000610351562,93.40337371826172,825
2004-05-03,135.0,138.8000030517578,131.0,134.0,90.14082336425781,1379
2004-05-04,135.0,137.0,135.0,137.0,92.15889739990234,285
2004-05-05,136.89999389648438,138.0,135.0,135.0,90.8134994506836,1018
2004-05-06,132.0,137.85000610351562,132.0,136.10000610351562,91.553466796875,3432
2004-05-07,136.0,138.14999389648438,134.0,138.10000610351562,92.89884185791016,2588
2004-05-10,135.10000610351562,139.89999389648438,135.10000610351562,139.89999389648438,94.10968780517578,1690
2004-05-11,136.0500030517578,136.75,135.10000610351562,136.0500030517578,91.51985168457031,3168
2004-05-12,135.10000610351562,136.75,135.10000610351562,136.75,91.9906997680664,590
2004-05-13,135.0,135.3000030517578,135.0,135.3000030517578,91.01530456542969,300
2004-05-14,135.0,135.0,130.0,130.0,87.4500503540039,3095
2004-05-17,114.0,125.6500015258789,112.0,115.3499984741211,77.59508514404297,2016
2004-05-18,120.25,129.0,120.25,128.85000610351562,86.67644500732422,544
2004-05-19,125.0,129.60000610351562,123.25,125.9000015258789,84.69200134277344,2727
2004-05-20,125.0,134.0,125.0,133.6999969482422,89.93900299072266,3180
2004-05-21,125.19999694824219,132.35000610351562,125.0999984741211,127.30000305175781,85.6337661743164,3906
2004-05-24,130.0,132.0,124.0,126.6500015258789,85.19651794433594,9073
2004-05-25,130.5500030517578,131.0,126.25,127.4000015258789,85.70103454589844,4421
2004-05-26,127.0,130.6999969482422,127.0,127.25,85.60015106201172,154
2004-05-27,122.0,127.44999694824219,122.0,126.94999694824219,85.39832305908203,570
2004-05-28,122.25,123.55000305175781,120.0999984741211,122.1500015258789,82.16939544677734,1075
2004-05-31,111.25,119.6500015258789,111.25,115.0999984741211,77.42691802978516,2504
2004-06-01,115.0,115.0,112.80000305175781,113.80000305175781,76.55242156982422,3274
2004-06-02,117.75,118.44999694824219,114.05000305175781,118.44999694824219,79.68043518066406,700
2004-06-03,118.44999694824219,118.44999694824219,118.44999694824219,118.44999694824219,79.68043518066406,0
2004-06-04,120.0,120.0,113.30000305175781,117.30000305175781,78.9068374633789,505
2004-06-07,120.6500015258789,120.80000305175781,118.0,118.0,79.37773895263672,616
2004-06-08,115.0,119.8499984741211,115.0,116.55000305175781,78.40233612060547,457
2004-06-09,113.0,120.0,113.0,114.0,76.68694305419922,1878
2004-06-10,113.5,113.5,113.30000305175781,113.5,76.3506088256836,300
2004-06-11,117.94999694824219,117.94999694824219,112.19999694824219,113.0,76.0142593383789,553
2004-06-14,110.0,110.1500015258789,105.0,110.05000305175781,74.02981567382812,390
2004-06-15,114.0,114.0,110.0,110.44999694824219,74.29888916015625,7076
2004-06-16,110.0,110.0,109.5,110.0,73.99617767333984,1644
2004-06-17,110.0,112.0,107.19999694824219,111.8499984741211,75.24066925048828,102
2004-06-18,116.05000305175781,116.05000305175781,115.0,115.19999694824219,77.49420166015625,100
2004-06-21,135.4499969482422,138.25,115.05000305175781,127.80000305175781,85.9701156616211,25479
2004-06-22,130.0,141.0,130.0,135.5,91.14985656738281,35343
2004-06-23,132.10000610351562,136.8000030517578,127.19999694824219,128.5500030517578,86.47463989257812,10821
2004-06-24,118.0,125.0,118.0,120.94999694824219,81.3621826171875,3376
2004-06-25,119.80000305175781,125.0,119.80000305175781,124.1500015258789,83.51478576660156,2927
2004-06-28,129.85000610351562,129.85000610351562,126.0999984741211,128.10000610351562,86.17192840576172,5038
2004-06-29,126.69999694824219,129.0,125.0,127.0,85.43196868896484,2831
2004-06-30,126.05000305175781,135.0,126.05000305175781,129.0,86.77734375,1936
2004-07-01,134.9499969482422,134.9499969482422,128.5,129.14999389648438,86.87825775146484,1876
2004-07-02,130.0,132.0,129.0,130.14999389648438,87.55093383789062,1398
2004-07-05,132.0,134.0,129.0,133.25,89.63629913330078,3371
2004-07-06,132.0,134.8000030517578,132.0,132.60000610351562,89.19904327392578,5488
2004-07-07,134.0,135.0,132.3000030517578,133.75,89.9726333618164,5047
2004-07-08,134.89999389648438,137.0,122.0,132.5,89.13175964355469,4720
2004-07-09,129.0,130.89999389648438,126.0,130.6999969482422,87.9209213256836,2775
2004-07-12,130.0,137.85000610351562,130.0,136.14999389648438,91.58709716796875,2251
2004-07-13,130.0,137.5,130.0,137.5,92.49522399902344,2616
2004-07-14,133.0,138.0,133.0,137.0,92.15889739990234,1926
2004-07-15,138.0,138.0,133.89999389648438,134.4499969482422,91.78340911865234,1817
2004-07-16,136.5,136.5,134.0,134.0,91.47624206542969,710
2004-07-19,137.10000610351562,138.10000610351562,130.0,134.75,91.98823547363281,2700
2004-07-20,133.0,135.89999389648438,133.0,135.0,92.15888214111328,1598
2004-07-21,133.0,135.0,132.25,134.60000610351562,91.88582611083984,1399
2004-07-22,137.25,137.25,131.0,132.25,90.2815933227539,4558
2004-07-23,134.89999389648438,134.89999389648438,132.0,132.60000610351562,90.52051544189453,500
2004-07-26,130.60000610351562,131.10000610351562,130.5,131.0500030517578,89.46238708496094,730
2004-07-27,130.0,131.0,126.19999694824219,128.14999389648438,87.4826889038086,4802
2004-07-28,125.75,128.5,125.75,127.5,87.03895568847656,860
2004-07-29,125.05000305175781,126.9000015258789,125.05000305175781,125.6500015258789,85.77604675292969,919
2004-07-30,128.0,134.0,127.0,127.69999694824219,87.17546844482422,1483
2004-08-02,138.0,150.0,130.3000030517578,134.4499969482422,91.78340911865234,3333
2004-08-03,129.0,133.0,126.05000305175781,127.94999694824219,87.34614562988281,3241
2004-08-04,129.0,129.0,126.55000305175781,127.44999694824219,87.00481414794922,1330
2004-08-05,127.55000305175781,128.0,127.55000305175781,127.94999694824219,87.34614562988281,1151
2004-08-06,130.0,130.0,126.55000305175781,126.75,86.52696228027344,660
2004-08-09,128.0,132.4499969482422,126.0,129.10000610351562,88.1312255859375,2911
2004-08-10,132.25,136.4499969482422,130.10000610351562,133.8000030517578,91.33971405029297,3654
2004-08-11,131.0500030517578,135.0,130.3000030517578,131.10000610351562,89.49652099609375,3237
2004-08-12,128.4499969482422,131.8000030517578,128.35000610351562,128.89999389648438,87.99465942382812,450
2004-08-13,128.4499969482422,133.9499969482422,128.4499969482422,132.8000030517578,90.65702056884766,1877
2004-08-16,131.0,131.0,129.0,129.1999969482422,88.19947814941406,8139
2004-08-17,129.0,132.75,125.0,128.5500030517578,87.75574493408203,2561
2004-08-18,129.0,131.64999389648438,128.0,128.1999969482422,87.51681518554688,1687
2004-08-19,128.0,129.10000610351562,128.0,129.10000610351562,88.1312255859375,220
2004-08-20,129.3000030517578,129.3000030517578,125.0999984741211,125.44999694824219,85.63949584960938,786
2004-08-23,125.0999984741211,130.6999969482422,125.0,126.6500015258789,86.45868682861328,1272
2004-08-24,125.4000015258789,128.1999969482422,125.0,125.4000015258789,85.60537719726562,632
2004-08-25,124.0,128.0,124.0,126.0,86.01496124267578,677
2004-08-26,127.0,130.0,127.0,128.0,87.3802719116211,2753
2004-08-27,129.89999389648438,130.0,126.44999694824219,127.6500015258789,87.141357421875,2545
2004-08-30,130.0,130.0,126.55000305175781,130.0,88.74560546875,5889
2004-08-31,130.0,131.1999969482422,128.0,130.85000610351562,89.32587432861328,12240
2004-09-01,131.0,137.0,131.0,134.1999969482422,91.6127700805664,2967
2004-09-02,133.75,133.75,130.0500030517578,131.60000610351562,89.8378677368164,2710
2004-09-03,130.0,132.0,130.0,130.64999389648438,89.18932342529297,2675
2004-09-06,134.0,134.0,131.0,133.5,91.1348876953125,1515
2004-09-07,130.14999389648438,132.8000030517578,130.14999389648438,132.5500030517578,90.48637390136719,1851
2004-09-08,158.0,158.0,140.0,149.25,101.88676452636719,81678
2004-09-09,153.75,155.75,150.10000610351562,151.0,103.0814208984375,51586
2004-09-10,152.0,154.0,147.60000610351562,151.35000610351562,103.32034301757812,9121
2004-09-13,152.9499969482422,152.9499969482422,144.3000030517578,147.3000030517578,100.55558776855469,5464
2004-09-14,147.0,147.0,145.0,145.1999969482422,99.12200927734375,3242
2004-09-15,144.9499969482422,147.0,140.10000610351562,141.14999389648438,96.35721588134766,3208
2004-09-16,140.14999389648438,145.0,140.14999389648438,143.85000610351562,98.20043182373047,1556
2004-09-17,145.0,145.0,142.0500030517578,143.5500030517578,97.99562072753906,1118
2004-09-20,141.5,144.0,141.5,143.3000030517578,97.82496643066406,1443
2004-09-21,140.5500030517578,143.5500030517578,140.0,140.5500030517578,95.94764709472656,1728
2004-09-22,142.9499969482422,142.9499969482422,138.0,141.25,96.42549133300781,3137
2004-09-23,144.0,147.75,140.0,145.0500030517578,99.01959991455078,7941
2004-09-24,149.0,149.0,143.39999389648438,143.6999969482422,98.09801483154297,2217
2004-09-27,147.0,147.10000610351562,140.5,141.89999389648438,96.86922454833984,4041
2004-09-28,141.5500030517578,144.75,141.0,141.89999389648438,96.86922454833984,1778
2004-09-29,147.0,147.0,140.0,143.0500030517578,97.654296875,3325
2004-09-30,140.0500030517578,144.0,138.60000610351562,139.89999389648438,95.50390625,7326
2004-10-01,140.0,141.60000610351562,139.0500030517578,141.25,96.42549133300781,2000
2004-10-04,142.0,143.0,132.25,139.4499969482422,95.19670867919922,2605
2004-10-05,137.64999389648438,141.89999389648438,137.0,139.10000610351562,94.9577865600586,6324
2004-10-06,139.0,139.0,135.10000610351562,136.5500030517578,93.21700286865234,3081
2004-10-07,136.0,137.5,134.10000610351562,135.35000610351562,92.3978271484375,2421
2004-10-08,135.35000610351562,162.0,134.0,153.39999389648438,104.71979522705078,36225
2004-10-11,155.75,155.75,145.0,145.85000610351562,99.56572723388672,2355
2004-10-12,144.25,145.89999389648438,139.0500030517578,140.8000030517578,96.11833190917969,2434
2004-10-14,140.0,144.85000610351562,140.0,140.25,95.74284362792969,2403
2004-10-15,135.0,145.60000610351562,135.0,141.64999389648438,96.69855499267578,1525
2004-10-18,140.14999389648438,146.0,140.14999389648438,141.3000030517578,96.45962524414062,2574
2004-10-19,141.0,143.0,140.60000610351562,141.8000030517578,96.80095672607422,1970
2004-10-20,140.25,148.0,140.25,146.0500030517578,99.70227813720703,4016
2004-10-21,142.0,143.0,137.0,137.39999389648438,93.7972640991211,3818
2004-10-22,137.39999389648438,137.39999389648438,137.39999389648438,137.39999389648438,93.7972640991211,0
2004-10-25,140.25,140.25,135.0,135.25,92.32955169677734,2571
2004-10-26,137.5,139.0,134.39999389648438,134.64999389648438,91.91996765136719,2477
2004-10-27,136.89999389648438,140.89999389648438,134.60000610351562,135.35000610351562,92.3978271484375,4082
2004-10-28,134.0,138.9499969482422,134.0,137.1999969482422,93.66072845458984,2316
2004-10-29,140.0,140.0,136.0,136.39999389648438,93.11459350585938,3188
2004-11-01,140.0,140.0,135.60000610351562,136.0,92.84156036376953,4174
2004-11-02,133.5,138.60000610351562,133.5,135.0,92.15888214111328,3270
2004-11-03,137.75,137.75,134.25,135.0,92.15888214111328,3875
2004-11-04,138.64999389648438,138.64999389648438,134.64999389648438,135.4499969482422,92.46609497070312,7106
2004-11-05,138.4499969482422,138.5,134.5,136.89999389648438,93.45594787597656,2692
2004-11-08,137.10000610351562,138.0,135.1999969482422,135.75,92.6708755493164,1608
2004-11-09,137.0,139.5,134.6999969482422,137.85000610351562,94.10448455810547,18709
2004-11-10,138.9499969482422,140.89999389648438,136.3000030517578,138.39999389648438,94.47993469238281,6529
2004-11-11,138.75,140.0,138.4499969482422,138.5,94.5481948852539,9850
2004-11-12,140.0,142.0,137.5,139.0,94.8895263671875,2826
2004-11-15,139.0,139.0,139.0,139.0,94.8895263671875,0
2004-11-16,140.0,142.25,138.5,141.9499969482422,96.90337371826172,8901
2004-11-17,142.0,145.9499969482422,142.0,142.6999969482422,97.41535186767578,27610
2004-11-18,144.0,146.25,142.0,142.6999969482422,97.41535186767578,5940
2004-11-19,143.0,143.0,140.0500030517578,140.25,95.74284362792969,6305
2004-11-22,137.5,142.9499969482422,137.5,140.14999389648438,95.67460632324219,2521
2004-11-23,142.0,143.60000610351562,140.0,141.0,96.25484466552734,3228
2004-11-24,140.0,143.0,140.0,140.25,95.74284362792969,1770
2004-11-25,139.5,144.5,139.14999389648438,142.5500030517578,97.3129653930664,4539
2004-11-26,142.5500030517578,142.5500030517578,142.5500030517578,142.5500030517578,97.3129653930664,0
2004-11-29,143.14999389648438,158.89999389648438,141.0,155.5500030517578,106.1875228881836,95784
2004-11-30,158.3000030517578,162.39999389648438,150.5500030517578,158.3000030517578,108.06484985351562,73955
2004-12-01,165.64999389648438,166.75,153.0,156.6999969482422,106.97257995605469,82957
2004-12-02,159.0,161.5,156.10000610351562,157.85000610351562,107.75765991210938,22556
2004-12-03,158.85000610351562,158.89999389648438,153.0,153.64999389648438,104.89046478271484,8566
2004-12-06,150.0,153.6999969482422,150.0,152.9499969482422,104.41259765625,8101
2004-12-07,157.9499969482422,157.9499969482422,151.5500030517578,152.64999389648438,104.20779418945312,7356
2004-12-08,145.85000610351562,154.0,145.85000610351562,150.5,102.7400894165039,5263
2004-12-09,150.0,152.39999389648438,148.5500030517578,151.35000610351562,103.32034301757812,4214
2004-12-10,153.0,181.64999389648438,153.0,179.0,122.19588470458984,185936
2004-12-13,185.0500030517578,191.89999389648438,181.0,182.89999389648438,124.85823059082031,131105
2004-12-14,176.0,184.39999389648438,176.0,177.60000610351562,121.24012756347656,45814
2004-12-15,155.10000610351562,180.0,155.10000610351562,175.3000030517578,119.6700439453125,19441
2004-12-16,173.0,179.0,170.14999389648438,172.39999389648438,117.69031524658203,15497
2004-12-17,177.5,180.0,170.0500030517578,172.4499969482422,117.72444915771484,16451
2004-12-20,181.0,187.75,177.4499969482422,178.35000610351562,121.75215148925781,38673
2004-12-21,182.85000610351562,182.85000610351562,173.0,174.5500030517578,119.15804290771484,11302
2004-12-22,180.0,180.0,171.1999969482422,173.85000610351562,118.68016815185547,5695
2004-12-23,174.0500030517578,175.0,171.3000030517578,172.0,117.417236328125,4277
2004-12-24,175.0,175.5,170.1999969482422,171.14999389648438,116.83699798583984,7450
2004-12-27,175.0,176.0,170.35000610351562,170.9499969482422,116.700439453125,11485
2004-12-28,172.5,174.0,170.0,173.10000610351562,118.168212890625,14280
2004-12-29,171.10000610351562,173.89999389648438,168.10000610351562,169.25,115.53995513916016,4108
2004-12-30,166.0500030517578,170.0,165.0,169.5500030517578,115.74474334716797,13582
2004-12-31,173.0,173.0,168.0,168.1999969482422,114.8231430053711,2793
2005-01-03,172.75,172.75,162.5,167.35000610351562,114.24288940429688,2170
2005-01-04,169.5,178.0,165.64999389648438,171.0500030517578,116.76873016357422,9368
2005-01-05,173.0,173.0,160.10000610351562,161.64999389648438,110.35173797607422,5859
2005-01-06,160.0,162.0,152.0,157.6999969482422,107.65523529052734,8306
2005-01-07,157.0,163.9499969482422,155.3000030517578,160.25,109.3960189819336,1686
2005-01-10,158.3000030517578,161.25,155.0,156.25,106.66539764404297,4643
2005-01-11,153.60000610351562,156.85000610351562,151.5,152.6999969482422,104.24195098876953,3817
2005-01-12,151.14999389648438,154.89999389648438,145.3000030517578,150.89999389648438,103.0131607055664,4434
2005-01-13,152.0,164.0,151.0,159.14999389648438,108.64511108398438,6581
2005-01-14,157.0,173.5,155.0,168.8000030517578,115.2327651977539,27426
2005-01-17,169.89999389648438,173.0,161.64999389648438,163.85000610351562,111.85359191894531,7547
2005-01-18,167.60000610351562,169.5,164.1999969482422,166.10000610351562,113.38956451416016,6350
2005-01-19,160.0,166.89999389648438,160.0,164.60000610351562,112.36558532714844,6549
2005-01-20,160.25,162.89999389648438,158.10000610351562,160.85000610351562,109.80559539794922,1584
2005-01-24,161.0,162.75,158.6999969482422,159.60000610351562,108.95226287841797,2242
2005-01-25,152.0,159.39999389648438,152.0,158.0,107.86002349853516,1391
2005-01-27,165.0,165.0,157.5,157.5,107.51868438720703,888
2005-01-28,157.0,161.0,156.0,159.64999389648438,108.98639678955078,3216
2005-01-31,156.39999389648438,158.5500030517578,154.0,157.9499969482422,107.82588195800781,2618
2005-02-01,158.0,162.0,156.25,157.6999969482422,107.65523529052734,3237
2005-02-02,156.35000610351562,161.5,154.0,156.64999389648438,106.93843078613281,11017
2005-02-03,154.10000610351562,160.0,154.0500030517578,158.89999389648438,108.47441864013672,7712
2005-02-04,165.0,165.0,158.89999389648438,161.14999389648438,110.0103988647461,5470
2005-02-07,160.0,165.0,159.0500030517578,159.39999389648438,108.81575012207031,2704
2005-02-08,162.0,170.0,162.0,166.3000030517578,113.52609252929688,23461
2005-02-09,167.5,176.0,166.5,171.0500030517578,116.76873016357422,22050
2005-02-10,173.0,177.60000610351562,171.64999389648438,174.85000610351562,119.36283111572266,22473
2005-02-11,175.0,176.0,172.0,173.25,118.27055358886719,11326
2005-02-14,162.0,176.5,162.0,171.10000610351562,116.80286407470703,7734
2005-02-15,171.10000610351562,176.0,171.0,175.0500030517578,119.49935150146484,27386
2005-02-16,176.0,179.0,167.0,168.9499969482422,115.33514404296875,22324
2005-02-17,172.89999389648438,172.89999389648438,164.8000030517578,166.5500030517578,113.69676208496094,5130
2005-02-18,175.39999389648438,175.5,168.0500030517578,171.25,116.9052505493164,16896
2005-02-21,178.5500030517578,178.5500030517578,171.64999389648438,172.35000610351562,117.65620422363281,13939
2005-02-22,173.0,176.9499969482422,170.75,174.75,119.2945556640625,27082
2005-02-23,174.5,175.89999389648438,171.1999969482422,172.1999969482422,117.55379486083984,14078
2005-02-24,175.0,176.10000610351562,170.5,171.0500030517578,116.76873016357422,7465
2005-02-25,174.0,174.0,166.3000030517578,168.6999969482422,115.16448211669922,5390
2005-02-28,172.89999389648438,172.89999389648438,167.0500030517578,168.14999389648438,114.78902435302734,3138
2005-03-01,164.5,169.4499969482422,164.14999389648438,166.0500030517578,113.35545349121094,2174
2005-03-02,169.64999389648438,170.0,163.0500030517578,164.14999389648438,112.05838775634766,7209
2005-03-03,166.8000030517578,169.5,166.0,167.9499969482422,114.6524887084961,7345
2005-03-04,170.0,200.0,166.0,193.10000610351562,131.82135009765625,161051
2005-03-07,200.0,231.75,200.0,219.1999969482422,149.63873291015625,292723
2005-03-08,235.0,235.0,202.0,217.89999389648438,148.7512969970703,106810
2005-03-09,218.0,222.89999389648438,204.0,206.5,140.96896362304688,28202
2005-03-10,202.0500030517578,247.8000030517578,202.0500030517578,226.25,154.4514617919922,329774
2005-03-11,234.89999389648438,234.89999389648438,211.0500030517578,214.1999969482422,146.2254180908203,84558
2005-03-14,217.39999389648438,217.39999389648438,205.0,206.6999969482422,141.10549926757812,23496
2005-03-15,210.0,210.0,200.0,202.0,137.89698791503906,24504
2005-03-16,209.5,215.0,202.0,203.10000610351562,138.64794921875,18843
2005-03-17,203.89999389648438,203.89999389648438,194.0,198.0500030517578,135.20050048828125,20554
2005-03-18,198.85000610351562,205.9499969482422,190.25,193.10000610351562,131.82135009765625,36640
2005-03-21,198.0,198.0,190.10000610351562,191.39999389648438,130.66082763671875,9642
2005-03-22,198.89999389648438,198.89999389648438,185.0,186.89999389648438,127.58885955810547,14242
2005-03-23,187.5,187.5,180.0,181.85000610351562,124.1414566040039,10895
2005-03-24,183.0,186.0,177.0,184.5500030517578,125.984619140625,7184
2005-03-28,184.0,184.0,178.0,181.6999969482422,124.03903198242188,7924
2005-03-29,180.10000610351562,185.0,175.0,175.5,119.80656433105469,8533
2005-03-30,180.0,181.0,176.10000610351562,180.5500030517578,123.25399780273438,3572
2005-03-31,183.6999969482422,188.0,180.0,184.5500030517578,125.984619140625,8865
2005-04-01,189.39999389648438,189.6999969482422,182.75,188.6999969482422,128.81765747070312,3368
2005-04-04,200.0,200.0,185.10000610351562,186.1999969482422,127.1109848022461,5124
2005-04-05,198.0,198.0,185.0,187.64999389648438,128.10084533691406,1229
2005-04-06,183.60000610351562,186.0,178.0,183.0500030517578,124.96063995361328,4679
2005-04-07,181.5,188.0,180.0500030517578,187.64999389648438,128.10084533691406,22002
2005-04-08,187.0,203.89999389648438,186.39999389648438,194.35000610351562,132.67466735839844,23141
2005-04-11,198.0,204.0,197.0,199.10000610351562,135.91726684570312,24211
2005-04-12,200.5,202.0,196.0,198.35000610351562,135.4053192138672,6061
2005-04-13,201.9499969482422,202.0,195.0,195.35000610351562,133.3573455810547,3035
2005-04-15,189.10000610351562,195.0,183.0,185.64999389648438,126.73552703857422,8530
2005-04-18,183.5,192.0,182.5,190.0,129.70509338378906,6382
2005-04-19,189.0,204.5,188.0,189.4499969482422,129.3296356201172,40295
2005-04-20,191.0,194.5,187.0,188.60000610351562,128.74942016601562,8276
2005-04-21,190.0,190.8000030517578,188.0,188.89999389648438,128.9541473388672,7034
2005-04-22,193.0,193.0,190.0,190.8000030517578,130.25123596191406,2272
2005-04-25,190.0,192.0,188.10000610351562,189.64999389648438,129.46617126464844,2248
2005-04-26,189.0,191.89999389648438,189.0,189.39999389648438,129.29550170898438,2461
2005-04-27,187.8000030517578,191.9499969482422,187.8000030517578,189.1999969482422,129.15899658203125,2221
2005-04-28,187.10000610351562,189.64999389648438,187.0,188.39999389648438,128.6128387451172,2938
2005-04-29,188.0500030517578,188.0500030517578,181.14999389648438,182.5,124.58515930175781,5913
2005-05-02,185.0,185.60000610351562,181.3000030517578,182.3000030517578,124.4486312866211,4428
2005-05-03,181.0500030517578,188.0,181.0500030517578,183.64999389648438,125.37020111083984,7125
2005-05-04,184.14999389648438,186.5,182.0,182.89999389648438,124.85823059082031,3214
2005-05-05,186.4499969482422,186.4499969482422,182.0,182.35000610351562,124.48278045654297,5690
2005-05-06,181.5,184.0,180.0,183.25,125.09715270996094,6212
2005-05-09,188.0,202.25,185.5,196.4499969482422,134.10826110839844,32777
2005-05-10,202.0,202.0,189.0,191.3000030517578,130.5925750732422,61322
2005-05-11,186.0,193.9499969482422,186.0,190.89999389648438,130.31947326660156,8147
2005-05-12,196.8000030517578,199.14999389648438,189.0500030517578,198.10000610351562,135.23463439941406,10711
2005-05-13,199.89999389648438,199.9499969482422,195.0,196.9499969482422,134.4495849609375,2715
2005-05-16,193.14999389648438,200.0,193.14999389648438,196.75,134.3130340576172,6500
2005-05-17,191.25,199.0,191.25,195.0500030517578,133.1525115966797,4070
2005-05-18,192.0,199.6999969482422,192.0,197.3000030517578,134.68850708007812,4400
2005-05-19,182.25,205.0,182.25,201.75,137.7263641357422,26398
2005-05-20,203.4499969482422,219.0,203.4499969482422,216.0500030517578,147.48834228515625,33793
2005-05-23,217.0,221.5,216.0,220.0500030517578,150.21897888183594,26131
2005-05-24,220.8000030517578,223.0,214.0,215.3000030517578,146.97633361816406,19807
2005-05-25,213.25,215.0,211.0,212.3000030517578,144.92837524414062,3311
2005-05-26,207.0,210.0,207.0,208.75,142.5049285888672,5723
2005-05-27,212.0,212.0,202.0,203.5,138.9210205078125,5951
2005-05-30,206.0,209.39999389648438,202.0,203.25,138.7503204345703,3007
2005-05-31,205.0,207.39999389648438,202.5500030517578,206.8000030517578,141.1737823486328,3071
2005-06-01,205.25,211.0,205.14999389648438,205.75,140.45697021484375,3574
2005-06-02,208.75,209.75,204.0,206.5,140.96896362304688,10026
2005-06-03,212.5,223.0,211.0,214.6999969482422,146.56675720214844,51221
2005-06-06,210.0,217.0,210.0,211.64999389648438,144.484619140625,6111
2005-06-07,210.5,216.0,210.0,210.39999389648438,143.63131713867188,9530
2005-06-08,212.0,215.0,210.25,212.3000030517578,144.92837524414062,16410
2005-06-09,214.0,214.89999389648438,210.10000610351562,212.5,145.06492614746094,5103
2005-06-10,212.0,215.0,210.5,211.60000610351562,144.45053100585938,7713
2005-06-13,213.0,225.0,212.0,218.5,149.16087341308594,24796
2005-06-14,223.39999389648438,223.4499969482422,211.25,215.1999969482422,146.90809631347656,11096
2005-06-15,218.0,218.0,213.10000610351562,216.39999389648438,147.72727966308594,6011
2005-06-16,216.0,217.0,212.0,214.10000610351562,146.15716552734375,4917
2005-06-17,215.0,215.0,208.0,213.6999969482422,145.8841094970703,13466
2005-06-20,212.5,215.0,209.10000610351562,210.85000610351562,143.93853759765625,6499
2005-06-21,212.85000610351562,215.9499969482422,208.75,213.9499969482422,146.05479431152344,7262
2005-06-22,216.9499969482422,216.9499969482422,209.0,209.89999389648438,143.2899932861328,9180
2005-06-23,216.0,216.89999389648438,206.10000610351562,212.5,145.06492614746094,7516
2005-06-24,209.5,223.0,209.5,220.4499969482422,150.49205017089844,21035
2005-06-27,222.0,231.10000610351562,220.0,221.8000030517578,151.4136199951172,34763
2005-06-28,225.0,225.0,215.10000610351562,215.9499969482422,147.4201202392578,15388
2005-06-29,215.0,217.8000030517578,214.0,216.5500030517578,149.56109619140625,5737
2005-06-30,217.0,222.6999969482422,215.5,218.5500030517578,150.94241333007812,10849
2005-07-01,222.0,225.0,220.0,224.64999389648438,155.15542602539062,10986
2005-07-04,225.0,230.8000030517578,221.5,228.0,157.4691162109375,21700
2005-07-05,233.0,234.6999969482422,224.0,228.35000610351562,157.71084594726562,26871
2005-07-06,250.0,250.0,235.0,243.5,168.17422485351562,102468
2005-07-07,246.25,252.0,240.0,241.39999389648438,166.723876953125,47375
2005-07-08,237.5,247.0,237.5,245.14999389648438,169.31381225585938,12680
2005-07-11,249.0,261.8500061035156,246.5,253.64999389648438,175.1844024658203,97012
2005-07-12,257.0,263.0,250.0,254.0,175.42613220214844,25341
2005-07-13,258.0,260.0,250.0,253.8000030517578,175.2880096435547,21299
2005-07-14,259.0,262.5,246.0,248.3000030517578,171.4893798828125,28749
2005-07-15,255.0,255.1999969482422,248.6999969482422,250.1999969482422,172.8016357421875,48460
2005-07-18,255.0,275.0,255.0,270.79998779296875,187.02908325195312,83187
2005-07-19,260.0,283.0,260.0,267.5,184.7499237060547,44321
2005-07-20,270.0,270.0,249.5,254.9499969482422,176.0821990966797,34980
2005-07-21,256.0,260.95001220703125,248.0,253.60000610351562,175.14987182617188,30022
2005-07-22,249.5,255.0,249.5,250.85000610351562,173.25054931640625,19177
2005-07-25,255.89999389648438,267.29998779296875,253.5,258.5,178.53404235839844,30433
2005-07-26,258.0,259.8500061035156,252.5,253.4499969482422,175.0462188720703,11452
2005-07-27,251.0500030517578,260.0,251.0500030517578,255.5,176.46212768554688,4614
2005-07-28,255.5,255.5,255.5,255.5,176.46212768554688,0
2005-07-29,258.0,263.8500061035156,257.25,258.29998779296875,178.39590454101562,15276
2005-08-01,270.0,270.0,256.0,265.6499938964844,183.47219848632812,8218
2005-08-02,267.0,267.75,260.0,261.29998779296875,180.46788024902344,9046
2005-08-03,265.8999938964844,266.0,257.0,261.20001220703125,180.3988037109375,7863
2005-08-04,261.0,304.0,261.0,284.8999938964844,196.76727294921875,162130
2005-08-05,287.75,313.0,287.75,306.0,211.34010314941406,200817
2005-08-08,311.0,322.95001220703125,293.0,296.04998779296875,204.4681396484375,121204
2005-08-09,296.0,299.0,283.1000061035156,284.70001220703125,196.6291961669922,61329
2005-08-10,290.0,304.8999938964844,287.0,297.8500061035156,205.7112579345703,51749
2005-08-11,299.0,300.0,290.0,291.45001220703125,201.29112243652344,32190
2005-08-12,291.1000061035156,300.0,290.0,293.6499938964844,202.8105010986328,20163
2005-08-16,297.5,300.0,290.25,293.3500061035156,202.60333251953125,13130
2005-08-17,291.0,295.95001220703125,285.0,288.6499938964844,199.35723876953125,14224
2005-08-18,292.0,300.0,288.0,289.04998779296875,199.63351440429688,29069
2005-08-19,288.0,293.0,286.04998779296875,286.70001220703125,198.01052856445312,6658
2005-08-22,286.1000061035156,286.5,281.0,282.3999938964844,195.04066467285156,10069
2005-08-23,289.0,289.0,260.0,264.20001220703125,182.47079467773438,22370
2005-08-24,265.1000061035156,282.0,262.0,266.3999938964844,183.99020385742188,17135
2005-08-25,269.0,276.54998779296875,269.0,274.6499938964844,189.68809509277344,10944
2005-08-26,276.8500061035156,276.8500061035156,270.75,272.25,188.0305938720703,3260
2005-08-29,265.1000061035156,273.0,265.1000061035156,269.45001220703125,186.09669494628906,6176
2005-08-30,272.1000061035156,272.1499938964844,263.3999938964844,268.95001220703125,185.7513885498047,14421
2005-08-31,274.8500061035156,299.0,268.0,290.70001220703125,200.7731475830078,42085
2005-09-01,283.6000061035156,297.0,281.0,283.54998779296875,195.83493041992188,7344
2005-09-02,294.0,294.0,275.6000061035156,282.1000061035156,194.83349609375,8013
2005-09-05,280.04998779296875,285.0,280.04998779296875,281.8999938964844,194.69534301757812,7550
2005-09-06,280.6499938964844,281.0,275.1000061035156,275.8999938964844,190.55140686035156,5955
2005-09-08,279.75,294.0,274.25,285.95001220703125,197.49253845214844,25650
2005-09-09,278.0,285.0,277.0,281.3500061035156,194.3155059814453,11139
2005-09-12,290.0,296.0,278.1499938964844,280.3500061035156,193.62481689453125,16485
2005-09-13,280.3500061035156,293.0,280.3500061035156,290.3999938964844,200.56588745117188,15239
2005-09-14,290.3999938964844,307.0,290.0,294.8999938964844,203.67381286621094,65738
2005-09-15,300.0,315.0,296.54998779296875,308.8500061035156,213.30845642089844,148528
2005-09-16,312.0,313.79998779296875,300.54998779296875,302.20001220703125,208.71563720703125,45669
2005-09-19,304.79998779296875,308.0,297.95001220703125,299.0,206.50552368164062,23443
2005-09-20,291.6000061035156,299.0,291.0,293.04998779296875,202.39613342285156,23716
2005-09-21,295.0,295.0,270.0,289.29998779296875,199.80615234375,43117
2005-09-22,287.95001220703125,290.0,275.0,283.25,195.62770080566406,66736
2005-09-23,283.04998779296875,283.5,271.0,277.3999938964844,191.58740234375,49482
2005-09-26,277.3999938964844,288.0,270.0,285.25,197.0089874267578,39670
2005-09-27,281.6000061035156,294.8999938964844,281.5,290.0,200.28968811035156,11710
2005-09-28,285.0,294.8999938964844,284.0,292.79998779296875,202.22349548339844,14840
2005-09-29,298.8999938964844,298.8999938964844,285.5,287.5,198.56301879882812,15636
2005-09-30,282.0,295.0,276.5,290.20001220703125,200.4277801513672,9805
2005-10-03,285.20001220703125,299.0,285.0,295.5,204.0882568359375,11893
2005-10-04,294.0,303.70001220703125,293.25,300.8500061035156,207.7832489013672,15419
2005-10-05,298.0,323.5,298.0,307.8999938964844,212.65234375,67297
2005-10-06,310.0,318.0,300.0,304.95001220703125,210.6149444580078,20871
2005-10-07,321.0,321.0,304.0,304.45001220703125,210.26959228515625,7999
2005-10-10,306.0,307.0,302.29998779296875,303.6499938964844,209.7171173095703,4014
2005-10-11,301.0,305.0,298.0,298.6000061035156,206.2292938232422,9871
2005-10-13,301.0,304.0,294.0,299.6499938964844,206.9544677734375,17973
2005-10-14,286.0,300.8999938964844,286.0,299.25,206.67820739746094,9291
2005-10-17,297.0,298.29998779296875,286.29998779296875,290.1499938964844,200.3932342529297,11195
2005-10-18,284.0,298.0,284.0,291.20001220703125,201.11846923828125,15614
2005-10-19,290.0,290.0,263.0,273.1000061035156,188.61761474609375,23702
2005-10-20,280.95001220703125,283.20001220703125,272.0,274.6499938964844,189.68809509277344,19683
2005-10-21,272.1000061035156,281.0,271.1000061035156,273.29998779296875,188.75567626953125,21748
2005-10-24,276.04998779296875,282.0,275.0,278.0,192.0018310546875,3287
2005-10-25,277.29998779296875,282.5,277.04998779296875,280.25,193.55577087402344,2663
2005-10-26,281.8999938964844,286.3999938964844,281.79998779296875,283.95001220703125,196.11122131347656,4636
2005-10-27,280.1499938964844,285.0,276.1499938964844,284.79998779296875,196.69821166992188,9322
2005-10-28,284.79998779296875,284.79998779296875,275.0,275.54998779296875,190.30967712402344,38078
2005-10-31,279.0,280.0,272.20001220703125,277.8500061035156,191.89822387695312,2356
2005-11-02,280.0,280.0,274.04998779296875,275.0,189.92984008789062,312
2005-11-04,275.0,275.0,275.0,275.0,189.92984008789062,0
2005-11-07,324.8999938964844,325.0,278.04998779296875,279.8999938964844,193.31405639648438,4086
2005-11-08,284.8999938964844,288.04998779296875,283.0,284.5,196.49105834960938,6082
2005-11-09,284.25,287.95001220703125,282.29998779296875,282.70001220703125,195.24790954589844,1416
2005-11-10,283.0,283.0,277.0,283.0,195.45506286621094,2021
2005-11-11,284.0,286.0,282.6499938964844,285.1000061035156,196.9054412841797,2540
2005-11-14,283.25,286.79998779296875,281.25,282.0,194.7644500732422,5879
2005-11-16,285.8500061035156,285.8500061035156,279.0,282.0,194.7644500732422,6126
2005-11-17,281.0,296.0,281.0,289.3500061035156,199.8407440185547,11693
2005-11-18,290.0,297.0,286.04998779296875,293.3500061035156,202.60333251953125,8775
2005-11-21,289.04998779296875,303.0,289.04998779296875,297.1499938964844,205.22784423828125,19586
2005-11-22,281.04998779296875,307.0,281.04998779296875,298.45001220703125,206.1256866455078,20550
2005-11-23,301.8999938964844,303.5,297.1499938964844,302.25,208.75015258789062,9256
2005-11-24,300.6000061035156,310.0,300.5,308.54998779296875,213.1012725830078,83199
2005-11-25,310.0,326.0,310.0,321.1499938964844,221.8035125732422,85526
2005-11-28,315.0,338.75,315.0,332.6000061035156,229.7115020751953,53657
2005-11-29,328.8999938964844,328.8999938964844,315.0,323.95001220703125,223.7373504638672,11994
2005-11-30,319.0,329.8999938964844,310.1499938964844,312.1499938964844,215.587646484375,8352
2005-12-01,314.0,315.0,305.1000061035156,309.1000061035156,213.48117065429688,8604
2005-12-02,311.0,318.8999938964844,310.0,311.6499938964844,215.24232482910156,7575
2005-12-05,311.79998779296875,315.95001220703125,310.1000061035156,312.70001220703125,215.96749877929688,7604
2005-12-06,313.8999938964844,314.0,309.0,309.70001220703125,213.89552307128906,7472
2005-12-07,313.45001220703125,316.70001220703125,310.0,315.70001220703125,218.0394744873047,8337
2005-12-08,316.70001220703125,324.54998779296875,314.0,317.04998779296875,218.97186279296875,8793
2005-12-09,317.0,321.0,313.0,315.70001220703125,218.0394744873047,9126
2005-12-12,328.0,370.0,317.5,351.3500061035156,242.66131591796875,139679
2005-12-13,355.0,355.0,340.0,341.8500061035156,236.10009765625,24097
2005-12-14,342.0,345.3999938964844,336.1499938964844,341.6000061035156,235.92739868164062,10727
2005-12-15,337.0,342.95001220703125,325.0,327.3500061035156,226.08560180664062,11769
2005-12-16,335.0,344.0,315.1499938964844,341.1000061035156,235.58203125,9700
2005-12-19,354.0,354.0,340.0,349.75,241.55616760253906,10413
2005-12-20,355.1000061035156,355.1000061035156,343.5,350.6000061035156,242.14329528808594,28285
2005-12-21,350.0,384.0,349.0,370.1499938964844,255.6455841064453,67780
2005-12-22,370.0,388.8999938964844,370.0,377.6000061035156,260.79095458984375,44163
2005-12-23,390.45001220703125,390.45001220703125,368.0,373.45001220703125,257.92474365234375,15671
2005-12-26,389.0,389.0,361.29998779296875,370.8999938964844,256.1636047363281,40074
2005-12-27,379.0,397.0,370.0,391.20001220703125,270.183837890625,72231
2005-12-28,390.0,405.0,390.0,400.20001220703125,276.3997497558594,36871
2005-12-29,409.0,409.0,391.1000061035156,394.6499938964844,272.56658935546875,11938
2005-12-30,399.8999938964844,402.79998779296875,395.0,396.3500061035156,273.7406921386719,8461
2006-01-02,400.0,405.0,397.0,398.1499938964844,274.9839172363281,5563
2006-01-03,396.0,403.5,395.0,398.3999938964844,275.1565246582031,14827
2006-01-04,400.0,405.0,395.0,396.5,273.8443603515625,27930
2006-01-05,396.5,401.0,386.0,389.29998779296875,268.8715515136719,33400
2006-01-06,404.79998779296875,404.79998779296875,379.0,381.20001220703125,263.2772521972656,6605
2006-01-09,380.0,385.0,380.0,384.1000061035156,265.2802734375,3061
2006-01-10,399.95001220703125,399.95001220703125,380.0,388.6499938964844,268.4226989746094,10808
2006-01-12,370.0,394.0,370.0,381.1000061035156,263.208251953125,19383
2006-01-13,378.8999938964844,382.1000061035156,377.0,380.1000061035156,262.517578125,5747
2006-01-16,380.0,380.0,345.3500061035156,348.45001220703125,240.6584014892578,19357
2006-01-17,325.0,358.0,325.0,333.20001220703125,230.12596130371094,68112
2006-01-18,314.8999938964844,323.70001220703125,290.0,316.0,218.24668884277344,76331
2006-01-19,320.0,338.0,310.25,332.3500061035156,229.5388641357422,24344
2006-01-20,340.0,340.0,311.0,327.29998779296875,226.051025390625,42905
2006-01-23,305.29998779296875,327.0,305.29998779296875,321.6000061035156,222.11428833007812,7086
2006-01-24,320.0,329.0,317.1000061035156,318.8999938964844,220.2495574951172,3887
2006-01-25,311.04998779296875,331.0,311.04998779296875,325.1499938964844,224.56613159179688,25866
2006-01-27,326.0,326.0,318.1499938964844,320.29998779296875,221.21644592285156,4585
2006-01-30,320.0,335.0,315.1000061035156,321.8500061035156,222.2869873046875,26348
2006-01-31,329.8999938964844,329.8999938964844,313.0,316.29998779296875,218.453857421875,7701
2006-02-01,291.75,324.0,291.75,321.25,221.87254333496094,12938
2006-02-02,318.0,319.5,310.20001220703125,311.8999938964844,215.41497802734375,3746
2006-02-03,310.0,313.0,307.04998779296875,309.29998779296875,213.6193084716797,3210
2006-02-06,301.0,321.70001220703125,301.0,317.3500061035156,219.1790771484375,9511
2006-02-07,325.0,325.0,305.1000061035156,305.29998779296875,210.85667419433594,6676
2006-02-08,310.95001220703125,310.95001220703125,302.04998779296875,304.20001220703125,210.09693908691406,2220
2006-02-10,300.1499938964844,320.0,300.1499938964844,310.1499938964844,214.20631408691406,10481
2006-02-13,312.0,329.0,312.0,320.75,221.52725219726562,22156
2006-02-14,323.0,324.0,315.04998779296875,320.6499938964844,221.45819091796875,10005
2006-02-15,315.25,322.95001220703125,312.0,313.75,216.6927032470703,4450
2006-02-16,319.0,341.0,319.0,337.29998779296875,232.9575958251953,10586
2006-02-17,344.0,347.8999938964844,337.5,339.20001220703125,234.26988220214844,10526
2006-02-20,336.0,349.5,336.0,341.8500061035156,236.10009765625,3690
2006-02-21,330.0,360.0,325.0,358.3500061035156,247.49588012695312,19349
2006-02-22,365.0,374.0,352.0,355.54998779296875,245.56201171875,8528
2006-02-23,354.0,363.8500061035156,347.95001220703125,354.29998779296875,244.69873046875,11539
2006-02-24,351.0,351.0,340.0,347.1499938964844,239.7605438232422,4873
2006-02-27,346.0,352.3500061035156,346.0,350.20001220703125,241.86705017089844,1879
2006-02-28,354.0,354.0,346.0,348.1000061035156,240.4166259765625,4397
2006-03-01,350.0,365.0,344.0,356.5,246.21815490722656,5226
2006-03-02,353.25,372.79998779296875,353.25,370.3999938964844,255.8181915283203,11733
2006-03-03,370.0,387.8999938964844,366.0,372.75,257.4412536621094,8629
2006-03-06,370.0,374.45001220703125,368.0,370.45001220703125,255.852783203125,5228
2006-03-07,376.0,376.0,362.0,365.3999938964844,252.36495971679688,3763
2006-03-08,364.0,370.0,359.0,360.0,248.63540649414062,1758
2006-03-09,353.0,361.1000061035156,353.0,357.0,246.5635223388672,747
2006-03-10,356.04998779296875,373.0,356.0,369.3500061035156,255.09307861328125,6690
2006-03-13,360.0,371.8999938964844,360.0,368.75,254.6786651611328,5574
2006-03-14,363.1499938964844,373.0,363.1000061035156,370.6000061035156,255.9564208984375,4790
2006-03-16,369.0,384.8999938964844,369.0,381.20001220703125,263.2772521972656,9549
2006-03-17,398.0,398.0,382.0,384.25,265.38385009765625,12994
2006-03-20,394.8999938964844,394.95001220703125,385.0,385.0,265.90179443359375,1992
2006-03-21,385.0,390.0,384.5,386.29998779296875,266.799560546875,2477
2006-03-22,370.0,387.0,370.0,373.70001220703125,258.0973815917969,1245
2006-03-23,376.0,376.0,364.0,366.6000061035156,253.1937713623047,4010
2006-03-24,370.0,380.04998779296875,362.54998779296875,371.0,256.232666015625,3216
2006-03-27,371.25,378.0,370.0,374.70001220703125,258.7880554199219,2429
2006-03-28,366.0,378.8999938964844,366.0,372.20001220703125,257.0613708496094,3245
2006-03-29,397.0,397.0,344.29998779296875,370.6499938964844,255.99095153808594,11762
2006-03-30,371.0,374.95001220703125,371.0,371.75,256.75054931640625,3570
2006-03-31,389.0,390.0,376.25,386.3999938964844,266.86871337890625,10801
2006-04-03,380.1000061035156,408.0,380.0,404.04998779296875,279.0586853027344,21273
2006-04-04,405.0,433.0,405.0,428.79998779296875,296.15240478515625,35678
2006-04-05,450.0,450.0,422.54998779296875,427.54998779296875,295.2890930175781,9278
2006-04-07,449.0,449.0,404.6000061035156,443.29998779296875,306.1669006347656,12733
2006-04-10,475.0,475.0,440.0,450.3500061035156,311.0360107421875,8958
2006-04-12,470.0,470.0,432.20001220703125,447.25,308.89495849609375,7088
2006-04-13,468.0,468.0,411.0,421.8999938964844,291.38690185546875,5088
2006-04-17,489.0,489.0,415.0,431.20001220703125,297.80999755859375,3397
2006-04-18,431.25,464.0,431.25,458.70001220703125,316.802978515625,14340
2006-04-19,465.8999938964844,470.0,450.0,458.25,316.4921569824219,13111
2006-04-20,448.0,466.5,448.0,459.45001220703125,317.32098388671875,5053
2006-04-21,441.0,460.0,441.0,457.70001220703125,316.1123046875,5083
2006-04-24,450.25,454.95001220703125,448.70001220703125,451.3999938964844,311.76123046875,3369
2006-04-25,459.8999938964844,459.8999938964844,436.29998779296875,450.0,310.7942810058594,10262
2006-04-26,440.0,456.0,440.0,450.0,310.7942810058594,5637
2006-04-27,470.0,470.0,440.0,452.25,312.3482971191406,2595
2006-04-28,434.0,443.0,434.0,441.3500061035156,304.8200988769531,954
2006-05-02,433.5,470.0,433.5,461.1499938964844,318.4950866699219,2517
2006-05-03,466.0,466.0,445.04998779296875,447.8999938964844,309.34393310546875,1485
2006-05-04,447.04998779296875,447.04998779296875,430.0,430.1000061035156,297.05029296875,2627
2006-05-05,444.8999938964844,444.8999938964844,405.0,406.95001220703125,281.0616149902344,7503
2006-05-08,410.0,430.0,410.0,422.54998779296875,291.8358154296875,4136
2006-05-09,433.0,433.0,418.0,423.0,292.1465759277344,2593
2006-05-10,428.0,440.8999938964844,418.0,435.3999938964844,300.710693359375,3753
2006-05-11,427.0,435.0,425.0,433.70001220703125,299.5366516113281,2883
2006-05-12,437.0,443.29998779296875,431.0,440.0,303.88775634765625,4068
2006-05-15,461.0,476.0,415.0,430.95001220703125,297.6373291015625,7801
2006-05-16,447.8999938964844,447.8999938964844,402.0,422.1000061035156,291.52508544921875,8613
2006-05-17,454.0,461.0,430.0,443.6000061035156,306.37408447265625,5036
2006-05-18,432.0,432.0,396.0,403.3500061035156,278.57525634765625,4864
2006-05-19,405.5,405.5,380.04998779296875,387.54998779296875,267.6628723144531,4703
2006-05-22,363.0,363.0,335.0,345.1000061035156,238.34469604492188,2761
2006-05-23,328.0,359.79998779296875,325.0,331.70001220703125,229.08993530273438,5124
2006-05-24,332.0,365.0,332.0,345.75,238.79356384277344,2274
2006-05-25,348.29998779296875,348.29998779296875,335.0,345.70001220703125,238.75909423828125,535
2006-05-26,355.0,355.0,346.0,347.45001220703125,239.9677276611328,1144
2006-05-29,416.0,416.0,375.0,386.8500061035156,267.17950439453125,5475
2006-05-30,416.0,416.0,392.5,398.95001220703125,275.5364074707031,2873
2006-05-31,414.0,414.0,351.0,372.8999938964844,257.54486083984375,1761
2006-06-01,371.25,382.75,364.0,381.3500061035156,263.380859375,581
2006-06-02,388.8999938964844,388.8999938964844,325.0,337.70001220703125,233.23388671875,3543
2006-06-05,338.04998779296875,342.0,330.0,335.0,231.36904907226562,1085
2006-06-06,319.0,319.0,307.1499938964844,312.8999938964844,216.10557556152344,2606
2006-06-07,301.20001220703125,316.0,285.0,293.20001220703125,202.49978637695312,1426
2006-06-08,293.20001220703125,299.0,240.5,242.39999389648438,167.41455078125,23013
2006-06-09,230.0,280.0,230.0,277.79998779296875,191.86367797851562,20243
2006-06-12,288.0,296.1000061035156,236.0,247.75,171.10946655273438,3359
2006-06-13,260.0,260.0,230.0,253.14999389648438,174.83905029296875,1557
2006-06-14,247.0,257.0,230.0,237.9499969482422,164.34112548828125,2751
2006-06-15,243.0500030517578,257.8999938964844,243.0,255.85000610351562,176.70382690429688,2497
2006-06-16,260.0,281.3999938964844,260.0,280.04998779296875,193.4176483154297,5035
2006-06-19,289.0,289.0,275.0,285.1000061035156,196.9054412841797,788
2006-06-20,267.0,293.04998779296875,267.0,286.8500061035156,198.11410522460938,3378
2006-06-21,290.0,297.75,288.5,291.1000061035156,201.0493621826172,1689
2006-06-22,290.20001220703125,320.25,290.1000061035156,303.54998779296875,209.64797973632812,9754
2006-06-23,296.0,308.0,296.0,301.29998779296875,208.0940399169922,3392
2006-06-26,316.70001220703125,316.70001220703125,300.0,300.25,207.3688507080078,4529
2006-06-27,310.0,315.0,300.0,300.20001220703125,207.33432006835938,4244
2006-06-28,290.0,304.0,290.0,302.3500061035156,208.81919860839844,718
2006-06-29,308.0,309.6499938964844,300.0,301.0,211.0276641845703,395
2006-06-30,313.95001220703125,313.95001220703125,300.0,305.0,213.83200073242188,1196
2006-07-03,303.0,309.0,300.5,302.5,212.0792694091797,290
2006-07-04,315.0,315.0,300.0,303.0,212.42984008789062,452
2006-07-05,295.0,312.0,290.54998779296875,306.1499938964844,214.6383056640625,1232
2006-07-06,301.04998779296875,309.0,300.04998779296875,300.95001220703125,210.99261474609375,672
2006-07-07,320.0,327.0,296.1000061035156,300.0,210.3265380859375,3692
2006-07-10,326.0,326.0,288.1000061035156,306.0,214.53309631347656,1126
2006-07-11,299.0,312.8999938964844,299.0,310.20001220703125,217.47772216796875,678
2006-07-12,300.0,310.0,300.0,305.75,214.3578338623047,1464
2006-07-13,301.0,308.3999938964844,301.0,305.1499938964844,213.93714904785156,137
2006-07-14,309.0,318.0,300.0,312.79998779296875,219.30050659179688,3013
2006-07-17,300.0,308.0,292.0,300.0,210.3265380859375,2505
2006-07-18,292.1499938964844,300.0,291.1499938964844,293.0,205.4188995361328,2900
2006-07-19,292.0,292.04998779296875,275.0,279.70001220703125,196.09449768066406,1762
2006-07-20,278.0,290.0,276.0,289.75,203.14041137695312,902
2006-07-21,290.1000061035156,290.1000061035156,280.0,281.8999938964844,197.63687133789062,2134
2006-07-24,270.0,280.0,265.29998779296875,270.29998779296875,189.50416564941406,1992
2006-07-25,290.0,290.0,272.0,279.0,195.60369873046875,1496
2006-07-26,279.0,279.70001220703125,270.0,274.3500061035156,192.3436279296875,1602
2006-07-27,296.0,296.0,276.0,278.8999938964844,195.53358459472656,374
2006-07-28,280.0,280.0,271.0,273.8500061035156,191.99310302734375,660
2006-07-31,282.0,288.0,274.04998779296875,274.95001220703125,192.7643280029297,788
2006-08-01,279.0,282.0,265.70001220703125,266.1000061035156,186.55967712402344,1143
2006-08-02,284.0,284.0,268.25,272.3999938964844,190.97653198242188,1204
2006-08-03,285.0,287.0,271.0,278.0,194.90264892578125,973
2006-08-04,285.0,285.0,272.0,274.0,192.0982666015625,190
2006-08-07,281.0,281.0,265.0,267.04998779296875,187.22567749023438,290
2006-08-08,280.0,280.0,265.20001220703125,270.04998779296875,189.3289794921875,71
2006-08-09,277.95001220703125,277.95001220703125,272.0,277.0,194.2014923095703,278
2006-08-10,278.79998779296875,278.8999938964844,275.0,275.0,192.7993621826172,3
2006-08-11,272.0,290.8500061035156,272.0,284.5,199.45970153808594,1139
2006-08-14,285.0,288.0,283.0,285.0,199.8102569580078,372
2006-08-16,289.0,298.70001220703125,286.1000061035156,294.1000061035156,206.19017028808594,1447
2006-08-17,296.0,300.8999938964844,280.0,282.8999938964844,198.33792114257812,1586
2006-08-18,299.0,299.0,280.0,286.5,200.8618621826172,1048
2006-08-21,295.1000061035156,295.1000061035156,280.0,289.29998779296875,202.82489013671875,1233
2006-08-22,297.0,297.0,286.45001220703125,286.6000061035156,200.9320068359375,595
2006-08-23,288.0,288.0,282.25,282.45001220703125,198.02247619628906,586
2006-08-24,280.0,287.0,280.0,285.04998779296875,199.84527587890625,690
2006-08-25,292.0,292.0,281.0,281.0,197.005859375,295
2006-08-28,280.1000061035156,282.0,275.0,281.70001220703125,197.4966278076172,520
2006-08-29,287.0,287.0,280.0,281.1499938964844,197.11102294921875,402
2006-08-30,280.54998779296875,281.70001220703125,275.6000061035156,277.8999938964844,194.83251953125,1144
2006-08-31,276.20001220703125,276.3500061035156,276.1499938964844,276.29998779296875,193.71080017089844,540
2006-09-01,278.0,282.0,278.0,280.45001220703125,196.62030029296875,324
2006-09-04,285.3500061035156,302.0,281.1000061035156,288.25,202.08876037597656,1351
2006-09-05,288.0,292.5,284.0,285.0,199.8102569580078,961
2006-09-06,286.8500061035156,295.0,286.0,291.95001220703125,204.68280029296875,992
2006-09-07,290.0,292.0,285.0,286.1499938964844,200.616455078125,2757
2006-09-08,292.0,292.0,286.0,289.95001220703125,203.28065490722656,577
2006-09-11,290.0,290.0,279.0,280.0,196.30482482910156,801
2006-09-12,276.29998779296875,284.0,270.0,273.0,191.3971710205078,814
2006-09-13,284.8500061035156,287.0,276.20001220703125,279.54998779296875,195.98928833007812,2383
2006-09-14,287.0,287.0,276.79998779296875,278.1000061035156,194.9727020263672,1434
2006-09-15,298.0,298.0,277.0,280.8500061035156,196.9007110595703,1767
2006-09-18,277.1000061035156,287.8500061035156,271.3999938964844,276.25,193.6757354736328,2852
2006-09-19,294.8999938964844,294.8999938964844,274.0,279.3500061035156,195.84906005859375,657
2006-09-20,275.1000061035156,279.8999938964844,270.0,271.0,189.99501037597656,2364
2006-09-21,270.04998779296875,282.0,270.0,275.6000061035156,193.22000122070312,1380
2006-09-22,270.0,280.0,270.0,274.6499938964844,192.553955078125,477
2006-09-25,269.0,273.79998779296875,268.0,270.04998779296875,189.3289794921875,893
2006-09-26,285.0,285.0,268.0,270.29998779296875,189.50416564941406,2736
2006-09-27,289.0,289.0,271.1499938964844,274.54998779296875,192.48385620117188,1253
2006-09-28,273.1000061035156,273.1000061035156,263.20001220703125,271.0,189.99501037597656,15154
2006-09-29,270.0,290.95001220703125,270.0,285.45001220703125,200.12576293945312,6148
2006-10-03,291.0,336.0,291.0,323.6499938964844,226.9073028564453,31452
2006-10-04,320.0,330.5,310.0,318.79998779296875,223.5070343017578,16374
2006-10-05,324.79998779296875,330.0,314.3999938964844,317.3999938964844,222.52549743652344,4155
2006-10-06,315.04998779296875,318.75,310.04998779296875,311.1499938964844,218.1437225341797,1082
2006-10-09,310.0,318.75,310.0,312.1000061035156,218.80972290039062,1502
2006-10-10,291.1000061035156,311.8500061035156,291.1000061035156,303.04998779296875,212.4648895263672,2314
2006-10-11,302.6000061035156,304.3999938964844,297.0,297.1000061035156,208.29339599609375,902
2006-10-12,296.0,308.0,295.0,301.70001220703125,211.5184326171875,532
2006-10-13,300.54998779296875,306.75,291.1000061035156,296.54998779296875,207.90782165527344,993
2006-10-16,300.0,303.8500061035156,293.0,296.8500061035156,208.11813354492188,1418
2006-10-17,302.8999938964844,302.95001220703125,288.75,295.0,206.82113647460938,496
2006-10-18,296.1000061035156,296.1000061035156,288.1000061035156,289.5,202.96511840820312,505
2006-10-19,309.95001220703125,310.0,290.25,293.95001220703125,206.0850067138672,734
2006-10-20,291.0,293.5,289.0,291.8500061035156,204.6127166748047,275
2006-10-23,304.0,304.0,288.0,291.8500061035156,204.6127166748047,310
2006-10-26,287.0,293.0,286.0,289.0,202.61460876464844,421
2006-10-27,286.20001220703125,293.0,286.0,293.0,205.4188995361328,1024
2006-10-30,299.95001220703125,299.95001220703125,287.0,287.04998779296875,201.2474365234375,589
2006-10-31,285.5,295.0,285.0,292.6499938964844,205.17356872558594,1514
2006-11-01,290.0,295.45001220703125,290.0,290.04998779296875,203.35073852539062,673
2006-11-02,290.04998779296875,295.0,290.0,294.6499938964844,206.5757293701172,447
2006-11-03,293.0,297.5,290.45001220703125,293.70001220703125,205.90977478027344,1610
2006-11-06,299.79998779296875,300.0,295.0,298.3500061035156,209.16978454589844,1653
2006-11-07,292.5,303.5,291.25,299.8999938964844,210.25648498535156,1746
2006-11-08,291.04998779296875,297.0,290.1000061035156,296.79998779296875,208.0830841064453,2123
2006-11-09,292.0,319.95001220703125,292.0,306.6000061035156,214.95375061035156,3440
2006-11-10,301.04998779296875,313.0,301.04998779296875,307.0,215.2341766357422,3234
2006-11-13,319.70001220703125,319.70001220703125,296.29998779296875,300.5,210.67709350585938,690
2006-11-14,306.0,306.0,297.0,300.8500061035156,210.92251586914062,1540
2006-11-15,300.0,301.25,297.0,298.1000061035156,208.99453735351562,2748
2006-11-16,300.0,300.0,295.5,297.1000061035156,208.29339599609375,1636
2006-11-17,300.0,301.0,295.0,299.8500061035156,210.2213897705078,8407
2006-11-20,292.6000061035156,297.0,289.5,290.5,203.66624450683594,3052
2006-11-21,311.8500061035156,312.0,294.0,296.25,207.69747924804688,2246
2006-11-22,294.0,297.0,292.70001220703125,294.5,206.47056579589844,591
2006-11-23,291.54998779296875,304.0,291.54998779296875,298.45001220703125,209.23989868164062,60411
2006-11-24,281.5,309.0,281.5,300.0,210.3265380859375,6252
2006-11-27,300.0,308.75,293.0,306.54998779296875,214.91867065429688,3269
2006-11-28,323.0,323.0,299.6000061035156,300.95001220703125,210.99261474609375,497
2006-11-29,300.0,309.5,297.75,303.75,212.95567321777344,1549
2006-11-30,297.25,305.0,297.25,301.0,211.0276641845703,578
2006-12-01,301.0,307.75,299.0,304.3999938964844,213.411376953125,1362
2006-12-04,300.0,303.0,300.0,301.45001220703125,211.3431396484375,1369
2006-12-05,297.25,301.0,297.25,298.54998779296875,209.3099822998047,682
2006-12-06,300.0,303.79998779296875,295.54998779296875,300.0,210.3265380859375,2609
2006-12-07,298.0,307.0,298.0,301.20001220703125,211.16790771484375,1080
2006-12-08,306.95001220703125,318.6000061035156,293.0,300.25,210.50181579589844,61022
2006-12-11,306.95001220703125,318.0,291.5,299.95001220703125,210.29153442382812,1531
2006-12-12,299.0,299.0,291.0,292.6499938964844,205.17356872558594,3089
2006-12-13,291.04998779296875,295.0,290.5,292.0,204.71783447265625,2035
2006-12-14,318.0,318.0,275.0,302.0,211.72874450683594,883
2006-12-15,300.0,302.5,297.3999938964844,299.0,209.62548828125,641
2006-12-18,297.0,300.0,296.5,298.20001220703125,209.0646209716797,1505
2006-12-19,303.0,306.5,298.54998779296875,300.8500061035156,210.92251586914062,2805
2006-12-20,300.1499938964844,307.0,300.1499938964844,301.1499938964844,211.13284301757812,2258
2006-12-21,300.04998779296875,301.5,300.0,301.5,211.3782196044922,1010
2006-12-22,295.0,306.0,295.0,304.54998779296875,213.51654052734375,2634
2006-12-26,300.0,308.8999938964844,300.0,302.04998779296875,211.7637939453125,844
2006-12-27,300.20001220703125,300.20001220703125,300.20001220703125,300.20001220703125,210.46676635742188,145
2006-12-28,295.25,301.8500061035156,295.25,300.0,210.3265380859375,842
2006-12-29,300.04998779296875,304.0,300.04998779296875,302.6000061035156,212.1494140625,488
2007-01-02,299.54998779296875,314.0,299.54998779296875,310.04998779296875,217.37249755859375,19238
2007-01-03,311.0,316.8999938964844,310.45001220703125,315.8999938964844,221.47389221191406,1203
2007-01-04,321.5,321.5,312.0,313.0,219.4407501220703,1150
2007-01-05,300.6000061035156,310.0,298.5,301.6000061035156,211.44830322265625,19501
2007-01-08,300.04998779296875,305.0,300.04998779296875,302.79998779296875,212.28961181640625,1121
2007-01-09,301.29998779296875,305.8999938964844,301.29998779296875,305.8999938964844,214.46299743652344,1590
2007-01-10,301.29998779296875,306.0,301.29998779296875,302.29998779296875,211.93905639648438,697
2007-01-11,310.0,314.1000061035156,303.25,313.8500061035156,220.03660583496094,1447
2007-01-12,310.1499938964844,334.3999938964844,306.0,327.8500061035156,229.85189819335938,6731
2007-01-15,329.8999938964844,335.0,325.0,330.3500061035156,231.60458374023438,3354
2007-01-16,304.8999938964844,347.75,304.8999938964844,340.3999938964844,238.65052795410156,8507
2007-01-17,333.5,347.0,333.5,341.0,239.07122802734375,9479
2007-01-18,343.8999938964844,376.0,343.8999938964844,371.3999938964844,260.38421630859375,11813
2007-01-19,375.0,387.0,360.0,360.1499938964844,252.4970245361328,5563
2007-01-22,364.0,366.95001220703125,358.0,364.45001220703125,255.51173400878906,2091
2007-01-23,370.0,372.45001220703125,363.04998779296875,372.3500061035156,261.05035400390625,1558
2007-01-24,374.8999938964844,375.0,360.1000061035156,367.0,257.2994689941406,1501
2007-01-25,374.0,374.0,367.04998779296875,367.5,257.6500244140625,1337
2007-01-29,362.6499938964844,405.0,362.6499938964844,398.20001220703125,279.1734619140625,6319
2007-01-31,399.0,402.0,370.0,376.95001220703125,264.27532958984375,4156
2007-02-01,352.45001220703125,384.95001220703125,352.45001220703125,375.0,262.90826416015625,2086
2007-02-02,380.0,384.0,370.0,374.29998779296875,262.4174499511719,1650
2007-02-05,382.0,382.0,370.0,370.0,259.4028015136719,1000
2007-02-06,374.95001220703125,413.8999938964844,367.0,396.04998779296875,277.6661071777344,11612
2007-02-07,397.0,407.0,388.0,391.8500061035156,274.7215270996094,2202
2007-02-08,393.0,410.0,385.0,393.8500061035156,276.1237487792969,6393
2007-02-09,419.70001220703125,419.70001220703125,391.1000061035156,395.1499938964844,277.0351867675781,11005
2007-02-12,409.8999938964844,409.8999938964844,375.0,379.75,266.2383728027344,6570
2007-02-13,380.1000061035156,390.0,368.0,370.5,259.75335693359375,1732
2007-02-14,369.0,370.0,360.5,367.29998779296875,257.5097961425781,1822
2007-02-15,394.0,394.0,361.79998779296875,370.0,259.4028015136719,1569
2007-02-19,390.0,394.95001220703125,356.0,356.79998779296875,250.14834594726562,1253
2007-02-20,294.0,368.0,294.0,346.6499938964844,243.03236389160156,1845
2007-02-21,341.04998779296875,361.95001220703125,341.04998779296875,350.45001220703125,245.696533203125,1106
2007-02-22,390.0,394.0,353.0,353.45001220703125,247.79974365234375,2408
2007-02-23,346.5,359.79998779296875,330.20001220703125,332.45001220703125,233.0768585205078,1981
2007-02-26,332.0,332.0,320.0,321.45001220703125,225.36492919921875,897
2007-02-27,334.95001220703125,334.95001220703125,324.1000061035156,327.8999938964844,229.88693237304688,796
2007-02-28,329.0,350.0,321.0,325.54998779296875,228.23939514160156,519
2007-03-01,312.04998779296875,322.0,312.04998779296875,313.3999938964844,219.7211456298828,511
2007-03-02,322.0,326.95001220703125,320.0,323.45001220703125,226.76707458496094,1010
2007-03-05,302.0,303.1000061035156,291.25,299.70001220703125,210.1162872314453,3243
2007-03-06,300.0,307.0,282.5,295.3500061035156,207.0664825439453,2491
2007-03-07,298.0,300.0,290.0,290.0,203.315673828125,5406
2007-03-08,294.0,299.6499938964844,290.0,290.0,203.315673828125,1450
2007-03-09,300.0,303.0,290.54998779296875,300.0,210.3265380859375,1465
2007-03-12,282.29998779296875,302.0,282.29998779296875,298.25,209.0996551513672,1065
2007-03-13,303.95001220703125,303.95001220703125,291.20001220703125,291.20001220703125,204.1570281982422,399
2007-03-14,302.95001220703125,302.95001220703125,294.0,298.0,208.9243621826172,15629
2007-03-15,295.0,299.95001220703125,295.0,295.70001220703125,207.31192016601562,1073
2007-03-16,295.0,300.0,290.0,291.79998779296875,204.57760620117188,610
2007-03-19,304.8999938964844,304.95001220703125,295.0,301.1000061035156,211.09774780273438,310
2007-03-20,301.5,301.95001220703125,291.5,298.0,208.9243621826172,578
2007-03-21,300.0,301.0,295.25,300.75,210.85238647460938,20917
2007-03-22,295.5,302.0,295.25,300.20001220703125,210.46676635742188,842
2007-03-23,294.25,320.0,294.25,310.3999938964844,217.6178741455078,2219
2007-03-26,306.0,306.0,301.0,301.20001220703125,211.16790771484375,577
2007-03-28,325.0,325.0,298.0,306.1499938964844,214.6383056640625,1686
2007-03-29,300.0,303.0,300.0,300.0,210.3265380859375,1480
2007-03-30,300.0,309.79998779296875,300.0,304.0,213.13088989257812,603
2007-04-02,292.0,300.0,292.0,299.45001220703125,209.9409637451172,506
2007-04-03,295.0,304.0,295.0,302.3500061035156,211.97410583496094,1063
2007-04-04,305.0,305.0,298.20001220703125,298.5,209.27491760253906,1802
2007-04-05,299.0,301.0,298.5,298.5,209.27491760253906,848
2007-04-09,301.0,304.75,301.0,302.45001220703125,212.0442657470703,558
2007-04-10,305.0,310.0,298.25,304.6000061035156,213.5515899658203,2185
2007-04-11,307.5,307.5,300.0,302.79998779296875,212.28961181640625,330
2007-04-12,313.79998779296875,313.79998779296875,302.0,302.70001220703125,212.21949768066406,747
2007-04-13,303.20001220703125,308.0,301.0,303.6499938964844,212.8855743408203,220
2007-04-16,302.5,307.5,302.5,305.3500061035156,214.077392578125,329
2007-04-17,300.04998779296875,303.29998779296875,300.04998779296875,301.0,211.0276641845703,225
2007-04-18,301.0,303.29998779296875,300.0,301.70001220703125,211.5184326171875,407
2007-04-19,298.04998779296875,300.0,296.0,300.0,210.3265380859375,1421
2007-04-20,300.0,300.0,294.0,294.5,206.47056579589844,1086
2007-04-23,300.0,301.0,295.0,296.0,207.52220153808594,782
2007-04-24,291.5,304.8999938964844,291.1499938964844,302.70001220703125,212.21949768066406,860
2007-04-25,300.0,300.1000061035156,300.0,300.0,210.3265380859375,183
2007-04-26,309.70001220703125,309.75,300.04998779296875,301.04998779296875,211.06272888183594,138
2007-04-27,295.0,298.3999938964844,289.0,290.1499938964844,203.4208221435547,1248
2007-04-30,303.8999938964844,305.0,299.0,299.0,209.62548828125,692
2007-05-03,302.0,305.0,300.0,300.6499938964844,210.7822723388672,624
2007-05-04,312.0,312.0,302.1499938964844,304.79998779296875,213.6918182373047,870
2007-05-07,312.0,324.0,312.0,315.0,220.8428497314453,945
2007-05-08,321.8999938964844,321.8999938964844,301.0,306.6499938964844,214.9888153076172,1268
2007-05-09,298.0,310.0,298.0,306.54998779296875,214.91867065429688,369
2007-05-10,303.1000061035156,307.3999938964844,285.0,290.5,203.66624450683594,2057
2007-05-11,290.0,300.0,287.1000061035156,291.5,204.3673095703125,2296
2007-05-14,300.0,301.5,297.0,298.8999938964844,209.5553741455078,445
2007-05-15,310.95001220703125,311.0,296.5,304.75,213.65672302246094,912
2007-05-16,348.04998779296875,349.0,306.0,342.8500061035156,240.3682098388672,10448
2007-05-17,321.1000061035156,348.0,318.04998779296875,323.45001220703125,226.76707458496094,5236
2007-05-18,322.25,322.8999938964844,300.0,300.29998779296875,210.536865234375,3230
2007-05-21,307.5,307.5,300.0,304.95001220703125,213.79696655273438,1174
2007-05-22,297.0,303.0,296.5,300.0,210.3265380859375,1982
2007-05-23,300.0,300.0,298.0,300.0,210.3265380859375,335
2007-05-24,335.0,335.0,291.0,295.3500061035156,207.0664825439453,4570
2007-05-25,296.6000061035156,297.95001220703125,296.0,297.29998779296875,208.43360900878906,131
2007-05-28,292.3999938964844,296.5,285.0,287.6499938964844,201.6681365966797,825
2007-05-29,282.04998779296875,289.8999938964844,282.04998779296875,288.95001220703125,202.57958984375,408
2007-05-30,286.04998779296875,293.8999938964844,283.04998779296875,284.0,199.10911560058594,820
2007-05-31,283.20001220703125,285.95001220703125,282.0,284.70001220703125,199.59991455078125,160
2007-06-01,280.04998779296875,283.0,280.04998779296875,281.1000061035156,197.07601928710938,772
2007-06-04,276.1000061035156,279.95001220703125,273.0,275.8999938964844,193.4302978515625,1454
2007-06-05,273.8500061035156,277.8999938964844,268.3500061035156,271.04998779296875,190.03004455566406,677
2007-06-06,275.0,277.0,269.0,269.1000061035156,188.6629638671875,474
2007-06-07,268.0,278.0,268.0,277.70001220703125,194.6923065185547,950
2007-06-08,270.0,277.0,269.0,270.79998779296875,189.85476684570312,516
2007-06-11,268.04998779296875,271.0,265.1499938964844,268.70001220703125,188.38250732421875,257
2007-06-12,264.0,268.0,260.04998779296875,262.0,183.68519592285156,534
2007-06-13,260.04998779296875,265.0,257.0,260.5,182.63352966308594,740
2007-06-14,261.0,266.0,260.0,264.8500061035156,185.68328857421875,797
2007-06-15,256.70001220703125,270.0,256.70001220703125,260.54998779296875,182.6686248779297,1466
2007-06-18,263.29998779296875,268.0,263.1000061035156,266.6499938964844,186.94528198242188,291
2007-06-19,271.8999938964844,271.8999938964844,262.0,262.8500061035156,184.28114318847656,1245
2007-06-20,263.25,273.0,260.54998779296875,264.0,185.08738708496094,355
2007-06-21,255.0,263.5,248.0500030517578,262.70001220703125,184.1759796142578,1256
2007-06-22,261.3999938964844,265.0,255.0,261.5,183.3346405029297,476
2007-06-25,255.5,261.45001220703125,251.0500030517578,252.85000610351562,177.27023315429688,886
2007-06-26,252.0,260.0,252.0,256.8999938964844,180.10963439941406,839
2007-06-27,260.0,305.0,258.0,276.1000061035156,193.570556640625,28079
2007-06-28,262.1000061035156,281.0,262.1000061035156,269.95001220703125,191.3378448486328,2508
2007-06-29,281.0,283.8999938964844,270.5,279.95001220703125,198.42575073242188,2979
2007-07-02,270.1499938964844,279.95001220703125,270.1499938964844,272.45001220703125,193.1098175048828,1717
2007-07-03,275.0,283.0,266.5,280.1000061035156,198.53208923339844,1508
2007-07-04,279.0,287.0,270.5,277.5,196.68923950195312,2037
2007-07-05,272.3999938964844,278.1000061035156,272.25,274.5,194.5628662109375,1897
2007-07-06,272.54998779296875,279.0,272.54998779296875,278.95001220703125,197.71701049804688,1723
2007-07-09,272.6000061035156,280.0,272.6000061035156,276.45001220703125,195.9450225830078,1276
2007-07-10,278.8999938964844,281.5,275.0,278.79998779296875,197.6106719970703,1675
2007-07-11,273.5,278.95001220703125,272.5,274.70001220703125,194.70465087890625,999
2007-07-12,265.0,279.79998779296875,265.0,277.8500061035156,196.93734741210938,1319
2007-07-13,280.0,280.0,276.3500061035156,276.54998779296875,196.015869140625,314
2007-07-16,260.5,280.0,260.5,272.20001220703125,192.9326629638672,1206
2007-07-17,273.1000061035156,281.5,273.1000061035156,278.04998779296875,197.07901000976562,12924
2007-07-18,289.79998779296875,289.79998779296875,276.04998779296875,279.79998779296875,198.3194122314453,1768
2007-07-19,277.1000061035156,282.5,277.04998779296875,280.79998779296875,199.02822875976562,2904
2007-07-20,277.5,280.8999938964844,275.1000061035156,276.54998779296875,196.015869140625,1374
2007-07-23,275.0,289.0,275.0,285.25,202.18234252929688,1595
2007-07-24,282.0,284.70001220703125,277.3999938964844,277.5,196.68923950195312,130
2007-07-25,272.29998779296875,281.0,272.29998779296875,280.3999938964844,198.7447052001953,1286
2007-07-26,276.1000061035156,280.0,276.1000061035156,279.5,198.1068572998047,1024
2007-07-27,271.0,278.0,271.0,272.1000061035156,192.8617706298828,954
2007-07-30,270.0,271.0,261.0,266.8500061035156,189.14060974121094,1939
2007-07-31,266.0,270.0,265.1000061035156,268.20001220703125,190.0975341796875,747
2007-08-01,262.0,271.0,260.0,271.0,192.08212280273438,3310
2007-08-02,253.3000030517578,270.70001220703125,253.3000030517578,262.0,185.70297241210938,989
2007-08-03,257.6000061035156,265.0,257.6000061035156,260.0,184.28543090820312,1097
2007-08-06,255.0,275.0,254.0,258.79998779296875,183.43484497070312,3626
2007-08-07,260.1499938964844,263.8999938964844,257.0,258.20001220703125,183.0095977783203,541
2007-08-08,267.0,273.0,265.0,269.6499938964844,191.12522888183594,1313
2007-08-09,269.8999938964844,270.25,262.0,262.0,185.70297241210938,2260
2007-08-10,267.0,270.0,260.0,261.95001220703125,185.6675567626953,147
2007-08-13,299.79998779296875,299.79998779296875,250.0,252.4499969482422,178.9340057373047,3387
2007-08-14,252.5,254.0,250.0,251.0500030517578,177.94175720214844,3415
2007-08-16,230.0,246.0500030517578,227.1999969482422,242.9499969482422,172.20057678222656,1431
2007-08-17,236.25,245.0,234.0,239.60000610351562,169.8260955810547,1961
2007-08-20,270.0,287.54998779296875,255.0,278.6000061035156,197.4689178466797,20699
2007-08-21,288.79998779296875,288.79998779296875,266.3500061035156,271.0,192.08212280273438,23033
2007-08-22,272.0,282.8999938964844,270.0,271.3999938964844,192.36561584472656,11304
2007-08-23,270.25,280.0,270.0,270.8500061035156,191.9757843017578,9839
2007-08-24,274.3999938964844,275.0,267.04998779296875,270.1000061035156,191.44418334960938,1805
2007-08-27,275.0,275.5,271.25,273.20001220703125,193.64144897460938,2255
2007-08-28,275.0,280.0,270.0,270.95001220703125,192.04666137695312,6591
2007-08-29,274.8999938964844,277.0,270.0,274.95001220703125,194.88182067871094,10683
2007-08-30,278.0,278.0,266.5,270.6499938964844,191.8340301513672,1377
2007-08-31,262.5,299.8999938964844,262.5,297.54998779296875,210.9004669189453,49631
2007-09-03,350.0,350.0,315.0,338.6000061035156,239.9962921142578,93220
2007-09-04,352.0,372.0,343.0,364.29998779296875,258.2121887207031,104867
2007-09-05,369.6000061035156,372.0,340.6000061035156,345.25,244.7097930908203,37548
2007-09-06,342.0,345.79998779296875,333.04998779296875,340.6499938964844,241.4492645263672,15160
2007-09-07,345.0,382.0,345.0,365.79998779296875,259.275390625,67121
2007-09-10,353.0,373.5,353.0,369.29998779296875,261.7561340332031,25436
2007-09-11,374.95001220703125,374.95001220703125,352.0,357.6499938964844,253.4987335205078,12163
2007-09-12,351.0,384.0,351.0,379.5,268.98577880859375,38729
2007-09-13,383.95001220703125,384.0,368.0,376.0,266.5050354003906,12892
2007-09-14,351.54998779296875,395.0,351.54998779296875,358.70001220703125,254.2429962158203,10337
2007-09-17,357.0,365.0,350.1000061035156,353.54998779296875,250.59266662597656,4163
2007-09-18,355.0,365.0,355.0,361.75,256.40478515625,5081
2007-09-19,370.0,371.5,360.1499938964844,362.95001220703125,257.2553405761719,10897
2007-09-20,365.75,378.0,363.5,368.45001220703125,261.1536865234375,8005
2007-09-21,368.5,370.0,362.25,363.04998779296875,257.3262023925781,7886
2007-09-24,369.95001220703125,369.95001220703125,355.0,355.0,251.62045288085938,43775
2007-09-25,355.0,361.5,352.0,357.95001220703125,253.7113800048828,8973
2007-09-26,347.0,358.0,347.0,349.04998779296875,247.40316772460938,10996
2007-09-27,346.1000061035156,352.0,335.0,339.45001220703125,240.59877014160156,9949
2007-09-28,349.8999938964844,354.0,337.0,350.79998779296875,248.6435546875,13967
2007-10-01,365.0,376.0,358.0,367.70001220703125,260.6220703125,16248
2007-10-03,370.0,377.8999938964844,342.6499938964844,357.29998779296875,253.25064086914062,22214
2007-10-04,374.8999938964844,374.8999938964844,340.3500061035156,361.6499938964844,256.3338928222656,11815
2007-10-05,360.0,364.0,340.04998779296875,344.25,244.00096130371094,9209
2007-10-08,356.8999938964844,356.8999938964844,332.0,334.45001220703125,237.0548095703125,6170
2007-10-09,329.0,341.8999938964844,328.0,334.8999938964844,237.37376403808594,2082
2007-10-10,330.29998779296875,342.79998779296875,328.25,340.20001220703125,241.13034057617188,12514
2007-10-11,320.1000061035156,365.0,320.04998779296875,340.8999938964844,241.6265106201172,3006
2007-10-12,340.0,353.0,340.0,345.25,244.7097930908203,5345
2007-10-15,347.8999938964844,347.8999938964844,341.0,343.45001220703125,243.43394470214844,6873
2007-10-16,340.1000061035156,350.0,340.0,346.1000061035156,245.312255859375,5139
2007-10-17,300.0,342.79998779296875,300.0,340.0,240.98863220214844,3029
2007-10-18,347.5,350.0,339.0,340.20001220703125,241.13034057617188,5136
2007-10-19,337.0,337.0,330.0,331.8500061035156,235.21192932128906,3373
2007-10-22,320.04998779296875,333.79998779296875,315.0,330.04998779296875,233.93609619140625,1350
2007-10-23,332.0,333.0,314.5,318.45001220703125,225.71417236328125,15001
2007-10-24,320.0,326.0,314.04998779296875,320.04998779296875,226.84820556640625,10609
2007-10-25,325.0,330.0,324.95001220703125,325.20001220703125,230.49853515625,1152
2007-10-26,330.0,330.0,311.6499938964844,314.5,222.91445922851562,1202
2007-10-29,315.0,319.0,306.29998779296875,314.95001220703125,223.2334747314453,5668
2007-10-30,310.0,325.0,305.04998779296875,316.54998779296875,224.36744689941406,4564
2007-10-31,310.04998779296875,316.0,310.0,310.0,219.72486877441406,5371
2007-11-01,306.0,314.0,300.0,305.79998779296875,216.74795532226562,4580
2007-11-02,301.0,306.0,287.0,290.6499938964844,206.00982666015625,5790
2007-11-05,295.0,310.04998779296875,295.0,305.54998779296875,216.57081604003906,4511
2007-11-06,303.29998779296875,311.95001220703125,295.1499938964844,298.6000061035156,211.64468383789062,1927
2007-11-07,300.0,310.0,300.0,305.0,216.18093872070312,4924
2007-11-08,305.0,307.0,300.0,304.1000061035156,215.5430145263672,5500
2007-11-12,300.0,304.0,281.04998779296875,295.25,209.27027893066406,843
2007-11-13,290.04998779296875,298.8999938964844,290.04998779296875,295.0,209.09303283691406,1358
2007-11-14,290.0,298.0,290.0,294.29998779296875,208.59689331054688,4787
2007-11-15,296.0,304.95001220703125,295.0,301.45001220703125,213.66476440429688,4757
2007-11-16,302.0,302.0,290.0,292.70001220703125,207.46279907226562,11941
2007-11-19,288.04998779296875,305.0,288.04998779296875,305.0,216.18093872070312,6684
2007-11-20,299.0,305.04998779296875,297.04998779296875,300.0,212.6370086669922,5481
2007-11-21,300.0,307.75,295.04998779296875,300.0,212.6370086669922,4972
2007-11-22,312.0,312.0,295.0,300.8999938964844,213.2749481201172,7829
2007-11-23,308.75,310.0,300.0,310.0,219.72486877441406,3839
2007-11-26,310.0,321.0,306.04998779296875,320.0,226.81280517578125,4493
2007-11-27,304.0,330.0,304.0,320.0,226.81280517578125,2421
2007-11-28,329.0,330.25,318.0,330.0,233.90072631835938,5711
2007-11-29,325.0,336.54998779296875,316.0,336.54998779296875,238.5432891845703,8229
2007-11-30,326.25,330.0,325.25,330.0,233.90072631835938,2825
2007-12-03,350.0,350.0,325.04998779296875,344.45001220703125,244.1427001953125,11775
2007-12-04,375.0,375.0,348.0,348.0,246.658935546875,4583
2007-12-05,358.79998779296875,358.79998779296875,342.0,349.3500061035156,247.61578369140625,5495
2007-12-06,374.79998779296875,374.79998779296875,335.0,348.3999938964844,246.94239807128906,3522
2007-12-07,374.0,374.0,333.29998779296875,348.6000061035156,247.08419799804688,7419
2007-12-10,348.0,352.8999938964844,346.0,348.0,246.658935546875,3332
2007-12-11,351.75,352.0,332.1000061035156,338.20001220703125,239.7128448486328,6846
2007-12-12,325.25,347.0,325.04998779296875,345.0,244.53248596191406,5286
2007-12-13,369.70001220703125,369.70001220703125,344.0,347.95001220703125,246.62347412109375,2033
2007-12-14,342.04998779296875,348.0,342.0,345.6000061035156,244.95787048339844,1621
2007-12-17,345.0,355.0,345.0,345.3500061035156,244.78062438964844,3968
2007-12-18,334.0,355.0,327.1000061035156,330.0,233.90072631835938,1204
2007-12-19,333.0,350.0,333.0,335.29998779296875,237.65728759765625,1871
2007-12-20,335.0,349.0,330.0,331.20001220703125,234.7512664794922,178
2007-12-24,347.0,347.75,333.0,336.1000061035156,238.22430419921875,1690
2007-12-26,336.0,348.95001220703125,330.25,330.8999938964844,234.53860473632812,515
2007-12-27,334.0,335.0,330.0,330.0,233.90072631835938,1138
2007-12-28,325.0,335.0,325.0,334.8999938964844,237.37376403808594,303
2007-12-31,335.0,340.5,333.0,337.70001220703125,239.35836791992188,3238
2008-01-01,330.04998779296875,344.0,330.04998779296875,337.20001220703125,239.00401306152344,1180
2008-01-02,328.75,337.95001220703125,328.5,332.0,235.31832885742188,2159
2008-01-03,340.0,341.0,335.0,338.75,240.1025848388672,1956
2008-01-04,339.0,340.0,334.0,338.70001220703125,240.06723022460938,3399
2008-01-07,330.0,340.0,330.0,339.8500061035156,240.88232421875,31410
2008-01-08,350.0,350.0,335.0,335.25,237.6218719482422,6575
2008-01-09,330.25,336.8999938964844,330.0,332.6499938964844,235.77899169921875,4876
2008-01-10,395.0,395.0,330.0,335.0,237.4447021484375,9606
2008-01-11,330.0,337.8500061035156,330.0,335.0,237.4447021484375,1551
2008-01-14,332.04998779296875,335.0,330.0,335.0,237.4447021484375,1810
2008-01-15,385.0,385.0,332.1000061035156,332.1000061035156,235.38917541503906,961
2008-01-16,331.0,332.0,330.0,330.29998779296875,234.1133270263672,1645
2008-01-17,330.04998779296875,331.0,328.29998779296875,329.79998779296875,233.75892639160156,716
2008-01-18,330.0,346.04998779296875,325.0,335.1000061035156,237.51551818847656,8105
2008-01-21,330.0,332.0,290.0,319.75,226.63560485839844,15364
2008-01-22,275.0,284.0,270.0,275.0,194.91722106933594,2044
2008-01-23,270.0,298.8500061035156,265.0,290.0,205.54910278320312,752
2008-01-24,324.8500061035156,329.95001220703125,290.0,298.75,211.75103759765625,1845
2008-01-25,275.04998779296875,311.0,275.04998779296875,311.0,220.4337158203125,1859
2008-01-28,300.0,310.0,295.0,307.29998779296875,217.81114196777344,1277
2008-01-29,308.0,325.0,305.0,310.0,219.72486877441406,1252
2008-01-30,292.04998779296875,310.0,292.04998779296875,301.04998779296875,213.3812255859375,1921
2008-01-31,305.0,310.0,300.0,310.0,219.72486877441406,18004
2008-02-01,300.0,310.0,300.0,310.0,219.72486877441406,2660
2008-02-04,321.5,321.5,310.0,310.0,219.72486877441406,1501
2008-02-05,312.5,327.0,312.5,325.0,230.35678100585938,4084
2008-02-06,316.0,325.0,316.0,325.0,230.35678100585938,5185
2008-02-07,325.0,340.0,319.04998779296875,323.95001220703125,229.61256408691406,7338
2008-02-08,320.0,325.0,318.0,325.0,230.35678100585938,14274
2008-02-11,320.25,324.0,318.0,320.0,226.81280517578125,5220
2008-02-12,320.0,325.0,320.0,322.1499938964844,228.33673095703125,6241
2008-02-13,320.1000061035156,325.0,320.0,323.6000061035156,229.36441040039062,3196
2008-02-14,321.0,327.0,320.0,322.1499938964844,228.33673095703125,2137
2008-02-15,318.54998779296875,327.0,318.54998779296875,322.04998779296875,228.2657928466797,3891
2008-02-18,321.0,328.5,321.0,325.0,230.35678100585938,1140
2008-02-19,323.0,327.0,322.0,325.45001220703125,230.67572021484375,2801
2008-02-20,322.6000061035156,327.75,321.6000061035156,327.70001220703125,232.27049255371094,4974
2008-02-21,322.70001220703125,325.04998779296875,322.70001220703125,325.04998779296875,230.3921661376953,1129
2008-02-22,320.0,330.0,320.0,320.75,227.34439086914062,600
2008-02-25,294.1000061035156,323.0,266.6499938964844,320.0,226.81280517578125,1939
2008-02-26,325.0,327.0,317.0,320.1499938964844,226.9191436767578,4118
2008-02-27,320.1499938964844,325.0,320.1499938964844,323.0,228.93917846679688,716
2008-02-28,316.0,320.25,316.0,318.0,225.39520263671875,590
2008-02-29,322.0,322.0,322.0,322.0,228.2303466796875,50
2008-03-03,301.0,322.95001220703125,300.04998779296875,321.79998779296875,228.088623046875,3079
2008-03-04,318.5,332.0,318.04998779296875,324.29998779296875,229.8606414794922,2857
2008-03-05,305.0,326.0,305.0,322.29998779296875,228.44297790527344,1044
2008-03-07,315.0,323.0,308.0,321.95001220703125,228.19493103027344,13694
2008-03-10,317.0,328.5,317.0,320.75,227.34439086914062,13171
2008-03-11,320.29998779296875,327.1499938964844,318.5,319.29998779296875,226.3166961669922,1646
2008-03-12,321.54998779296875,325.0,318.5,324.54998779296875,230.0377655029297,5762
2008-03-13,316.54998779296875,323.5,315.5,319.29998779296875,226.3166961669922,17917
2008-03-14,315.1000061035156,324.25,308.04998779296875,321.8999938964844,228.15951538085938,84262
2008-03-17,300.0,300.0,295.0,295.0,209.09303283691406,1671
2008-03-18,295.0,307.0,280.0,280.0,198.4612274169922,2792
2008-03-19,280.0,299.79998779296875,275.0,279.95001220703125,198.42575073242188,1151
2008-03-24,280.0,280.0,268.0,270.29998779296875,191.5859375,3572
2008-03-25,306.0,306.0,270.04998779296875,278.04998779296875,197.07901000976562,3246
2008-03-26,295.5,295.5,272.0,276.79998779296875,196.19305419921875,518
2008-03-27,270.1000061035156,289.8999938964844,270.1000061035156,289.8999938964844,205.4782257080078,533
2008-03-28,281.04998779296875,285.95001220703125,281.04998779296875,283.3500061035156,200.83567810058594,1205
2008-03-31,285.95001220703125,288.0,271.1499938964844,274.45001220703125,194.52745056152344,812
2008-04-01,280.0,287.95001220703125,280.0,282.70001220703125,200.3749542236328,300
2008-04-02,288.79998779296875,295.0,281.0,283.20001220703125,200.72933959960938,572
2008-04-03,290.0,290.0,290.0,290.0,205.54910278320312,20
2008-04-04,273.0,289.0,273.0,289.0,204.84030151367188,12
2008-04-07,273.8500061035156,276.0,271.04998779296875,272.1499938964844,192.89720153808594,335
2008-04-08,271.0,280.0,271.0,280.0,198.4612274169922,590
2008-04-09,280.0,281.29998779296875,274.5,281.29998779296875,199.38262939453125,417
2008-04-10,280.0,287.0,277.0,282.5,200.23316955566406,354
2008-04-11,295.0,295.0,280.0,283.45001220703125,200.90652465820312,305
2008-04-15,291.0,295.0,274.3999938964844,277.75,196.86642456054688,887
2008-04-16,277.79998779296875,277.79998779296875,275.04998779296875,275.04998779296875,194.9526824951172,395
2008-04-17,275.25,278.79998779296875,275.25,278.79998779296875,197.6106719970703,7614
2008-04-21,281.0,281.0,272.0,272.0,192.79090881347656,2004
2008-04-22,275.0,280.0,271.0,280.0,198.4612274169922,977
2008-04-23,282.95001220703125,285.0,282.95001220703125,283.0,200.58755493164062,505
2008-04-24,285.0,285.0,282.0,282.0,199.87879943847656,30
2008-04-25,294.0,294.0,271.0,273.3999938964844,193.78317260742188,550
2008-04-28,272.29998779296875,292.0,272.29998779296875,277.04998779296875,196.37026977539062,182
2008-04-29,289.0,292.0,281.1000061035156,281.25,199.34719848632812,295
2008-04-30,275.0,280.0,271.5,278.04998779296875,197.07901000976562,971
2008-05-02,275.0,292.95001220703125,275.0,280.25,198.63841247558594,210
2008-05-05,289.3999938964844,289.3999938964844,276.0,277.54998779296875,196.7246856689453,2013
2008-05-06,284.8999938964844,285.0,277.5,284.0,201.2963409423828,235
2008-05-07,273.6499938964844,274.0,273.0,273.75,194.03125,106
2008-05-08,271.5,281.0,271.5,281.0,199.1699676513672,112
2008-05-09,268.0,280.0,268.0,278.70001220703125,197.539794921875,1421
2008-05-12,271.0,289.8999938964844,271.0,287.0,203.4227294921875,1672
2008-05-13,274.29998779296875,281.0,274.29998779296875,281.0,199.1699676513672,106
2008-05-14,278.0,285.0,278.0,285.0,202.00515747070312,110
2008-05-15,281.0,293.8500061035156,281.0,293.8500061035156,208.2779541015625,4242
2008-05-16,281.04998779296875,289.0,281.04998779296875,283.54998779296875,200.9773712158203,676
2008-05-20,265.1499938964844,281.0,265.1499938964844,281.0,199.1699676513672,3507
2008-05-21,280.0,285.0,275.1000061035156,276.75,196.1576385498047,917
2008-05-22,280.29998779296875,289.0,277.0,282.6000061035156,200.3040771484375,653
2008-05-23,279.0,282.0,277.0,277.0,196.3348388671875,265
2008-05-26,265.6000061035156,282.6000061035156,265.6000061035156,281.54998779296875,199.55982971191406,1165
2008-05-27,280.0,280.0,274.0,280.0,198.4612274169922,1126
2008-05-28,278.0,282.0,274.1000061035156,274.20001220703125,194.35023498535156,781
2008-05-29,273.6000061035156,281.95001220703125,273.6000061035156,274.45001220703125,194.52745056152344,243
2008-05-30,274.1000061035156,280.0,274.0,279.95001220703125,198.42575073242188,1371
2008-06-02,275.5,275.5,275.0,275.0,194.91722106933594,195
2008-06-03,277.0,283.0,275.0,279.0,197.75238037109375,663
2008-06-04,272.5,279.0,272.5,276.0,195.62606811523438,108
2008-06-05,266.54998779296875,282.0,266.1000061035156,281.70001220703125,199.66615295410156,1211
2008-06-06,279.0,282.0,275.0,279.20001220703125,197.8941650390625,4998
2008-06-09,271.20001220703125,280.0,265.0,279.79998779296875,198.3194122314453,7012
2008-06-10,282.29998779296875,282.29998779296875,271.54998779296875,280.29998779296875,198.6738739013672,7783
2008-06-11,275.1000061035156,276.6000061035156,275.1000061035156,276.54998779296875,196.015869140625,13
2008-06-12,276.54998779296875,276.54998779296875,276.54998779296875,276.54998779296875,196.015869140625,0
2008-06-13,276.54998779296875,280.0,265.0,279.8500061035156,198.35487365722656,3477
2008-06-16,280.0,281.0,280.0,280.0,198.4612274169922,773
2008-06-17,277.0,282.0,277.0,280.0,198.4612274169922,2318
2008-06-18,274.1499938964844,285.45001220703125,274.1499938964844,282.54998779296875,200.2686004638672,5162
2008-06-19,285.0,286.0,283.0,286.0,202.7139434814453,1721
2008-06-20,273.6499938964844,277.0,270.0,272.20001220703125,192.9326629638672,245
2008-06-23,262.6499938964844,282.0,262.6499938964844,280.0,198.4612274169922,7661
2008-06-24,273.70001220703125,280.0,273.70001220703125,279.6499938964844,198.21315002441406,2050
2008-06-25,260.0,280.0,260.0,275.04998779296875,194.9526824951172,10975
2008-06-26,280.0,281.0,279.0,279.0,197.75238037109375,580
2008-06-27,260.04998779296875,278.0,260.04998779296875,270.0,195.5792694091797,675
2008-06-30,275.0,280.0,273.0,280.0,202.82298278808594,5974
2008-07-01,270.0,270.0,235.0,242.5500030517578,175.6953887939453,997
2008-07-02,226.64999389648438,233.6999969482422,221.0,228.8000030517578,165.7353515625,473
2008-07-03,210.3000030517578,240.0,210.3000030517578,221.35000610351562,160.33883666992188,3947
2008-07-04,234.0,239.0,234.0,235.5,170.58860778808594,118
2008-07-07,235.5,235.5,235.5,235.5,170.58860778808594,0
2008-07-08,235.5,235.5,235.5,235.5,170.58860778808594,0
2008-07-09,227.0,227.0,226.1999969482422,226.1999969482422,163.8519744873047,55
2008-07-10,216.35000610351562,229.89999389648438,216.35000610351562,228.0,165.15586853027344,442
2008-07-11,218.0,226.0,212.0,212.0500030517578,153.60220336914062,488
2008-07-14,224.0,224.0,206.6999969482422,211.89999389648438,153.4935302734375,372
2008-07-15,192.5500030517578,209.0,192.5500030517578,201.64999389648438,146.06875610351562,235
2008-07-16,198.0,198.0,176.5,177.25,128.39419555664062,4061
2008-07-17,193.0,195.0,185.25,194.64999389648438,140.9982147216797,855
2008-07-18,194.64999389648438,194.64999389648438,194.64999389648438,194.64999389648438,140.9982147216797,0
2008-07-21,190.0500030517578,190.0500030517578,190.0,190.0,137.62986755371094,235
2008-07-22,190.0,205.0,190.0,202.5,146.68450927734375,3010
2008-07-23,200.10000610351562,207.8000030517578,200.0500030517578,205.4499969482422,148.8213653564453,523
2008-07-24,213.0,213.0,210.0,210.0,152.1172332763672,422
2008-07-25,240.0,240.0,206.0,207.6999969482422,150.45115661621094,264
2008-07-28,244.0,244.0,205.0500030517578,205.0500030517578,148.53163146972656,122
2008-07-29,205.0,215.0500030517578,205.0,215.0,155.73907470703125,1085
2008-07-30,216.0,216.0,215.0,215.0,155.73907470703125,125
2008-07-31,220.0,235.0,215.0,232.0500030517578,168.0895538330078,1181
2008-08-01,225.0,234.0,222.0,225.9499969482422,163.67091369628906,1057
2008-08-04,234.0,234.0,220.0,220.0,159.36093139648438,150
2008-08-05,228.0,228.0,217.10000610351562,217.10000610351562,157.26025390625,450
2008-08-06,215.0,230.0,215.0,222.64999389648438,161.2804718017578,1052
2008-08-07,231.0,237.85000610351562,215.0,215.5,156.10125732421875,1386
2008-08-08,220.0,220.0,220.0,220.0,159.36093139648438,70
2008-08-11,211.25,225.0,211.25,215.0500030517578,155.77529907226562,5
2008-08-12,205.0,220.4499969482422,205.0,214.0500030517578,155.0509490966797,520
2008-08-13,214.0500030517578,214.0500030517578,214.0500030517578,214.0500030517578,155.0509490966797,0
2008-08-14,210.0,224.8000030517578,207.9499969482422,209.1999969482422,151.53775024414062,311
2008-08-18,209.1999969482422,209.1999969482422,209.1999969482422,209.1999969482422,151.53775024414062,0
2008-08-19,207.0,207.0,202.0500030517578,202.0500030517578,146.3585205078125,3
2008-08-20,193.0,219.89999389648438,193.0,219.89999389648438,159.28846740722656,28
2008-08-21,210.0,210.0,204.0,204.0,147.7710418701172,2
2008-08-22,205.0,205.0,202.3000030517578,202.5,146.68450927734375,69
2008-08-25,210.0,214.9499969482422,203.0,206.0,149.21974182128906,1210
2008-08-26,205.0,205.0,205.0,205.0,148.49539184570312,50
2008-08-27,196.0,218.0,196.0,218.0,157.9121856689453,210
2008-08-28,218.0,218.0,218.0,218.0,157.9121856689453,0
2008-08-29,206.14999389648438,212.0,202.0,205.35000610351562,148.7489471435547,505
2008-09-01,200.0,200.0,198.10000610351562,198.5500030517578,143.82321166992188,20
2008-09-02,193.0,199.0,193.0,199.0,144.14918518066406,576
2008-09-04,194.10000610351562,204.0,194.0,200.0,144.87355041503906,1019
2008-09-05,196.0,205.8000030517578,196.0,202.89999389648438,146.97421264648438,22
2008-09-08,200.0500030517578,201.25,200.0,200.0500030517578,144.9097900390625,260
2008-09-09,196.5500030517578,205.6999969482422,196.5500030517578,205.6999969482422,149.00245666503906,546
2008-09-10,204.9499969482422,204.9499969482422,204.9499969482422,204.9499969482422,148.4591827392578,5
2008-09-11,204.9499969482422,204.9499969482422,198.5,198.5,143.78700256347656,165
2008-09-12,195.14999389648438,200.0,195.14999389648438,200.0,144.87355041503906,425
2008-09-15,181.25,200.0,181.25,195.0,141.25172424316406,359
2008-09-16,195.0,195.0,195.0,195.0,141.25172424316406,0
2008-09-17,195.0,195.0,195.0,195.0,141.25172424316406,0
2008-09-18,171.0500030517578,184.0,170.0,184.0,133.28369140625,540
2008-09-19,175.5,180.0,175.3000030517578,180.0,130.38619995117188,156
2008-09-22,185.0,187.0,180.0,183.0,132.559326171875,389
2008-09-23,194.0,194.0,176.10000610351562,176.10000610351562,127.56116485595703,84
2008-09-24,180.0,189.8000030517578,171.0,189.8000030517578,137.48500061035156,175
2008-09-25,178.0,178.0,172.0,176.0,127.48871612548828,151
2008-09-26,175.0,200.0,175.0,187.85000610351562,136.07249450683594,3846
2008-09-29,198.9499969482422,199.0,167.35000610351562,171.0500030517578,123.9030990600586,194
2008-09-30,177.9499969482422,194.0,175.0,190.14999389648438,137.738525390625,1311
2008-10-01,176.0500030517578,179.0,165.0500030517578,171.0500030517578,123.9030990600586,1548
2008-10-03,170.0,173.89999389648438,170.0,170.25,123.32361602783203,31
2008-10-06,170.0,170.0,137.0,137.0,99.23839569091797,1369
2008-10-07,145.0,147.85000610351562,130.0,139.64999389648438,101.157958984375,560
2008-10-10,111.80000305175781,129.85000610351562,111.80000305175781,129.85000610351562,94.05915832519531,2037
2008-10-13,107.1500015258789,120.0,107.1500015258789,113.30000305175781,82.07086181640625,681
2008-10-14,93.0999984741211,124.9000015258789,93.0999984741211,116.0,84.02666473388672,336
2008-10-15,107.5,107.5,105.0,105.0999984741211,76.13105773925781,110
2008-10-16,95.0,95.0,95.0,95.0,68.81493377685547,136
2008-10-17,97.0,102.0,96.75,99.19999694824219,71.85728454589844,246
2008-10-20,95.0,99.0,80.0,99.0,71.71240234375,453
2008-10-21,95.0,118.80000305175781,95.0,112.19999694824219,81.2740707397461,476
2008-10-22,119.94999694824219,119.94999694824219,105.0,109.0,78.95609283447266,82
2008-10-23,105.0,115.0,105.0,109.4000015258789,79.24584197998047,121
2008-10-24,101.5,101.5,94.0,99.6500015258789,72.18324279785156,122
2008-10-27,99.6500015258789,99.6500015258789,99.6500015258789,99.6500015258789,72.18324279785156,0
2008-10-29,100.30000305175781,100.30000305175781,84.69999694824219,84.69999694824219,61.35395431518555,4531
2008-10-31,81.0,87.0,80.0,80.0,57.949424743652344,2449
2008-11-03,85.0,88.4000015258789,78.3499984741211,83.8499984741211,60.738243103027344,852
2008-11-04,80.0,80.0,79.0,79.8499984741211,57.84075164794922,2412
2008-11-05,75.0,75.0,69.5,71.94999694824219,52.118263244628906,9100
2008-11-06,75.0,75.0,68.0999984741211,71.9000015258789,52.08204650878906,3205
2008-11-07,71.0,71.0,64.0,65.0,47.08390426635742,17547
2008-11-10,62.0,65.0,62.0,62.400001525878906,45.20055389404297,11437
2008-11-11,60.04999923706055,62.0,59.0,60.0,43.462066650390625,41831
2008-11-12,58.0,62.0,58.0,62.0,44.91080093383789,29485
2008-11-14,64.94999694824219,64.94999694824219,58.0,59.04999923706055,42.77391052246094,91394
2008-11-17,59.0,61.45000076293945,54.0,55.900001525878906,40.49216079711914,53709
2008-11-18,54.20000076293945,61.95000076293945,54.20000076293945,58.400001525878906,42.303077697753906,9571
2008-11-19,61.95000076293945,61.95000076293945,58.400001525878906,60.150001525878906,43.570716857910156,1614
2008-11-20,60.20000076293945,63.75,58.150001525878906,63.75,46.17844772338867,4617
2008-11-21,61.0,64.0,61.0,63.0,45.635169982910156,709
2008-11-24,61.04999923706055,63.0,61.0,61.0,44.18644332885742,565
2008-11-25,63.0,68.0,63.0,65.1500015258789,47.192562103271484,2912
2008-11-26,63.599998474121094,65.94999694824219,61.0,65.05000305175781,47.12013244628906,3076
2008-11-27,65.05000305175781,65.05000305175781,65.05000305175781,65.05000305175781,47.12013244628906,0
2008-11-28,62.04999923706055,63.54999923706055,62.0,63.54999923706055,46.033573150634766,292
2008-12-01,65.0,66.94999694824219,64.0,65.5,47.44608688354492,410
2008-12-02,63.0,65.0,61.650001525878906,63.04999923706055,45.67138671875,883
2008-12-03,65.0,69.69999694824219,63.0,68.5,49.619197845458984,540
2008-12-04,64.05000305175781,68.0,64.0,66.0999984741211,47.88071060180664,2531
2008-12-05,66.0,78.0,66.0,72.1500015258789,52.26313781738281,35072
2008-12-08,74.4000015258789,76.8499984741211,73.25,74.8499984741211,54.21892547607422,7129
2008-12-10,75.0,75.9000015258789,64.0,74.30000305175781,53.820526123046875,2332
2008-12-11,74.0,77.94999694824219,68.0,70.44999694824219,51.03171157836914,2222
2008-12-12,68.0999984741211,76.0,67.0,73.9000015258789,53.53076934814453,2457
2008-12-15,71.5,74.75,70.4000015258789,72.8499984741211,52.77019119262695,1968
2008-12-16,74.94999694824219,74.94999694824219,70.5999984741211,72.44999694824219,52.480445861816406,882
2008-12-17,74.0,74.0,72.25,72.30000305175781,52.37179183959961,2940
2008-12-18,71.0,72.44999694824219,71.0,72.0999984741211,52.226924896240234,665
2008-12-19,72.0,73.4000015258789,70.3499984741211,72.0,52.15447998046875,4773
2008-12-22,73.0,75.0,71.0,71.1500015258789,51.53877258300781,1464
2008-12-23,73.5999984741211,73.5999984741211,67.0,71.5999984741211,51.864742279052734,1801
2008-12-24,72.9000015258789,74.0,70.5,70.80000305175781,51.285247802734375,2535
2008-12-26,70.0,73.0,69.0,69.0999984741211,50.05381393432617,7223
2008-12-29,65.0,69.8499984741211,61.150001525878906,68.75,49.800289154052734,1119
2008-12-30,69.05000305175781,70.5,67.30000305175781,68.05000305175781,49.29322814941406,1340
2008-12-31,69.94999694824219,71.5,69.94999694824219,70.5,51.06793212890625,5630
2009-01-02,71.0999984741211,73.0,70.5,72.25,52.335567474365234,4004
2009-01-05,72.25,72.3499984741211,70.1500015258789,72.0,52.15447998046875,6305
2009-01-06,73.0,73.0,69.94999694824219,70.0999984741211,50.77818298339844,3881
2009-01-07,71.75,72.0,64.0999984741211,65.05000305175781,47.12013244628906,4263
2009-01-09,60.0,69.5,57.0,68.25,49.43809509277344,1266
2009-01-12,67.0,70.0,67.0,68.55000305175781,49.65542984008789,541
2009-01-13,70.0,70.0,67.0,67.80000305175781,49.11214065551758,970
2009-01-14,67.1500015258789,70.0,67.1500015258789,68.80000305175781,49.836509704589844,669
2009-01-15,70.0,70.5,65.0,67.44999694824219,48.85860061645508,4404
2009-01-16,67.0,73.0,67.0,68.0999984741211,49.32944107055664,787
2009-01-19,67.0,70.0,65.05000305175781,66.05000305175781,47.8444938659668,2231
2009-01-20,68.44999694824219,70.0,66.1500015258789,70.0,50.705745697021484,279
2009-01-21,70.0,70.0,65.5,65.75,47.62718200683594,192
2009-01-22,74.3499984741211,74.3499984741211,66.0,67.55000305175781,48.9310417175293,990
2009-01-23,69.30000305175781,69.30000305175781,67.0,67.0,48.53264236450195,110
2009-01-27,69.80000305175781,69.80000305175781,69.5,69.5,50.343570709228516,21
2009-01-28,69.05000305175781,69.05000305175781,63.0,63.849998474121094,46.25088119506836,2318
2009-01-29,75.94999694824219,75.94999694824219,62.20000076293945,67.55000305175781,48.9310417175293,4550
2009-01-30,68.5,68.5,68.5,68.5,49.619197845458984,10
2009-02-02,68.69999694824219,68.8499984741211,68.55000305175781,68.55000305175781,49.65542984008789,47
2009-02-03,65.25,66.9000015258789,65.0,65.05000305175781,47.12013244628906,852
2009-02-04,67.0,67.0,65.1500015258789,65.1500015258789,47.192562103271484,140
2009-02-05,72.94999694824219,72.94999694824219,65.05000305175781,67.94999694824219,49.22078323364258,250
2009-02-06,66.0,66.0,66.0,66.0,47.80828094482422,157
2009-02-09,68.4000015258789,70.0,66.1500015258789,67.9000015258789,49.1845703125,1290
2009-02-10,68.0,68.0,64.30000305175781,66.0999984741211,47.88071060180664,2062
2009-02-11,70.0,70.0,68.0999984741211,69.8499984741211,50.59709167480469,1128
2009-02-12,71.0,74.0,67.0,67.0,48.53264236450195,2479
2009-02-13,68.0999984741211,68.0999984741211,68.0,68.0,49.25701141357422,125
2009-02-16,74.5,74.5,66.44999694824219,68.94999694824219,49.94515609741211,249
2009-02-17,69.94999694824219,71.9000015258789,69.94999694824219,71.44999694824219,51.756072998046875,238
2009-02-18,70.0,75.0,69.05000305175781,70.3499984741211,50.95927047729492,14705
2009-02-19,61.0,72.44999694824219,61.0,72.3499984741211,52.40800857543945,1343
2009-02-20,69.0,72.94999694824219,68.0,70.5,51.06793212890625,623
2009-02-24,68.0,68.0,68.0,68.0,49.25701141357422,60
2009-02-25,70.94999694824219,70.94999694824219,67.5,69.5,50.343570709228516,797
2009-02-26,71.80000305175781,71.80000305175781,69.0,69.0999984741211,50.05381393432617,1205
2009-02-27,70.94999694824219,71.0,70.94999694824219,71.0,51.430118560791016,20
2009-03-02,67.0,68.94999694824219,66.0,66.3499984741211,48.06180191040039,636
2009-03-03,69.80000305175781,69.80000305175781,69.80000305175781,69.80000305175781,50.56087112426758,17
2009-03-04,70.80000305175781,70.80000305175781,65.05000305175781,67.30000305175781,48.74995040893555,869
2009-03-05,71.75,71.75,66.0999984741211,66.4000015258789,48.098026275634766,744
2009-03-06,69.0,69.0,64.80000305175781,65.5,47.44608688354492,650
2009-03-09,57.5,69.94999694824219,57.5,64.5999984741211,46.794166564941406,1693
2009-03-12,64.5999984741211,67.94999694824219,64.0,64.0999984741211,46.43197250366211,494
2009-03-13,64.30000305175781,65.0,64.0,64.1500015258789,46.46819305419922,643
2009-03-16,65.0,68.80000305175781,65.0,65.69999694824219,47.59096145629883,805
2009-03-17,65.69999694824219,65.69999694824219,65.69999694824219,65.69999694824219,47.59096145629883,0
2009-03-18,66.0,75.5,66.0,70.94999694824219,51.39389419555664,916
2009-03-19,73.94999694824219,73.94999694824219,70.0,70.0,50.705745697021484,331
2009-03-20,69.0,69.0,67.5,67.5999984741211,48.967254638671875,301
2009-03-23,65.5,80.9000015258789,65.5,77.0,55.77631759643555,8703
2009-03-24,75.5,78.80000305175781,75.0,78.0999984741211,56.5731201171875,2813
2009-03-25,75.0,78.19999694824219,75.0,78.19999694824219,56.64556121826172,485
2009-03-26,78.25,93.0,78.25,78.25,56.68178176879883,837
2009-03-27,76.0999984741211,80.0,76.0999984741211,76.6500015258789,55.522796630859375,3005
2009-03-30,79.5,88.0,78.0,78.5999984741211,56.9353141784668,2432
2009-03-31,76.05000305175781,80.5,76.05000305175781,79.30000305175781,57.44236755371094,941
2009-04-01,81.05000305175781,88.0,81.0,81.4000015258789,58.96354675292969,5805
2009-04-02,92.1500015258789,92.1500015258789,78.0,78.80000305175781,57.080196380615234,1349
2009-04-06,80.0,81.0,79.0,81.0,58.67378616333008,795
2009-04-08,70.0,87.94999694824219,70.0,78.19999694824219,56.64556121826172,411
2009-04-09,88.0,88.0,80.0,80.0,57.949424743652344,878
2009-04-13,81.0,83.0,80.0,81.6500015258789,59.14463424682617,986
2009-04-15,80.05000305175781,89.9000015258789,80.05000305175781,88.5,64.10655212402344,2347
2009-04-16,95.0,95.0,83.19999694824219,84.19999694824219,60.99176788330078,2422
2009-04-17,88.69999694824219,88.69999694824219,84.0,84.8499984741211,61.462615966796875,1402
2009-04-20,85.0,88.0,85.0,87.30000305175781,63.23731231689453,1851
2009-04-21,87.0,88.0,85.5,87.8499984741211,63.63569641113281,276
2009-04-22,89.80000305175781,90.0,82.0999984741211,83.0999984741211,60.194969177246094,2079
2009-04-23,96.0,96.0,82.5999984741211,85.05000305175781,61.60749053955078,416
2009-04-24,81.1500015258789,87.25,81.1500015258789,87.19999694824219,63.16487503051758,252
2009-04-27,86.0,86.0,86.0,86.0,62.29563903808594,25
2009-04-28,85.05000305175781,86.55000305175781,85.05000305175781,86.0999984741211,62.36806869506836,73
2009-04-29,85.9000015258789,85.9000015258789,82.0,82.30000305175781,59.61547088623047,802
2009-04-30,82.0999984741211,82.0999984741211,82.0999984741211,82.0999984741211,59.47058868408203,0
2009-05-04,89.94999694824219,89.94999694824219,82.0999984741211,83.1500015258789,60.23118591308594,203
2009-05-05,87.69999694824219,87.69999694824219,84.0,84.0,60.84689712524414,440
2009-05-06,83.5,86.0,81.5,84.1500015258789,60.95555114746094,4795
2009-05-07,82.1500015258789,88.0,82.1500015258789,87.6500015258789,63.49083709716797,3862
2009-05-08,86.0,87.0,86.0,87.0,63.01999282836914,675
2009-05-11,93.9000015258789,93.9000015258789,86.0,86.8499984741211,62.911338806152344,1743
2009-05-12,87.05000305175781,87.19999694824219,87.0,87.0,63.01999282836914,663
2009-05-13,89.0,90.1500015258789,85.3499984741211,90.0,65.19309997558594,2082
2009-05-14,93.0,93.0,88.0,88.55000305175781,64.14277648925781,1550
2009-05-15,88.0,88.0,87.05000305175781,87.19999694824219,63.16487503051758,1040
2009-05-18,87.19999694824219,87.19999694824219,87.19999694824219,87.19999694824219,63.16487503051758,0
2009-05-19,91.0,103.5,91.0,98.9000015258789,71.63997650146484,4648
2009-05-20,98.9000015258789,115.0,98.9000015258789,114.44999694824219,82.90388488769531,3354
2009-05-21,114.44999694824219,134.9499969482422,114.0,129.6999969482422,93.95050048828125,17726
2009-05-22,137.0,142.6999969482422,131.0500030517578,134.0,97.0652847290039,18871
2009-05-25,139.9499969482422,147.39999389648438,138.5,147.39999389648438,106.77181243896484,3435
2009-05-26,154.35000610351562,162.14999389648438,149.0500030517578,155.0500030517578,112.31321716308594,18846
2009-05-27,160.0,169.0,154.0,154.25,111.73373413085938,3875
2009-05-28,169.0,169.0,151.0,152.0,110.1039047241211,1767
2009-05-29,150.4499969482422,165.0,150.4499969482422,160.0500030517578,115.93506622314453,3231
2009-06-01,152.5,160.0,150.75,152.85000610351562,110.71961212158203,11576
2009-06-02,155.0,159.5500030517578,149.0,150.3000030517578,108.87247467041016,9794
2009-06-03,154.89999389648438,165.35000610351562,151.0,163.1999969482422,118.2168197631836,26761
2009-06-04,164.0,164.0,157.60000610351562,159.39999389648438,115.46421813964844,5127
2009-06-05,163.5,164.0,155.0,155.0,112.27701568603516,7348
2009-06-08,151.5,159.75,148.8000030517578,150.64999389648438,109.12601470947266,782
2009-06-09,145.0,146.9499969482422,142.0500030517578,146.0,105.7576904296875,3246
2009-06-10,150.0,150.10000610351562,143.0,145.25,105.21441650390625,3792
2009-06-11,149.35000610351562,149.35000610351562,140.25,143.5500030517578,103.98300170898438,1366
2009-06-12,150.5,150.5,138.0500030517578,143.60000610351562,104.01921844482422,1165
2009-06-15,133.25,133.25,133.0500030517578,133.0500030517578,96.37712860107422,315
2009-06-16,138.75,143.60000610351562,137.89999389648438,143.60000610351562,104.01921844482422,285
2009-06-17,135.10000610351562,135.10000610351562,135.10000610351562,135.10000610351562,97.8620834350586,1
2009-06-18,135.10000610351562,139.9499969482422,134.0,139.0,100.68714141845703,5392
2009-06-19,137.5,139.0,134.5500030517578,134.5500030517578,97.46369171142578,250
2009-06-22,135.0500030517578,143.60000610351562,135.0500030517578,143.60000610351562,104.01921844482422,1075
2009-06-23,143.60000610351562,143.60000610351562,143.60000610351562,143.60000610351562,104.01921844482422,0
2009-06-24,137.35000610351562,143.60000610351562,137.35000610351562,143.60000610351562,104.01921844482422,9
2009-06-25,140.10000610351562,144.3000030517578,140.10000610351562,143.60000610351562,104.01921844482422,949
2009-06-26,142.25,149.10000610351562,142.0,145.60000610351562,105.46794128417969,1730
2009-06-29,147.0,147.0,141.1999969482422,143.60000610351562,108.102783203125,300
2009-06-30,140.3000030517578,143.60000610351562,140.3000030517578,143.60000610351562,108.102783203125,10
2009-07-01,140.0,143.6999969482422,138.10000610351562,143.60000610351562,108.102783203125,915
2009-07-02,138.5,143.60000610351562,135.1999969482422,143.60000610351562,108.102783203125,605
2009-07-03,135.0,143.60000610351562,133.39999389648438,143.60000610351562,108.102783203125,400
2009-07-06,146.0,146.0,135.0,135.0,101.62863159179688,275
2009-07-07,133.0,133.0,128.5,128.5,96.73539733886719,511
2009-07-08,123.0,123.0,123.0,123.0,92.5949935913086,100
2009-07-09,123.0,123.0,123.0,123.0,92.5949935913086,0
2009-07-10,129.0,129.14999389648438,123.5999984741211,126.4000015258789,95.15453338623047,470
2009-07-13,121.0,121.0,120.5,120.5,90.71297454833984,556
2009-07-14,126.55000305175781,126.55000305175781,118.0,118.0,88.83096313476562,2176
2009-07-15,122.05000305175781,123.9000015258789,122.05000305175781,122.05000305175781,91.87982177734375,124
2009-07-16,130.10000610351562,130.10000610351562,125.5999984741211,125.5999984741211,94.55229187011719,1488
2009-07-17,135.0,136.0,135.0,136.0,102.38145446777344,42
2009-07-20,142.75,142.8000030517578,142.75,142.8000030517578,107.50054931640625,3619
2009-07-21,149.9499969482422,149.9499969482422,145.5500030517578,147.0,110.66231536865234,6690
2009-07-22,148.5,148.5,144.0500030517578,146.0,109.90947723388672,1855
2009-07-23,149.89999389648438,149.89999389648438,143.25,147.0,110.66231536865234,3920
2009-07-24,140.1999969482422,145.0,140.0,145.0,109.15669250488281,3025
2009-07-27,141.0,142.0,140.25,141.0,106.14547729492188,3435
2009-07-28,147.39999389648438,147.39999389648438,140.0,145.0,109.15669250488281,3180
2009-07-29,140.0,147.0,140.0,140.0,105.39268493652344,1675
2009-07-30,140.0,140.0,140.0,140.0,105.39268493652344,175
2009-07-31,146.9499969482422,146.9499969482422,139.5,139.5,105.01627349853516,1661
2009-08-03,144.9499969482422,146.60000610351562,141.35000610351562,146.60000610351562,110.36119079589844,1251
2009-08-04,142.0,144.9499969482422,140.0,140.10000610351562,105.46796417236328,18102
2009-08-05,145.9499969482422,145.9499969482422,140.0,142.0,106.89828491210938,2801
2009-08-06,146.89999389648438,148.60000610351562,143.60000610351562,147.0,110.66231536865234,5141
2009-08-07,148.5,148.5,141.0,142.0500030517578,106.93592071533203,328
2009-08-10,141.10000610351562,143.89999389648438,138.60000610351562,141.0,106.14547729492188,1350
2009-08-11,141.0,141.5,139.0500030517578,139.0500030517578,104.67750549316406,8756
2009-08-12,138.0,146.60000610351562,137.0,146.60000610351562,110.36119079589844,5135
2009-08-13,140.0,146.0,140.0,144.0,108.40388488769531,5821
2009-08-14,149.8000030517578,151.1999969482422,149.64999389648438,151.1999969482422,113.8240737915039,4236
2009-08-17,151.5,155.0,144.0,149.0,112.16789245605469,2823
2009-08-18,149.0,149.0,149.0,149.0,112.16789245605469,0
2009-08-19,153.3000030517578,153.3000030517578,146.85000610351562,150.0,112.92072296142578,2210
2009-08-20,154.85000610351562,154.85000610351562,148.0,148.0,111.41511535644531,367
2009-08-21,145.35000610351562,153.64999389648438,145.35000610351562,153.10000610351562,115.25444030761719,792
2009-08-24,148.0,156.0,148.0,155.39999389648438,116.9858627319336,322
2009-08-25,151.75,156.0,151.75,154.64999389648438,116.42123413085938,2303
2009-08-26,155.0,161.0,153.0,157.39999389648438,118.491455078125,3677
2009-08-27,155.25,160.0,155.10000610351562,158.60000610351562,119.39482879638672,1378
2009-08-28,162.0,163.0,160.0,163.0,122.7071762084961,1355
2009-08-31,164.0,164.5,160.0,160.8000030517578,121.05101776123047,3744
2009-09-01,159.10000610351562,164.0,159.10000610351562,160.5500030517578,120.8628158569336,1496
2009-09-02,160.0,160.25,159.0,160.0,120.44876098632812,2408
2009-09-03,155.0,160.0,155.0,160.0,120.44876098632812,1451
2009-09-04,161.0,161.0,160.0,160.0500030517578,120.48641204833984,481
2009-09-07,165.0,175.0,165.0,173.0500030517578,130.2728729248047,5003
2009-09-08,171.0,180.0,170.0,170.9499969482422,128.6919708251953,3572
2009-09-09,170.5,172.75,167.0,170.85000610351562,128.61672973632812,1807
2009-09-10,170.0,170.0,165.0,166.5,125.34198760986328,1080
2009-09-11,168.89999389648438,168.89999389648438,161.5,167.4499969482422,126.0571517944336,132
2009-09-14,165.0,167.89999389648438,158.5500030517578,164.89999389648438,124.13751220703125,480
2009-09-15,160.5500030517578,168.0,160.5,164.89999389648438,124.13751220703125,1200
2009-09-16,158.5,169.9499969482422,158.0,166.4499969482422,125.30433654785156,1748
2009-09-17,165.0,168.0,161.5,164.89999389648438,124.13751220703125,578
2009-09-18,166.0,166.9499969482422,160.6999969482422,162.4499969482422,122.29315948486328,6166
2009-09-22,160.0,174.0,159.0,170.5,128.3532257080078,7228
2009-09-23,172.89999389648438,179.0,170.10000610351562,174.85000610351562,131.62791442871094,4381
2009-09-24,172.0,175.0,170.5,173.25,130.42343139648438,2640
2009-09-25,176.3000030517578,176.5,171.0,173.0,130.23521423339844,678
2009-09-29,179.0,179.0,172.0,175.0,131.74085998535156,107
2009-09-30,174.9499969482422,174.9499969482422,166.25,166.60000610351562,125.41729736328125,2773
2009-10-01,170.0,177.8000030517578,167.0500030517578,174.25,131.1762237548828,5903
2009-10-05,178.0,178.0,175.35000610351562,175.4499969482422,132.07960510253906,5376
2009-10-06,174.89999389648438,175.0,165.1999969482422,167.5,126.09480285644531,2778
2009-10-07,169.85000610351562,173.8000030517578,160.25,166.60000610351562,125.41729736328125,2841
2009-10-08,166.0,170.0,166.0,167.0,125.71841430664062,1240
2009-10-09,167.25,171.5,167.25,169.10000610351562,127.29927825927734,2227
2009-10-12,169.89999389648438,169.89999389648438,166.60000610351562,167.60000610351562,126.17008209228516,3625
2009-10-13,167.60000610351562,167.60000610351562,167.60000610351562,167.60000610351562,126.17008209228516,0
2009-10-14,169.5500030517578,175.89999389648438,169.5500030517578,175.14999389648438,131.85377502441406,4536
2009-10-15,175.0,182.6999969482422,175.0,181.5500030517578,136.67172241210938,3671
2009-10-16,187.5,190.0,184.0500030517578,184.5,138.89248657226562,2936
2009-10-20,193.0500030517578,198.0,187.5,188.75,142.09190368652344,1265
2009-10-21,200.0,200.0,188.0,189.10000610351562,142.3554229736328,1719
2009-10-22,181.75,193.0,181.75,184.5,138.89248657226562,2545
2009-10-23,180.5500030517578,189.5,180.5500030517578,185.64999389648438,139.75820922851562,762
2009-10-26,188.0,188.0,182.0,182.4499969482422,137.3491973876953,897
2009-10-27,183.0,183.0,175.0,176.25,132.6818389892578,2161
2009-10-28,175.0,179.0,174.0500030517578,176.5,132.87002563476562,525
2009-10-29,173.5,178.0,173.5,175.0,131.74085998535156,1440
2009-10-30,189.0,189.0,172.0,176.0,132.49363708496094,2133
2009-11-03,172.0,179.9499969482422,172.0,174.5,131.3644256591797,5552
2009-11-04,174.5,178.0,174.5,176.10000610351562,132.56890869140625,3055
2009-11-05,176.0,176.10000610351562,175.25,175.5,132.1172332763672,481
2009-11-06,177.5,184.14999389648438,176.0,180.10000610351562,135.58016967773438,317
2009-11-09,179.0,179.0,176.0,176.5500030517578,132.90768432617188,85
2009-11-10,195.89999389648438,195.89999389648438,177.0,181.64999389648438,136.7469940185547,1343
2009-11-11,184.9499969482422,184.9499969482422,178.0,183.5,138.13967895507812,1431
2009-11-12,183.5,183.5,176.3000030517578,177.0500030517578,133.28411865234375,984
2009-11-13,184.9499969482422,185.0,176.60000610351562,183.5,138.13967895507812,1102
2009-11-16,184.0,185.0,176.0500030517578,176.8000030517578,133.0959014892578,1895
2009-11-17,185.5,185.5,178.3000030517578,180.0,135.50485229492188,783
2009-11-18,177.60000610351562,181.8000030517578,176.5500030517578,176.5500030517578,132.90768432617188,1657
2009-11-19,176.0500030517578,181.0,176.0500030517578,177.6999969482422,133.77340698242188,992
2009-11-20,180.0,180.0,175.75,175.8000030517578,132.3430938720703,668
2009-11-23,178.0,178.25,178.0,178.0,133.99925231933594,334
2009-11-24,180.0,180.0,178.10000610351562,179.0500030517578,134.78970336914062,1046
2009-11-25,180.0,180.0,177.0,177.0,133.24644470214844,255
2009-11-26,181.0,184.8000030517578,169.0,176.0,132.49363708496094,1817
2009-11-27,179.89999389648438,180.9499969482422,176.0,180.0,135.50485229492188,907
2009-11-30,180.0,185.75,177.25,184.85000610351562,139.15599060058594,2268
2009-12-01,181.6999969482422,200.0,181.64999389648438,191.25,143.9739227294922,3342
2009-12-02,186.5,205.0,186.5,201.60000610351562,151.7654571533203,5069
2009-12-03,208.89999389648438,228.35000610351562,202.0,211.35000610351562,159.1052703857422,3875
2009-12-04,218.5,250.0,214.0,233.25,175.59170532226562,30048
2009-12-07,245.0,245.0,224.0,226.8000030517578,170.7361297607422,1357
2009-12-08,219.0,221.64999389648438,219.0,220.4499969482422,165.955810546875,1147
2009-12-09,215.0500030517578,230.0,213.60000610351562,221.10000610351562,166.4451141357422,1142
2009-12-10,217.60000610351562,229.0,217.5,220.64999389648438,166.10638427734375,953
2009-12-11,217.0,220.0500030517578,217.0,220.0,165.6170654296875,978
2009-12-14,221.10000610351562,225.9499969482422,219.0,220.75,166.18167114257812,412
2009-12-15,217.0500030517578,225.0,217.0500030517578,221.8000030517578,166.9720916748047,734
2009-12-16,220.0,220.0,218.1999969482422,218.3000030517578,164.3372802734375,240
2009-12-17,215.0500030517578,226.5,215.0500030517578,220.0500030517578,165.65469360351562,139
2009-12-18,228.4499969482422,228.4499969482422,220.0,220.0,165.6170654296875,1114
2009-12-21,218.0,221.0,218.0,221.0,166.36985778808594,53
2009-12-22,220.0,225.6999969482422,220.0,225.6999969482422,169.90805053710938,380
2009-12-23,225.0,228.0,220.4499969482422,220.5,165.9934539794922,1260
2009-12-24,227.0,228.0,220.3000030517578,223.85000610351562,168.51535034179688,328
2009-12-29,224.9499969482422,227.5,220.0,220.0,165.6170654296875,2862
2009-12-30,220.60000610351562,225.0,220.60000610351562,225.0,169.38107299804688,45
2009-12-31,216.3000030517578,224.8000030517578,216.0,220.1999969482422,165.76763916015625,530
2010-01-04,221.0,231.25,221.0,231.25,174.0861053466797,2670
2010-01-05,238.0,242.85000610351562,230.25,230.25,173.33334350585938,1375
2010-01-06,227.0500030517578,229.0,225.5,229.0,172.39230346679688,818
2010-01-07,230.0,231.0,225.64999389648438,225.64999389648438,169.870361328125,109
2010-01-08,236.89999389648438,236.89999389648438,223.0,225.25,169.56927490234375,138
2010-01-11,234.39999389648438,236.5500030517578,227.10000610351562,230.89999389648438,173.8226318359375,854
2010-01-12,242.0,242.0,222.25,227.75,171.4512939453125,458
2010-01-13,230.0,232.5,223.75,230.4499969482422,173.48385620117188,632
2010-01-14,225.0,235.0,225.0,234.5,176.53274536132812,633
2010-01-15,236.0,237.89999389648438,234.0,234.0,176.1563262939453,659
2010-01-18,234.0,235.0,232.0,235.0,176.9091339111328,1295
2010-01-19,243.0,246.75,236.0,240.4499969482422,181.01193237304688,1855
2010-01-20,252.0,252.0,240.1999969482422,242.0,182.17877197265625,1836
2010-01-21,245.0,249.85000610351562,240.5,247.5,186.3191680908203,2432
2010-01-22,245.0,250.0,244.0,248.14999389648438,186.8085174560547,9474
2010-01-25,241.0,250.0,241.0,248.64999389648438,187.1848907470703,1417
2010-01-27,241.25,247.5,236.25,236.25,177.85012817382812,10606
2010-01-28,244.75,245.0,226.5,234.0,176.1563262939453,2130
2010-01-29,222.35000610351562,240.0,222.3000030517578,240.0,180.67315673828125,8240
2010-02-01,239.0,247.89999389648438,235.0,246.5500030517578,185.60403442382812,686
2010-02-02,248.0,250.0,244.0,244.4499969482422,184.0231170654297,3563
2010-02-03,251.89999389648438,251.89999389648438,241.60000610351562,248.0,186.69557189941406,2908
2010-02-04,249.5500030517578,250.0,239.0,239.0,179.92034912109375,322
2010-02-05,240.0,242.5,237.0,242.10000610351562,182.25405883789062,1513
2010-02-08,237.0,247.4499969482422,237.0,242.5,182.55514526367188,1242
2010-02-09,243.89999389648438,249.0,235.0500030517578,247.75,186.50738525390625,548
2010-02-10,247.9499969482422,250.0,245.5,250.0,188.2012176513672,1430
2010-02-11,250.0,253.0,249.5,250.0,188.2012176513672,1372
2010-02-15,250.0,252.0,240.0,245.85000610351562,185.0770721435547,3677
2010-02-16,250.0,250.0,240.0,243.0,182.93154907226562,3274
2010-02-17,250.0,250.0,241.0,247.9499969482422,186.657958984375,2297
2010-02-18,250.0,250.0,237.5,248.85000610351562,187.3354949951172,3961
2010-02-19,244.0500030517578,251.0,244.0500030517578,247.10000610351562,186.01806640625,1996
2010-02-22,246.0,254.0,244.0,244.10000610351562,183.7596435546875,4386
2010-02-23,248.6999969482422,248.8000030517578,235.0,242.85000610351562,182.81866455078125,1001
2010-02-24,240.0,250.0,240.0,244.35000610351562,183.94789123535156,1357
2010-02-25,250.0,250.0,236.0,239.85000610351562,180.56024169921875,4268
2010-02-26,239.85000610351562,240.0,233.10000610351562,237.0,178.4147491455078,896
2010-03-02,232.3000030517578,239.9499969482422,232.3000030517578,238.0500030517578,179.20518493652344,226
2010-03-03,243.89999389648438,244.0,240.10000610351562,240.10000610351562,180.74844360351562,799
2010-03-04,243.9499969482422,252.0,240.10000610351562,248.10000610351562,186.7708740234375,1215
2010-03-05,242.0,260.54998779296875,242.0,260.54998779296875,196.14329528808594,4560
2010-03-08,273.5,284.95001220703125,266.0,274.75,206.83311462402344,2665
2010-03-09,265.0,279.5,265.0,276.3999938964844,208.07525634765625,512
2010-03-10,279.29998779296875,304.04998779296875,272.25,302.04998779296875,227.38470458984375,5493
2010-03-11,310.0,332.29998779296875,292.1000061035156,331.79998779296875,249.78062438964844,28982
2010-03-12,333.0,348.3999938964844,332.5,348.3999938964844,262.2771911621094,52166
2010-03-15,359.70001220703125,365.8500061035156,356.20001220703125,365.8500061035156,275.41363525390625,37672
2010-03-16,379.29998779296875,384.1499938964844,379.0,384.1499938964844,289.1899719238281,13471
2010-03-17,397.0,403.3999938964844,380.0,388.3500061035156,292.35174560546875,115088
2010-03-18,390.95001220703125,397.5,368.95001220703125,369.79998779296875,278.38720703125,35615
2010-03-19,353.0,385.5,353.0,382.29998779296875,287.7972717285156,4356
2010-03-22,385.0,386.0,363.25,363.95001220703125,273.98333740234375,1420
2010-03-23,355.04998779296875,365.0,345.75,346.3999938964844,260.7716064453125,5034
2010-03-25,340.0,346.5,329.1000061035156,329.29998779296875,247.8986053466797,2780
2010-03-26,316.5,345.79998779296875,316.3999938964844,344.95001220703125,259.6800537109375,9144
2010-03-29,340.0,362.0,340.0,343.25,258.4002380371094,4887
2010-03-30,336.0,349.8999938964844,326.1000061035156,341.1000061035156,256.7817077636719,1604
2010-03-31,333.5,358.20001220703125,333.5,350.5,263.8580627441406,3796
2010-04-01,364.95001220703125,368.04998779296875,364.95001220703125,368.04998779296875,277.0697937011719,2131
2010-04-05,386.45001220703125,386.45001220703125,384.8999938964844,386.45001220703125,290.9214782714844,10356
2010-04-06,390.0,405.79998779296875,382.0,405.79998779296875,305.4881896972656,9930
2010-04-07,426.1000061035156,426.1000061035156,407.1000061035156,421.1000061035156,317.006103515625,7182
2010-04-08,419.3999938964844,424.0,400.04998779296875,400.04998779296875,301.1595764160156,4870
2010-04-09,409.0,416.0,398.0,410.29998779296875,308.8758239746094,3476
2010-04-12,420.8999938964844,420.8999938964844,401.0,405.0,304.885986328125,1555
2010-04-13,406.0,425.25,406.0,413.6000061035156,311.3600158691406,9173
2010-04-15,401.75,419.70001220703125,399.0,400.45001220703125,301.460693359375,1222
2010-04-16,390.0,404.8999938964844,385.0,396.8500061035156,298.7505798339844,7152
2010-04-19,390.0,395.0,380.0,382.0,287.5714416503906,576
2010-04-20,390.0,399.70001220703125,380.0,385.0,289.8298034667969,1325
2010-04-21,393.95001220703125,397.95001220703125,385.1000061035156,394.75,297.1697082519531,1629
2010-04-22,382.25,397.0,382.25,390.3999938964844,293.89501953125,927
2010-04-23,398.95001220703125,398.95001220703125,380.0,384.1000061035156,289.15234375,1330
2010-04-26,390.0,392.0,376.04998779296875,391.8999938964844,295.024169921875,1018
2010-04-27,380.6000061035156,396.5,380.1000061035156,380.1499938964844,286.1787414550781,1720
2010-04-28,367.5,375.0,363.0,365.45001220703125,275.1125183105469,1365
2010-04-29,382.95001220703125,382.95001220703125,365.1000061035156,367.8500061035156,276.9191589355469,445
2010-04-30,365.0,379.8500061035156,365.0,366.3500061035156,275.7900085449219,1001
2010-05-03,370.0,380.0,362.0,364.8500061035156,274.6607971191406,1382
2010-05-04,380.0,380.0,356.0,360.75,271.5743408203125,7017
2010-05-05,350.0,368.95001220703125,347.0,358.04998779296875,269.541748046875,743
2010-05-06,360.0,369.95001220703125,360.0,366.70001220703125,276.05352783203125,1273
2010-05-07,379.0,379.0,350.0,357.04998779296875,268.7889709472656,1123
2010-05-10,355.0,373.95001220703125,355.0,367.6499938964844,276.7687072753906,883
2010-05-11,358.04998779296875,373.8500061035156,358.04998779296875,365.25,274.9619445800781,328
2010-05-12,360.0,371.0,360.0,369.5,278.1614074707031,1294
2010-05-13,377.8999938964844,384.0,365.0,379.79998779296875,285.91522216796875,3302
2010-05-14,398.0,398.0,366.0,369.70001220703125,278.3119812011719,4146
2010-05-17,368.0,370.0,356.0,367.95001220703125,276.9945068359375,458
2010-05-18,362.1000061035156,364.5,362.0,364.5,274.3973083496094,388
2010-05-19,361.79998779296875,361.79998779296875,346.29998779296875,352.0,264.9872741699219,1362
2010-05-20,335.0,369.5,335.0,349.5,263.10528564453125,2552
2010-05-21,340.0,340.0,332.5,335.75,252.7542266845703,2484
2010-05-24,322.04998779296875,349.8999938964844,322.04998779296875,337.6000061035156,254.1469268798828,102
2010-05-25,336.0,343.79998779296875,336.0,336.0,252.9424591064453,487
2010-05-26,349.79998779296875,349.79998779296875,327.1000061035156,335.75,252.7542266845703,1454
2010-05-27,322.04998779296875,339.95001220703125,322.0,327.25,246.3553466796875,282
2010-05-28,339.0,339.0,326.0,335.0,252.18960571289062,1150
2010-05-31,326.25,333.0,321.04998779296875,329.95001220703125,248.38795471191406,1908
2010-06-01,344.79998779296875,344.79998779296875,326.04998779296875,326.04998779296875,245.45199584960938,650
2010-06-02,317.04998779296875,333.3999938964844,317.0,327.54998779296875,246.58119201660156,147
2010-06-03,312.25,339.45001220703125,312.25,333.8999938964844,251.36154174804688,1447
2010-06-04,334.0,350.0,330.0,346.29998779296875,260.6963195800781,802
2010-06-07,330.0,354.8999938964844,329.29998779296875,347.04998779296875,261.2608947753906,659
2010-06-08,337.04998779296875,339.0,333.5,336.95001220703125,253.6576385498047,444
2010-06-09,334.0,342.95001220703125,332.04998779296875,341.70001220703125,257.23345947265625,436
2010-06-10,330.1499938964844,343.75,330.0,336.3500061035156,253.20591735839844,156
2010-06-11,345.6000061035156,345.70001220703125,340.0,341.5,257.08282470703125,62
2010-06-14,330.6000061035156,344.8999938964844,330.6000061035156,336.8500061035156,253.58224487304688,476
2010-06-15,331.04998779296875,344.70001220703125,331.0,341.0,256.7064514160156,952
2010-06-16,354.0,354.0,335.5,339.79998779296875,255.80308532714844,1285
2010-06-17,347.0,347.0,336.0,338.3999938964844,254.74917602539062,737
2010-06-18,326.79998779296875,347.0,326.79998779296875,334.79998779296875,252.03907775878906,1308
2010-06-21,328.0,342.8999938964844,328.0,337.04998779296875,253.7328338623047,1967
2010-06-22,343.95001220703125,344.79998779296875,332.1499938964844,333.3500061035156,250.94747924804688,978
2010-06-23,331.1000061035156,339.0,331.1000061035156,334.5,251.81320190429688,277
2010-06-24,327.1000061035156,341.8999938964844,327.1000061035156,339.75,255.7654266357422,509
2010-06-25,340.0,345.0,331.04998779296875,344.6000061035156,259.4165344238281,1280
2010-06-28,330.5,350.0,330.5,338.3500061035156,254.71151733398438,623
2010-06-29,335.0,346.0,335.0,342.3999938964844,262.01959228515625,2197
2010-06-30,331.6499938964844,350.0,331.6499938964844,345.54998779296875,264.43011474609375,3884
2010-07-01,340.0,350.0,340.0,348.3999938964844,266.611083984375,2597
2010-07-02,355.3999938964844,355.3999938964844,340.0,348.8999938964844,266.9936828613281,2651
2010-07-05,333.0,350.0,333.0,345.29998779296875,264.23876953125,1214
2010-07-06,342.0,345.0,329.0,343.6499938964844,262.97613525390625,3741
2010-07-07,331.3500061035156,343.0,331.3500061035156,342.8999938964844,262.40216064453125,1910
2010-07-08,343.8999938964844,350.0,342.0,349.6499938964844,267.5675964355469,2692
2010-07-09,343.29998779296875,355.0,343.29998779296875,352.70001220703125,269.901611328125,2073
2010-07-12,354.0,360.0,346.04998779296875,347.95001220703125,266.2667236328125,1076
2010-07-13,350.0,352.0,345.3999938964844,351.79998779296875,269.2128601074219,1090
2010-07-14,348.20001220703125,354.0,348.0,351.25,268.7919616699219,1335
2010-07-15,353.0,380.0,347.25,375.8500061035156,287.6169738769531,5311
2010-07-16,407.0,407.0,380.1000061035156,397.20001220703125,303.9549865722656,7436
2010-07-19,395.0,414.0,395.0,410.5,314.1327819824219,18753
2010-07-20,415.0,419.0,370.1499938964844,376.25,287.923095703125,18526
2010-07-21,353.0,393.0,352.6000061035156,384.75,294.42767333984375,9149
2010-07-22,385.75,405.0,378.04998779296875,399.8999938964844,306.0211181640625,10660
2010-07-23,401.6000061035156,403.0,385.25,389.54998779296875,298.1007995605469,5288
2010-07-26,382.3999938964844,390.0,378.0,381.29998779296875,291.78759765625,656
2010-07-27,377.45001220703125,397.75,377.45001220703125,385.8999938964844,295.30767822265625,4167
2010-07-28,389.0,396.70001220703125,385.0,386.1499938964844,295.49896240234375,2604
2010-07-29,385.0,390.0,384.6000061035156,388.3999938964844,297.2208557128906,2327
2010-07-30,389.0,389.0,380.0,380.20001220703125,290.9457702636719,1624
2010-08-02,380.04998779296875,384.95001220703125,380.04998779296875,381.20001220703125,291.7110900878906,507
2010-08-03,380.04998779296875,388.0,380.0,380.79998779296875,291.4049072265625,1184
2010-08-04,385.0,392.0,385.0,387.95001220703125,296.87646484375,1312
2010-08-05,400.5,426.75,400.5,426.75,326.5679626464844,76672
2010-08-06,449.0,469.45001220703125,426.1499938964844,432.6499938964844,331.0828552246094,93418
2010-08-09,435.0,459.5,429.0,437.54998779296875,334.8325500488281,30329
2010-08-10,439.8999938964844,481.3500061035156,420.1000061035156,481.3500061035156,368.35028076171875,116409
2010-08-11,505.45001220703125,505.45001220703125,457.5,463.75,354.8819580078125,109486
2010-08-12,458.0,474.0,447.0,458.8999938964844,351.1705017089844,23378
2010-08-13,464.79998779296875,467.0,447.3999938964844,450.95001220703125,345.0868835449219,18982
2010-08-16,453.0,454.95001220703125,432.0,435.20001220703125,333.03424072265625,12969
2010-08-17,432.0,457.0,432.0,445.6499938964844,341.03106689453125,27792
2010-08-18,454.0,454.95001220703125,441.04998779296875,443.8999938964844,339.6918640136719,5316
2010-08-19,435.0,449.0,435.0,441.54998779296875,337.8935546875,4520
2010-08-20,453.0,453.0,427.04998779296875,433.5,331.7333679199219,3885
2010-08-23,434.95001220703125,435.0,420.0,421.0,322.1678161621094,3618
2010-08-24,415.95001220703125,430.0,415.95001220703125,421.29998779296875,322.3973388671875,805
2010-08-25,424.0,427.95001220703125,410.0,411.45001220703125,314.8597106933594,1686
2010-08-26,405.0,431.70001220703125,402.5,408.25,312.4109191894531,1719
2010-08-27,413.8999938964844,417.95001220703125,390.04998779296875,407.29998779296875,311.68389892578125,2521
2010-08-30,400.0,427.70001220703125,400.0,427.70001220703125,327.294921875,3766
2010-08-31,421.04998779296875,430.0,413.1000061035156,417.5,319.4894104003906,755
2010-09-01,419.8999938964844,422.95001220703125,414.1499938964844,418.8500061035156,320.5224914550781,642
2010-09-02,420.8999938964844,434.8999938964844,419.1000061035156,422.04998779296875,322.9712219238281,1834
2010-09-03,418.0,427.0,410.1000061035156,426.1499938964844,326.1087951660156,1638
2010-09-06,429.8999938964844,440.0,425.1000061035156,434.75,332.6899719238281,8092
2010-09-07,437.8999938964844,445.0,425.0,426.04998779296875,326.03228759765625,3625
2010-09-08,429.95001220703125,431.0,425.0,428.0,327.52447509765625,2369
2010-09-09,429.8999938964844,430.0,415.6000061035156,421.20001220703125,322.32080078125,4653
2010-09-13,422.04998779296875,431.8999938964844,422.0,428.20001220703125,327.6775207519531,5379
2010-09-14,425.1000061035156,432.0,425.1000061035156,429.70001220703125,328.82537841796875,5467
2010-09-15,430.0,431.95001220703125,425.1499938964844,429.6499938964844,328.7871398925781,3626
2010-09-16,430.8999938964844,431.95001220703125,420.20001220703125,421.0,322.1678161621094,1589
2010-09-17,425.95001220703125,432.0,422.25,427.25,326.9505615234375,994
2010-09-20,431.95001220703125,432.0,426.04998779296875,428.20001220703125,327.6775207519531,1990
2010-09-21,420.1000061035156,432.95001220703125,420.1000061035156,432.95001220703125,331.31243896484375,5077
2010-09-22,425.1000061035156,434.95001220703125,421.0,434.0,332.1159973144531,2409
2010-09-23,434.0,434.0,421.79998779296875,426.70001220703125,326.52972412109375,3578
2010-09-24,420.1000061035156,424.95001220703125,417.0,418.45001220703125,320.2164306640625,23818
2010-09-27,419.95001220703125,420.0,412.0,417.0,319.1068115234375,10180
2010-09-28,415.0,419.0,406.0,406.8999938964844,311.3778381347656,16703
2010-09-29,408.25,409.8999938964844,400.5,400.5,306.48028564453125,9726
2010-09-30,405.0,410.0,400.95001220703125,401.25,307.05419921875,9987
2010-10-01,407.8500061035156,415.8999938964844,401.0,409.79998779296875,313.5970764160156,4288
2010-10-04,415.95001220703125,415.95001220703125,407.3999938964844,409.95001220703125,313.7118225097656,3837
2010-10-05,406.0,415.95001220703125,406.0,410.1499938964844,313.8648681640625,11827
2010-10-06,402.04998779296875,413.8999938964844,402.04998779296875,409.6000061035156,313.4439697265625,4591
2010-10-07,408.0,410.0,405.0,410.0,313.7501220703125,5931
2010-10-08,406.0,415.0,406.0,409.95001220703125,313.7118225097656,11580
2010-10-11,402.0,415.0,402.0,407.0,311.4543762207031,832
2010-10-12,411.8999938964844,412.0,407.0,412.0,315.2805480957031,101
2010-10-13,407.25,415.8999938964844,406.0,407.0,311.4543762207031,715
2010-10-14,400.0,410.0,400.0,407.95001220703125,312.1813659667969,2332
2010-10-15,411.0,415.0,408.04998779296875,408.1499938964844,312.3343811035156,923
2010-10-18,402.6000061035156,413.0,402.6000061035156,406.54998779296875,311.1099853515625,1285
2010-10-19,404.25,412.8500061035156,404.04998779296875,408.79998779296875,312.8318176269531,1872
2010-10-20,401.0,411.0,401.0,410.0,313.7501220703125,2400
2010-10-21,413.0,413.0,405.6000061035156,408.29998779296875,312.44915771484375,972
2010-10-22,414.0,415.0,409.0,409.0,312.9848327636719,596
2010-10-25,402.04998779296875,429.45001220703125,402.04998779296875,429.45001220703125,328.6341247558594,22606
2010-10-26,430.0,435.0,423.1000061035156,423.3999938964844,324.0043640136719,773
2010-10-27,428.0,444.0,415.0,417.25,319.2981872558594,1124
2010-10-28,419.0,427.95001220703125,419.0,420.1000061035156,321.47906494140625,282
2010-10-29,415.0,417.8999938964844,410.25,411.20001220703125,314.6683654785156,2066
2010-11-01,419.8999938964844,419.95001220703125,407.0,415.54998779296875,317.9971618652344,620
2010-11-02,415.1000061035156,419.8999938964844,413.0,417.8999938964844,319.7955322265625,944
2010-11-03,402.25,423.8500061035156,402.25,419.1499938964844,320.7520751953125,1754
2010-11-04,423.0,423.0,417.0,419.8999938964844,321.3260192871094,769
2010-11-08,419.8999938964844,424.79998779296875,415.25,423.3500061035156,323.96612548828125,2627
2010-11-09,416.25,420.0,415.25,416.0,318.341552734375,828
2010-11-10,415.04998779296875,424.0,415.04998779296875,417.8999938964844,319.7955322265625,824
2010-11-11,415.1000061035156,423.8500061035156,415.1000061035156,417.0,319.1068115234375,747
2010-11-12,415.0,419.70001220703125,411.25,415.0,317.5762939453125,3082
2010-11-15,405.1000061035156,415.0,405.0,415.0,317.5762939453125,237
2010-11-16,410.6000061035156,416.95001220703125,410.5,415.0,317.5762939453125,1914
2010-11-18,405.04998779296875,418.45001220703125,405.0,414.3999938964844,317.1171569824219,960
2010-11-19,415.0,415.0,415.0,415.0,317.5762939453125,868
2010-11-22,415.0,415.0,402.04998779296875,414.95001220703125,317.53802490234375,902
2010-11-23,414.95001220703125,418.75,412.25,414.5,317.1936950683594,325
2010-11-24,410.0,416.0,410.0,415.0,317.5762939453125,1393
2010-11-25,415.0,415.0,410.04998779296875,415.0,317.5762939453125,1819
2010-11-26,414.8500061035156,416.0,400.0,405.25,310.1152038574219,3755
2010-11-29,410.0,410.0,391.0,408.1000061035156,312.2961120605469,1805
2010-11-30,405.0,414.8500061035156,394.5,412.5,315.6631774902344,577
2010-12-01,394.25,418.0,394.25,408.1000061035156,312.2961120605469,670
2010-12-02,408.0,414.95001220703125,408.0,414.0,316.81103515625,117
2010-12-03,418.0,418.0,406.0,413.95001220703125,316.7728271484375,251
2010-12-06,409.79998779296875,411.5,400.0,400.45001220703125,306.4420471191406,433
2010-12-07,400.0,411.8999938964844,400.0,401.20001220703125,307.0159606933594,856
2010-12-08,397.0,414.95001220703125,396.1499938964844,401.20001220703125,307.0159606933594,2053
2010-12-09,393.04998779296875,393.04998779296875,381.1499938964844,383.3500061035156,293.3563232421875,1707
2010-12-10,370.0,380.0,370.0,380.0,290.7927551269531,1215
2010-12-13,388.0,398.0,386.0,390.04998779296875,298.4834899902344,891
2010-12-14,408.0,408.5,391.04998779296875,407.3999938964844,311.7604675292969,354
2010-12-15,400.0,408.5,398.0,407.0,311.4543762207031,502
2010-12-16,392.04998779296875,404.3500061035156,392.0,393.29998779296875,300.9704895019531,375
2010-12-20,411.75,411.95001220703125,394.0,396.20001220703125,303.1897277832031,1226
2010-12-21,398.0,411.79998779296875,398.0,411.75,315.0892639160156,1020
2010-12-22,411.95001220703125,411.95001220703125,399.1499938964844,409.0,312.9848327636719,844
2010-12-23,400.20001220703125,400.20001220703125,394.0,394.0,301.5061950683594,397
2010-12-24,392.0,406.95001220703125,392.0,404.20001220703125,309.31170654296875,2479
2010-12-27,396.0,410.0,396.0,397.95001220703125,304.5289611816406,1664
2010-12-28,406.8999938964844,406.8999938964844,390.04998779296875,393.54998779296875,301.161865234375,351
2010-12-29,393.5,407.8500061035156,390.0,399.95001220703125,306.0594177246094,613
2010-12-30,393.04998779296875,393.04998779296875,391.0,392.6000061035156,300.4348449707031,231
2010-12-31,405.0,406.8500061035156,397.29998779296875,404.1499938964844,309.2734375,235
2011-01-03,405.6000061035156,405.6000061035156,402.0,402.0,307.62811279296875,430
2011-01-04,394.04998779296875,408.5,394.04998779296875,400.0,306.09765625,17
2011-01-05,410.6499938964844,410.6499938964844,406.0,406.0,310.6891174316406,34
2011-01-06,400.0,400.0,393.0,393.3999938964844,301.0470275878906,1011
2011-01-07,376.0,406.1000061035156,376.0,400.04998779296875,306.1358947753906,1085
2011-01-10,400.0,408.79998779296875,392.0,405.0,309.9238586425781,4481
2011-01-11,387.0,403.95001220703125,387.0,389.6499938964844,298.17742919921875,1690
2011-01-12,408.8500061035156,409.0,376.0,397.0,303.80194091796875,1936
2011-01-13,377.20001220703125,400.0,377.20001220703125,386.25,295.5755920410156,414
2011-01-14,376.20001220703125,381.0,366.0,374.45001220703125,286.5456848144531,1288
2011-01-17,370.0,385.0,370.0,378.6499938964844,289.75970458984375,874
2011-01-18,363.25,380.1000061035156,360.04998779296875,380.0,290.7927551269531,719
2011-01-19,376.0,383.79998779296875,370.0,370.0,283.1403503417969,1526
2011-01-20,363.0,376.6499938964844,363.0,370.1499938964844,283.2550964355469,830
2011-01-21,379.0,380.0,375.0,380.0,290.7927551269531,368
2011-01-24,361.25,381.0,361.25,380.95001220703125,291.519775390625,138
2011-01-25,383.8500061035156,385.0,371.0,371.0,283.9055480957031,197
2011-01-27,384.0,384.0,365.54998779296875,372.3500061035156,284.93865966796875,1475
2011-01-28,360.54998779296875,360.54998779296875,355.75,359.6499938964844,275.22003173828125,492
2011-01-31,342.1000061035156,359.3999938964844,342.1000061035156,343.54998779296875,262.89959716796875,1630
2011-02-01,358.5,377.95001220703125,342.29998779296875,355.45001220703125,272.0060119628906,337
2011-02-02,366.0,375.04998779296875,356.0,370.25,283.3316345214844,724
2011-02-03,356.0,369.8500061035156,355.04998779296875,366.0,280.079345703125,524
2011-02-04,357.04998779296875,375.0,357.04998779296875,373.04998779296875,285.4743347167969,1159
2011-02-07,351.25,375.5,351.25,374.95001220703125,286.9283447265625,10961
2011-02-08,359.1000061035156,365.0,350.04998779296875,351.54998779296875,269.0215759277344,632
2011-02-09,340.0,345.0,327.45001220703125,338.20001220703125,258.8055419921875,12690
2011-02-10,364.20001220703125,364.20001220703125,321.04998779296875,331.75,253.86972045898438,2342
2011-02-11,350.0,364.8999938964844,348.95001220703125,362.0,277.01837158203125,1392
2011-02-14,355.0,365.8999938964844,355.0,362.54998779296875,277.4392395019531,682
2011-02-15,351.0,363.75,351.0,355.0,271.66162109375,56
2011-02-16,353.0,353.5,352.04998779296875,352.04998779296875,269.4042053222656,78
2011-02-17,356.0,360.0,354.1000061035156,360.0,275.4878845214844,147
2011-02-18,361.5,368.5,332.0,345.25,264.2005615234375,2942
2011-02-21,340.0,360.0,340.0,359.95001220703125,275.4496154785156,545
2011-02-22,360.1000061035156,361.0,353.0,359.75,275.2966003417969,1146
2011-02-23,346.0,359.75,340.25,340.45001220703125,260.52734375,320
2011-02-24,336.1000061035156,339.8999938964844,328.5,339.8500061035156,260.0682067871094,606
2011-02-25,327.5,345.0,327.5,331.0,253.29580688476562,559
2011-02-28,333.0,350.0,333.0,350.0,267.8354797363281,150
2011-03-01,331.20001220703125,340.0,331.20001220703125,340.0,260.1829833984375,49
2011-03-03,335.5,345.0,335.5,345.0,264.00921630859375,100
2011-03-04,354.95001220703125,360.0,343.5,352.0,269.3659362792969,321
2011-03-07,337.5,341.20001220703125,337.5,341.1499938964844,261.0630798339844,103
2011-03-08,335.04998779296875,355.0,335.04998779296875,347.1000061035156,265.61627197265625,899
2011-03-09,331.0,356.0,325.20001220703125,330.0,252.5305633544922,3844
2011-03-10,344.95001220703125,348.8500061035156,330.0,344.8999938964844,263.9327087402344,2256
2011-03-11,335.5,343.0,335.5,339.25,259.60906982421875,40
2011-03-14,335.0,345.70001220703125,335.0,341.1499938964844,261.0630798339844,1115
2011-03-15,331.0,337.0,331.0,333.25,255.0176239013672,522
2011-03-16,335.0,340.0,332.5,333.29998779296875,255.05587768554688,1311
2011-03-17,344.75,344.75,342.0,342.0,261.7134704589844,8
2011-03-18,334.0,347.5,332.5,340.25,260.3742980957031,416
2011-03-21,340.0,347.0,340.0,340.0,260.1829833984375,397
2011-03-22,355.0,355.0,336.25,336.25,257.3133239746094,1084
2011-03-23,321.0,342.45001220703125,321.0,336.70001220703125,257.6576232910156,627
2011-03-24,350.0,350.0,336.29998779296875,338.5,259.03509521484375,1025
2011-03-25,342.0,342.0,333.04998779296875,336.6499938964844,257.619384765625,650
2011-03-28,335.0,335.0,328.29998779296875,328.8999938964844,251.68885803222656,625
2011-03-29,337.0,337.0,327.04998779296875,329.0,251.7653045654297,1072
2011-03-30,331.0,333.0,326.0,332.8500061035156,254.71151733398438,1420
2011-03-31,332.1000061035156,332.1000061035156,318.5,326.04998779296875,249.50782775878906,990
2011-04-01,326.0,326.0,325.25,325.29998779296875,248.9339599609375,45
2011-04-04,345.0,359.0,334.0,352.0,269.3659362792969,3258
2011-04-05,322.3500061035156,355.0,322.3500061035156,352.5,269.7485656738281,2258
2011-04-06,335.25,360.0,335.25,345.1000061035156,264.08575439453125,3057
2011-04-07,355.0,355.0,341.54998779296875,349.8999938964844,267.7588806152344,287
2011-04-08,340.0,353.8999938964844,336.1499938964844,351.0,268.60064697265625,1523
2011-04-11,345.0,354.95001220703125,340.04998779296875,346.0,264.7744445800781,966
2011-04-13,343.0,349.8999938964844,342.29998779296875,347.6000061035156,265.9988708496094,473
2011-04-15,354.95001220703125,356.0,350.75,353.70001220703125,270.6669006347656,472
2011-04-18,345.04998779296875,373.0,345.04998779296875,368.20001220703125,281.7629699707031,3459
2011-04-19,365.0,374.75,365.0,374.75,286.77520751953125,824
2011-04-20,384.0,389.0,380.0,389.0,297.6799621582031,1055
2011-04-21,376.54998779296875,380.0,376.54998779296875,378.6000061035156,289.72149658203125,255
2011-04-25,371.0,386.5,371.0,385.1499938964844,294.7337646484375,1965
2011-04-26,385.0,385.0,375.54998779296875,376.3999938964844,288.03790283203125,1437
2011-04-27,381.0,387.0,379.0,383.70001220703125,293.62420654296875,1607
2011-04-28,382.54998779296875,382.54998779296875,370.1000061035156,373.6499938964844,285.9334716796875,3871
2011-04-29,375.0,383.8999938964844,370.1000061035156,370.1499938964844,283.2550964355469,313
2011-05-02,370.29998779296875,370.29998779296875,360.0,361.5,276.6357421875,1067
2011-05-03,370.0,374.8999938964844,363.5,372.79998779296875,285.28302001953125,958
2011-05-04,365.1000061035156,365.1000061035156,363.25,363.75,278.3575744628906,87
2011-05-05,365.25,365.25,355.04998779296875,357.6499938964844,273.6895446777344,700
2011-05-06,363.95001220703125,363.95001220703125,338.0,359.6499938964844,275.22003173828125,265
2011-05-09,355.0,355.0,351.1000061035156,351.1000061035156,268.6771545410156,178
2011-05-10,352.04998779296875,362.8999938964844,347.20001220703125,350.3999938964844,268.1414794921875,662
2011-05-11,350.0,355.04998779296875,345.0,355.0,271.66162109375,888
2011-05-12,350.0,350.0,346.0,346.0,264.7744445800781,532
2011-05-13,350.0,359.6499938964844,349.04998779296875,357.29998779296875,273.42169189453125,1189
2011-05-16,361.0,361.0,348.1499938964844,351.0,268.60064697265625,15
2011-05-17,374.0,374.0,327.79998779296875,350.0,267.8354797363281,75
2011-05-18,345.0,356.45001220703125,344.6000061035156,350.3999938964844,268.1414794921875,690
2011-05-19,350.0,353.6000061035156,348.0,350.25,268.0268249511719,966
2011-05-20,373.0,378.0,350.0,350.0,267.8354797363281,261
2011-05-23,356.8999938964844,356.8999938964844,345.6499938964844,345.79998779296875,264.62139892578125,655
2011-05-24,350.3999938964844,355.79998779296875,347.0,349.1000061035156,267.1467590332031,891
2011-05-25,346.04998779296875,354.3500061035156,345.0,347.8500061035156,266.190185546875,715
2011-05-26,345.04998779296875,351.0,335.0,348.1499938964844,266.41973876953125,386
2011-05-27,350.0,350.0,347.0,347.0,265.53973388671875,157
2011-05-30,346.0,354.0,346.0,346.29998779296875,265.0040588378906,233
2011-05-31,344.8999938964844,348.0,335.1000061035156,344.04998779296875,263.2822265625,3214
2011-06-01,344.0,348.0,331.70001220703125,343.95001220703125,263.20574951171875,463
2011-06-02,349.6499938964844,351.75,341.75,345.45001220703125,264.35357666015625,364
2011-06-03,342.0,355.0,335.04998779296875,342.6000061035156,262.17266845703125,57
2011-06-06,351.20001220703125,368.45001220703125,345.0,359.20001220703125,274.8757019042969,908
2011-06-07,352.04998779296875,359.79998779296875,352.04998779296875,354.1000061035156,270.9729919433594,290
2011-06-08,349.0,361.5,325.0,355.54998779296875,272.0825500488281,294
2011-06-09,351.25,366.0,351.25,365.70001220703125,279.8497619628906,135
2011-06-10,365.79998779296875,365.79998779296875,353.04998779296875,356.3999938964844,272.73297119140625,95
2011-06-13,363.79998779296875,365.0,363.5,364.95001220703125,279.2759094238281,257
2011-06-14,360.0,360.0,360.0,360.0,275.4878845214844,155
2011-06-15,355.1499938964844,365.0,355.1499938964844,359.0,274.72265625,582
2011-06-16,365.0,365.0,365.0,365.0,279.3141174316406,300
2011-06-17,355.0,362.0,347.04998779296875,350.04998779296875,267.87371826171875,352
2011-06-20,352.95001220703125,353.0,330.25,338.1499938964844,258.767333984375,333
2011-06-21,345.0,349.3500061035156,340.0,344.75,263.8179016113281,30
2011-06-22,340.0,363.8999938964844,330.0,340.8999938964844,260.87176513671875,152
2011-06-23,343.04998779296875,351.0,343.04998779296875,350.95001220703125,268.56243896484375,448
2011-06-24,340.0,355.6000061035156,335.1499938964844,342.8999938964844,262.40216064453125,1226
2011-06-27,354.6499938964844,354.6499938964844,350.0,350.0,267.8354797363281,474
2011-06-28,350.0,361.0,350.0,355.0,271.66162109375,1105
2011-06-29,349.95001220703125,351.0,341.54998779296875,342.70001220703125,269.0706787109375,205
2011-06-30,350.0,350.0,345.0,349.0,274.0171203613281,1296
2011-07-01,337.5,359.3999938964844,337.5,347.0,272.4468688964844,178
2011-07-04,342.0,350.0,340.0,347.8999938964844,273.1534423828125,1932
2011-07-05,349.95001220703125,360.0,349.95001220703125,360.0,282.65374755859375,1167
2011-07-06,361.0,380.0,352.6499938964844,355.8999938964844,279.4346923828125,1550
2011-07-07,354.3500061035156,363.5,353.3999938964844,362.1000061035156,284.30255126953125,845
2011-07-08,363.0,364.0,358.0,362.3999938964844,284.5381164550781,1278
2011-07-11,363.8999938964844,364.0,354.0,357.79998779296875,280.9263916015625,301
2011-07-12,356.0,360.0,342.25,359.8999938964844,282.5752258300781,2841
2011-07-13,355.5,360.0,355.5,359.6499938964844,282.37896728515625,923
2011-07-14,360.0,360.0,354.04998779296875,356.20001220703125,279.6701965332031,331
2011-07-15,356.20001220703125,356.20001220703125,356.20001220703125,356.20001220703125,279.6701965332031,0
2011-07-18,363.0,371.0,353.6000061035156,355.70001220703125,279.2776184082031,1262
2011-07-19,355.0,359.95001220703125,350.0,358.75,281.67230224609375,1038
2011-07-20,358.79998779296875,358.79998779296875,355.0,355.3500061035156,279.0028381347656,366
2011-07-21,351.0,355.3500061035156,347.0,350.1000061035156,274.88079833984375,2453
2011-07-22,358.0,358.3999938964844,350.0,355.6499938964844,279.2384033203125,1310
2011-07-25,348.1000061035156,357.95001220703125,348.0,353.04998779296875,277.1969909667969,717
2011-07-26,352.0,360.04998779296875,352.0,359.6499938964844,282.37896728515625,2327
2011-07-27,355.0,355.0,345.0,345.1000061035156,270.95501708984375,1264
2011-07-28,342.0,347.95001220703125,340.0,344.1499938964844,270.20916748046875,702
2011-07-29,340.70001220703125,346.5,340.0,341.20001220703125,267.8929748535156,307
2011-08-01,350.0,354.95001220703125,350.0,354.95001220703125,278.6887512207031,10
2011-08-02,345.04998779296875,358.8999938964844,341.0,357.45001220703125,280.65167236328125,2186
2011-08-03,345.1499938964844,349.8999938964844,345.0,345.3500061035156,271.15130615234375,202
2011-08-04,350.0,355.0,346.20001220703125,349.25,274.2134094238281,4043
2011-08-05,340.0,340.0,305.1000061035156,327.04998779296875,256.7830505371094,1284
2011-08-08,329.70001220703125,357.95001220703125,319.0,337.3500061035156,264.8701477050781,1339
2011-08-09,335.0,344.0,331.0,331.0,259.8844299316406,170
2011-08-10,333.0,336.54998779296875,321.0,327.29998779296875,256.9794006347656,675
2011-08-11,322.04998779296875,334.29998779296875,318.25,321.75,252.6217803955078,7624
2011-08-12,325.0,325.0,312.1499938964844,319.54998779296875,250.8944854736328,597
2011-08-16,327.3999938964844,327.3999938964844,316.1499938964844,317.1000061035156,248.97085571289062,188
2011-08-17,321.04998779296875,321.04998779296875,306.0,306.95001220703125,241.00155639648438,241
2011-08-18,310.0,318.0,310.0,310.8999938964844,244.10289001464844,348
2011-08-19,306.0,324.95001220703125,293.3999938964844,297.95001220703125,233.93524169921875,1445
2011-08-22,301.3999938964844,311.0,295.6000061035156,307.1499938964844,241.1586456298828,1092
2011-08-23,307.1499938964844,307.1499938964844,307.1499938964844,307.1499938964844,241.1586456298828,0
2011-08-24,308.20001220703125,335.04998779296875,308.20001220703125,322.95001220703125,253.56398010253906,1320
2011-08-25,320.04998779296875,325.0,312.0,322.70001220703125,253.36769104003906,890
2011-08-26,312.04998779296875,330.0,312.04998779296875,315.0,247.32205200195312,155
2011-08-29,320.0,320.0,301.70001220703125,317.25,249.0886688232422,625
2011-08-30,348.3999938964844,348.3999938964844,322.6000061035156,333.8500061035156,262.1221008300781,652
2011-09-02,321.5,330.0,321.25,327.0,256.7438049316406,93
2011-09-05,329.45001220703125,333.0,329.45001220703125,333.0,261.4547424316406,604
2011-09-06,330.0,334.70001220703125,330.0,332.1000061035156,260.74810791015625,200
2011-09-07,325.0,334.95001220703125,325.0,327.45001220703125,257.09716796875,196
2011-09-08,330.0,335.0,326.25,330.3999938964844,259.4133605957031,582
2011-09-09,334.95001220703125,339.0,330.20001220703125,330.20001220703125,259.25628662109375,135
2011-09-12,334.6499938964844,335.0,326.3999938964844,328.3500061035156,257.80377197265625,1375
2011-09-13,325.0,328.0,317.54998779296875,323.54998779296875,254.03506469726562,2207
2011-09-14,324.0,335.0,320.0,325.1000061035156,255.25204467773438,1554
2011-09-15,333.95001220703125,333.95001220703125,333.6499938964844,333.6499938964844,261.9650573730469,2
2011-09-16,320.6499938964844,327.20001220703125,317.04998779296875,321.1499938964844,252.15069580078125,646
2011-09-19,325.0,342.0,322.04998779296875,339.25,266.3619079589844,4655
2011-09-20,335.0,351.8999938964844,335.0,345.95001220703125,271.62237548828125,399
2011-09-21,344.1000061035156,344.1000061035156,340.0,340.04998779296875,266.9900207519531,108
2011-09-22,334.1000061035156,338.0,324.1499938964844,327.3999938964844,257.057861328125,1367
2011-09-23,313.1499938964844,326.0,303.0,317.0,248.89230346679688,1636
2011-09-26,311.5,311.5,302.6499938964844,307.20001220703125,241.1979217529297,656
2011-09-27,325.0,325.0,304.0,306.04998779296875,240.29498291015625,947
2011-09-28,315.0,323.95001220703125,311.1499938964844,313.45001220703125,246.10508728027344,2393
2011-09-29,310.20001220703125,319.3999938964844,309.0,315.1000061035156,247.4005889892578,1908
2011-09-30,320.0,320.0,307.04998779296875,310.29998779296875,243.63180541992188,1073
2011-10-03,296.0,313.8999938964844,296.0,309.0,242.61114501953125,633
2011-10-04,306.3500061035156,306.3500061035156,300.25,304.5,239.07797241210938,499
2011-10-05,304.5,304.5,304.5,304.5,239.07797241210938,0
2011-10-07,312.0,325.95001220703125,310.0,324.8500061035156,255.0557861328125,603
2011-10-10,315.0,324.8500061035156,314.1499938964844,321.8500061035156,252.70034790039062,290
2011-10-11,323.79998779296875,326.95001220703125,316.25,317.1000061035156,248.97085571289062,834
2011-10-12,319.95001220703125,320.0,319.95001220703125,320.0,251.24774169921875,160
2011-10-13,321.0,325.0,321.0,325.0,255.17352294921875,661
2011-10-14,324.0,325.0,318.5,325.0,255.17352294921875,503
2011-10-17,325.0,325.0,319.0,321.20001220703125,252.18997192382812,738
2011-10-18,315.54998779296875,326.95001220703125,315.0,318.29998779296875,249.91302490234375,1914
2011-10-19,324.79998779296875,327.95001220703125,320.5,327.95001220703125,257.48974609375,97
2011-10-20,321.04998779296875,324.95001220703125,320.1000061035156,320.25,251.444091796875,78
2011-10-21,318.25,322.95001220703125,318.0,319.29998779296875,250.6981658935547,538
2011-10-24,318.0,326.5,315.0,324.0,254.3883514404297,753
2011-10-25,320.04998779296875,322.0,316.1000061035156,320.04998779296875,251.28700256347656,795
2011-10-28,325.04998779296875,326.04998779296875,325.04998779296875,326.0,255.95864868164062,79
2011-10-31,322.6000061035156,329.0,322.6000061035156,323.75,254.1920928955078,263
2011-11-01,324.0,324.0,320.0,320.0,251.24774169921875,1317
2011-11-02,320.1000061035156,324.0,320.0,324.0,254.3883514404297,176
2011-11-03,330.0,330.0,326.95001220703125,329.6499938964844,258.824462890625,359
2011-11-04,329.6499938964844,334.6499938964844,321.25,331.8999938964844,260.5910949707031,1874
2011-11-08,331.04998779296875,331.04998779296875,323.29998779296875,325.1000061035156,255.25204467773438,1230
2011-11-09,326.0,326.0,324.5,325.1000061035156,255.25204467773438,593
2011-11-11,325.1000061035156,325.1000061035156,325.1000061035156,325.1000061035156,255.25204467773438,0
2011-11-14,323.04998779296875,323.04998779296875,320.0,320.0,251.24774169921875,138
2011-11-15,320.0,320.0,309.25,309.75,243.20005798339844,480
2011-11-16,305.25,312.0,305.0,306.29998779296875,240.49118041992188,1151
2011-11-17,302.0,310.0,300.0,304.0,238.6854248046875,416
2011-11-18,304.0,313.75,304.0,310.8500061035156,244.0636749267578,1218
2011-11-21,307.0,318.95001220703125,305.04998779296875,308.75,242.4148712158203,691
2011-11-22,317.70001220703125,317.70001220703125,307.1000061035156,316.95001220703125,248.8530731201172,259
2011-11-23,315.0,315.0,300.0,302.0,237.11509704589844,472
2011-11-24,289.1499938964844,307.0,289.1499938964844,307.0,241.04083251953125,1087
2011-11-25,309.0,309.0,309.0,309.0,242.61114501953125,100
2011-11-28,306.5,307.0,304.0,306.8999938964844,240.96231079101562,205
2011-11-29,315.95001220703125,315.95001220703125,310.0,310.3999938964844,243.71038818359375,112
2011-11-30,310.3999938964844,310.3999938964844,310.3999938964844,310.3999938964844,243.71038818359375,0
2011-12-01,305.6499938964844,310.0,305.6499938964844,310.0,243.39633178710938,30
2011-12-02,305.29998779296875,319.6000061035156,305.29998779296875,306.1499938964844,240.3734588623047,64
2011-12-05,306.1499938964844,306.1499938964844,306.1499938964844,306.1499938964844,240.3734588623047,0
2011-12-07,319.45001220703125,323.70001220703125,319.45001220703125,321.45001220703125,252.38626098632812,183
2011-12-08,312.0,312.0,305.1000061035156,307.5,241.4333953857422,80
2011-12-09,295.1499938964844,295.1499938964844,295.1499938964844,295.1499938964844,231.73678588867188,25
2011-12-12,302.0,309.0,286.0,290.6499938964844,228.20362854003906,869
2011-12-13,290.1000061035156,300.0,280.0,293.45001220703125,230.40206909179688,1348
2011-12-14,298.0,299.8999938964844,285.5,290.5,228.0858917236328,952
2011-12-15,282.25,285.0,276.0,279.8500061035156,219.72402954101562,1525
2011-12-16,284.0,284.3500061035156,276.0,276.75,217.2900848388672,2128
2011-12-19,270.0,304.95001220703125,270.0,298.1499938964844,234.09226989746094,3702
2011-12-20,285.5,296.8999938964844,285.5,288.54998779296875,226.55482482910156,1700
2011-12-21,294.0,294.0,291.0,291.0,228.47845458984375,38
2011-12-22,285.04998779296875,290.95001220703125,285.04998779296875,286.6000061035156,225.0238037109375,217
2011-12-23,294.0,305.0,294.0,300.0,235.5447998046875,324
2011-12-26,293.1000061035156,298.5,293.1000061035156,295.0,231.61903381347656,95
2011-12-27,297.0,300.04998779296875,295.0,295.0,231.61903381347656,431
2011-12-28,288.0,295.0,288.0,291.5,228.8710479736328,11
2011-12-29,298.29998779296875,298.29998779296875,288.45001220703125,295.0,231.61903381347656,117
2011-12-30,294.0,300.04998779296875,294.0,300.0,235.5447998046875,329
2012-01-02,295.0,300.0,295.0,299.95001220703125,235.5055694580078,400
2012-01-03,295.29998779296875,307.95001220703125,295.29998779296875,301.54998779296875,236.7617950439453,54
2012-01-04,302.0,303.25,300.0,302.0,237.11509704589844,2455
2012-01-05,296.54998779296875,300.95001220703125,296.54998779296875,298.75,234.5633544921875,10
2012-01-06,298.75,298.75,298.75,298.75,234.5633544921875,0
2012-01-09,299.79998779296875,314.79998779296875,296.0,311.95001220703125,244.92739868164062,4455
2012-01-10,317.5,320.70001220703125,305.0,315.0,247.32205200195312,390
2012-01-11,307.0,314.3999938964844,301.04998779296875,309.8500061035156,243.27853393554688,1901
2012-01-12,305.0,305.0,298.0,300.45001220703125,235.8981170654297,306
2012-01-13,309.95001220703125,314.0,300.29998779296875,300.54998779296875,235.9766387939453,324
2012-01-16,300.0,305.95001220703125,295.3500061035156,296.5,232.79676818847656,699
2012-01-17,300.20001220703125,319.0,297.04998779296875,313.54998779296875,246.18357849121094,4830
2012-01-18,307.20001220703125,315.0,301.5,304.70001220703125,239.2349853515625,140
2012-01-19,303.70001220703125,314.45001220703125,301.0,303.04998779296875,237.93951416015625,161
2012-01-20,299.0,312.0,296.29998779296875,300.6499938964844,236.05517578125,202
2012-01-23,292.29998779296875,303.0,292.29998779296875,296.0,232.40420532226562,1131
2012-01-24,296.0,298.0,293.20001220703125,295.45001220703125,231.97239685058594,337
2012-01-25,293.6000061035156,301.0,282.0,286.3999938964844,224.86679077148438,1458
2012-01-27,294.6499938964844,305.0,294.45001220703125,304.8999938964844,239.3920135498047,3504
2012-01-30,318.8500061035156,318.8500061035156,297.0,309.25,242.80738830566406,594
2012-01-31,301.04998779296875,308.5,301.0,305.79998779296875,240.0986785888672,90
2012-02-01,296.54998779296875,300.95001220703125,296.54998779296875,299.6499938964844,235.26998901367188,252
2012-02-02,299.04998779296875,299.04998779296875,290.6499938964844,292.3999938964844,229.57765197753906,747
2012-02-03,295.0,315.0,295.0,306.04998779296875,240.29498291015625,1435
2012-02-06,306.0,310.0,301.70001220703125,302.20001220703125,237.2721405029297,1954
2012-02-07,313.3500061035156,313.3500061035156,300.04998779296875,300.75,236.13368225097656,541
2012-02-08,305.0,309.45001220703125,301.0,305.0,239.47056579589844,341
2012-02-09,301.04998779296875,305.0,301.04998779296875,302.54998779296875,237.54690551757812,671
2012-02-10,303.20001220703125,310.04998779296875,303.20001220703125,305.75,240.05935668945312,217
2012-02-13,311.0,317.0,301.0,303.5,238.29281616210938,1694
2012-02-14,305.1000061035156,308.04998779296875,305.1000061035156,308.0,241.8260040283203,300
2012-02-15,310.0,314.95001220703125,306.0,306.20001220703125,240.41278076171875,355
2012-02-16,305.0,313.04998779296875,305.0,310.0,243.39633178710938,730
2012-02-17,315.0,329.20001220703125,315.0,315.0,247.32205200195312,357
2012-02-21,311.25,317.95001220703125,311.25,316.6000061035156,248.57827758789062,655
2012-02-22,315.6499938964844,318.75,309.0,310.0,243.39633178710938,668
2012-02-23,312.0,315.0,310.0,315.0,247.32205200195312,543
2012-02-24,310.1000061035156,310.1000061035156,306.0,306.0,240.25575256347656,157
2012-02-27,301.54998779296875,307.0,299.0,304.25,238.88165283203125,2955
2012-02-28,303.1499938964844,311.0,303.1499938964844,307.3500061035156,241.31564331054688,310
2012-02-29,330.0,330.0,311.20001220703125,315.0,247.32205200195312,56
2012-03-01,310.0,310.0,306.0,306.5,240.64825439453125,210
2012-03-02,309.95001220703125,314.5,305.0,310.1499938964844,243.51405334472656,1241
2012-03-05,310.0,310.0,301.25,304.1000061035156,238.76388549804688,334
2012-03-06,308.0,308.0,307.95001220703125,308.0,241.8260040283203,210
2012-03-07,308.0,308.0,307.5,307.95001220703125,241.78675842285156,765
2012-03-09,308.54998779296875,309.5,305.0,309.45001220703125,242.96444702148438,2841
2012-03-12,305.0,310.0,305.0,309.5,243.00369262695312,1872
2012-03-13,305.1499938964844,313.0,305.1499938964844,308.04998779296875,241.8651885986328,2881
2012-03-14,314.8500061035156,314.8500061035156,308.0,312.8500061035156,245.63397216796875,767
2012-03-15,312.0,327.45001220703125,312.0,314.0,246.5369110107422,554
2012-03-16,319.1000061035156,319.1000061035156,313.0,316.0,248.10716247558594,1164
2012-03-19,309.0,309.1499938964844,309.0,309.1499938964844,242.7289276123047,100
2012-03-20,310.0,311.0,308.04998779296875,309.5,243.00369262695312,298
2012-03-21,308.0,312.0,306.5,309.8500061035156,243.27853393554688,1629
2012-03-22,313.3500061035156,313.3500061035156,305.04998779296875,308.1000061035156,241.90447998046875,1273
2012-03-23,310.0,310.0,302.6499938964844,303.6000061035156,238.371337890625,3160
2012-03-26,305.04998779296875,305.04998779296875,303.0,303.3999938964844,238.21432495117188,257
2012-03-27,308.3999938964844,309.8999938964844,302.0,303.20001220703125,238.05728149414062,2304
2012-03-28,302.0,309.20001220703125,301.20001220703125,302.29998779296875,237.3506622314453,657
2012-03-29,306.0,309.70001220703125,305.0,305.0,239.47056579589844,5
2012-03-30,305.0,309.8999938964844,302.25,308.5,242.2185516357422,535
2012-04-02,303.8999938964844,305.0,303.0,303.79998779296875,238.52838134765625,352
2012-04-03,303.79998779296875,303.79998779296875,303.79998779296875,303.79998779296875,238.52838134765625,0
2012-04-04,303.0,315.0,301.0,313.45001220703125,246.10508728027344,2321
2012-04-09,312.5,312.5,308.1000061035156,309.20001220703125,242.7682342529297,70
2012-04-10,305.1000061035156,310.0,305.1000061035156,306.5,240.64825439453125,377
2012-04-11,306.0,311.8500061035156,301.0,304.75,239.2742462158203,209
2012-04-12,313.79998779296875,313.79998779296875,301.0,301.45001220703125,236.6832733154297,594
2012-04-13,307.5,319.0,305.0,310.79998779296875,244.02438354492188,1528
2012-04-16,310.0,315.0,305.04998779296875,306.29998779296875,240.49118041992188,475
2012-04-17,307.1000061035156,310.0,306.54998779296875,307.3999938964844,241.35494995117188,467
2012-04-18,311.0,362.0,310.0,342.79998779296875,269.149169921875,11458
2012-04-19,342.79998779296875,345.0,327.0,331.3500061035156,260.15924072265625,1854
2012-04-20,342.0,342.0,326.0,327.0,256.7438049316406,403
2012-04-23,329.0,329.0,319.95001220703125,320.0,251.24774169921875,568
2012-04-24,319.0,338.8999938964844,319.0,335.25,263.2213134765625,272
2012-04-25,340.0,340.0,327.0,335.25,263.2213134765625,790
2012-04-26,333.0,333.0,314.04998779296875,330.0,259.0992736816406,138
2012-04-27,327.0,330.0,321.0,322.3500061035156,253.0928955078125,421
2012-04-30,325.0,335.0,321.25,328.79998779296875,258.1571044921875,793
2012-05-02,322.0,332.0,322.0,328.5,257.9215393066406,646
2012-05-03,333.0,333.0,322.04998779296875,329.8999938964844,259.020751953125,2697
2012-05-04,332.0,336.0,327.5,334.1000061035156,262.3183898925781,3348
2012-05-07,320.04998779296875,331.0,320.04998779296875,331.0,259.8844299316406,322
2012-05-08,330.0,336.95001220703125,325.6499938964844,334.5,262.6324462890625,1490
2012-05-09,335.0,335.0,325.0,328.0,257.5289611816406,1677
2012-05-10,328.0,343.0,325.0,326.45001220703125,256.3120422363281,2097
2012-05-11,334.0,338.0,325.0,336.20001220703125,263.96722412109375,7227
2012-05-14,341.0,347.0,326.0,330.8500061035156,259.7666931152344,2930
2012-05-15,333.0,335.0,321.6000061035156,323.79998779296875,254.23126220703125,965
2012-05-16,320.0,321.0,309.5,313.1499938964844,245.86952209472656,805
2012-05-17,315.0,329.0,315.0,325.0,255.17352294921875,755
2012-05-18,310.29998779296875,326.70001220703125,310.29998779296875,323.8500061035156,254.2705841064453,273
2012-05-21,327.20001220703125,327.20001220703125,321.0,326.3999938964844,256.272705078125,13
2012-05-22,320.0,320.20001220703125,312.29998779296875,315.8500061035156,247.98944091796875,207
2012-05-23,325.0,325.0,315.0,315.54998779296875,247.7538604736328,1045
2012-05-24,319.0,328.8999938964844,315.3999938964844,328.25,257.72528076171875,419
2012-05-25,325.0,332.5,325.0,328.75,258.11785888671875,1023
2012-05-28,329.0,329.8999938964844,323.1000061035156,329.5,258.7066650390625,263
2012-05-29,328.0,335.0,327.25,333.6499938964844,261.9650573730469,2017
2012-05-30,334.0,334.0,325.04998779296875,325.1000061035156,255.25204467773438,259
2012-05-31,321.0,331.95001220703125,320.0,326.0,255.95864868164062,338
2012-06-01,325.0,325.0,322.1000061035156,324.0,254.3883514404297,245
2012-06-04,321.1000061035156,325.0,316.79998779296875,317.5,249.28494262695312,315
2012-06-05,329.70001220703125,329.70001220703125,325.20001220703125,325.20001220703125,255.33056640625,310
2012-06-06,340.0,350.54998779296875,325.0,335.0,263.0250244140625,1357
2012-06-07,331.0,331.0,331.0,331.0,259.8844299316406,200
2012-06-08,332.0,332.70001220703125,330.25,332.70001220703125,261.2192077636719,461
2012-06-11,329.04998779296875,329.04998779296875,326.29998779296875,326.54998779296875,256.3905029296875,200
2012-06-12,324.0,325.0,323.75,324.0,254.3883514404297,360
2012-06-13,322.29998779296875,323.20001220703125,322.25,323.20001220703125,253.76023864746094,386
2012-06-14,322.0,332.0,316.8500061035156,331.20001220703125,260.0414733886719,993
2012-06-15,329.79998779296875,329.79998779296875,326.25,326.25,256.1549377441406,475
2012-06-18,326.25,326.25,326.25,326.25,256.1549377441406,0
2012-06-19,326.0,326.0,323.0,323.04998779296875,253.64247131347656,600
2012-06-20,325.04998779296875,337.95001220703125,325.0,334.95001220703125,262.98577880859375,792
2012-06-21,330.0,332.75,325.0,332.75,261.25848388671875,561
2012-06-22,326.04998779296875,328.04998779296875,325.70001220703125,325.95001220703125,255.91944885253906,1102
2012-06-25,326.1000061035156,332.0,326.0,330.0,259.0992736816406,984
2012-06-26,330.0,330.0,329.95001220703125,330.0,259.0992736816406,90
2012-06-27,325.6000061035156,325.6000061035156,325.6000061035156,325.6000061035156,255.64462280273438,56
2012-06-28,326.0,329.95001220703125,324.04998779296875,324.04998779296875,254.42767333984375,1425
2012-06-29,325.25,330.0,322.1000061035156,323.3999938964844,253.91729736328125,1135
2012-07-02,324.3500061035156,331.0,324.3500061035156,330.1499938964844,259.2170715332031,342
2012-07-03,330.0,330.0,326.0,326.0,255.95864868164062,150
2012-07-04,326.0,326.0,326.0,326.0,255.95864868164062,0
2012-07-05,330.0,335.70001220703125,326.04998779296875,334.6499938964844,263.5587158203125,1213
2012-07-06,339.45001220703125,352.0,338.5,349.75,275.4508361816406,1664
2012-07-09,340.0,344.5,340.0,344.5,271.3161926269531,483
2012-07-10,345.0,349.75,344.8999938964844,345.5,272.1037902832031,204
2012-07-11,345.0,349.0,338.04998779296875,348.79998779296875,274.7027587890625,555
2012-07-12,348.8999938964844,349.0,343.6000061035156,349.0,274.86029052734375,3909
2012-07-13,349.79998779296875,350.0,343.1000061035156,343.1000061035156,270.2135925292969,131
2012-07-16,352.0,361.20001220703125,336.1000061035156,349.6499938964844,275.37213134765625,1766
2012-07-17,340.0,353.75,340.0,348.6499938964844,274.5846252441406,98
2012-07-18,345.04998779296875,346.0,343.1499938964844,345.1000061035156,271.7887268066406,2240
2012-07-19,348.95001220703125,350.0,348.95001220703125,349.0,274.86029052734375,1025
2012-07-20,331.6000061035156,348.8500061035156,327.0,340.8500061035156,268.4416198730469,334
2012-07-23,335.1000061035156,341.0,335.1000061035156,338.0,266.19708251953125,57
2012-07-24,337.1000061035156,341.1000061035156,337.1000061035156,341.1000061035156,268.6385192871094,251
2012-07-25,341.5,343.1000061035156,341.25,343.1000061035156,270.2135925292969,205
2012-07-26,354.5,354.5,340.04998779296875,340.1499938964844,267.8902893066406,8787
2012-07-27,340.1499938964844,345.6499938964844,340.0,345.6499938964844,272.221923828125,677
2012-07-30,330.04998779296875,358.0,330.04998779296875,336.3999938964844,264.93695068359375,218
2012-07-31,336.3999938964844,336.3999938964844,336.3999938964844,336.3999938964844,264.93695068359375,0
2012-08-01,338.5,353.0,338.1499938964844,347.04998779296875,273.3244934082031,917
2012-08-02,340.20001220703125,342.0,340.20001220703125,340.25,267.96905517578125,38
2012-08-03,337.04998779296875,349.8999938964844,337.0,345.29998779296875,271.9462585449219,293
2012-08-06,338.0,350.0,337.6000061035156,348.6499938964844,274.5846252441406,1818
2012-08-07,345.0,352.0,345.0,350.95001220703125,276.39599609375,3760
2012-08-08,342.04998779296875,345.04998779296875,337.25,340.0,267.7721862792969,17701
2012-08-09,340.0,345.0,336.6000061035156,337.54998779296875,265.8425598144531,6026
2012-08-10,335.29998779296875,344.8999938964844,335.29998779296875,339.6000061035156,267.4571228027344,4241
2012-08-13,345.0,345.0,340.0,340.0,267.7721862792969,350
2012-08-14,336.1499938964844,338.0,335.5,337.0,265.4094543457031,1803
2012-08-16,335.04998779296875,337.25,335.04998779296875,336.79998779296875,265.251953125,670
2012-08-17,338.5,340.0,338.0,338.0,266.19708251953125,105
2012-08-21,346.75,346.75,336.04998779296875,338.1000061035156,266.27581787109375,710
2012-08-22,336.0,336.0,336.0,336.0,264.62188720703125,30
2012-08-23,337.1499938964844,340.8500061035156,337.1499938964844,339.75,267.57525634765625,614
2012-08-24,337.95001220703125,345.75,336.0,345.75,272.3006591796875,432
2012-08-27,344.79998779296875,344.79998779296875,339.6499938964844,339.6499938964844,267.4964904785156,310
2012-08-28,340.54998779296875,340.75,340.0,340.5,268.1658935546875,605
2012-08-29,340.0,340.0,336.3999938964844,337.1000061035156,265.48822021484375,726
2012-08-30,342.8500061035156,344.79998779296875,334.95001220703125,335.04998779296875,263.87371826171875,1633
2012-08-31,344.79998779296875,344.79998779296875,344.79998779296875,344.79998779296875,271.552490234375,100
2012-09-03,343.20001220703125,343.20001220703125,336.0,336.25,264.8188171386719,490
2012-09-04,337.70001220703125,344.0,337.6499938964844,340.75,268.36285400390625,3070
2012-09-05,337.0,346.0,335.5,336.1499938964844,264.7400207519531,521
2012-09-06,335.5,339.8500061035156,333.20001220703125,333.3999938964844,262.57427978515625,609
2012-09-07,340.0,340.0,329.70001220703125,330.20001220703125,260.0540466308594,1015
2012-09-10,329.0,350.0,326.5,345.70001220703125,272.2613220214844,11404
2012-09-11,339.70001220703125,346.0,339.70001220703125,345.0,271.71002197265625,1183
2012-09-12,339.20001220703125,344.0,339.04998779296875,343.25,270.331787109375,815
2012-09-13,340.6000061035156,342.5,339.95001220703125,342.0,269.3472900390625,1572
2012-09-14,340.3500061035156,340.3500061035156,337.1000061035156,337.75,266.0001525878906,405
2012-09-17,341.0,341.0,340.0,340.0,267.7721862792969,1579
2012-09-18,342.0,375.0,341.5,359.20001220703125,282.8934631347656,4544
2012-09-20,355.1499938964844,356.8500061035156,351.29998779296875,354.6000061035156,279.2706298828125,1247
2012-09-21,356.1000061035156,368.70001220703125,355.0,366.20001220703125,288.4064025878906,3540
2012-09-24,360.0,365.0,354.0,360.1000061035156,283.6022033691406,1009
2012-09-25,360.0,365.0,358.0,361.45001220703125,284.6654052734375,1163
2012-09-26,361.0,361.0,354.3999938964844,355.0,279.58563232421875,285
2012-09-27,356.0,365.0,356.0,357.1000061035156,281.2395324707031,18093
2012-09-28,360.04998779296875,366.3999938964844,359.0,361.20001220703125,284.4685974121094,1034
2012-10-01,364.95001220703125,364.95001220703125,355.04998779296875,360.0,283.5234375,1907
2012-10-03,358.0,360.0,355.70001220703125,356.6499938964844,280.8851013183594,1224
2012-10-04,360.0,387.95001220703125,358.0,368.25,290.0208740234375,7189
2012-10-05,372.79998779296875,375.0,360.0,361.6499938964844,284.8229675292969,2103
2012-10-08,359.0,361.1499938964844,356.54998779296875,359.70001220703125,283.2872009277344,1177
2012-10-09,357.29998779296875,365.0,356.3999938964844,365.0,287.4613037109375,2519
2012-10-10,360.29998779296875,363.0,356.95001220703125,357.0,281.1607971191406,2617
2012-10-11,357.0,357.0,357.0,357.0,281.1607971191406,0
2012-10-12,357.29998779296875,362.95001220703125,355.0,355.0,279.58563232421875,917
2012-10-15,352.0,360.0,352.0,358.1000061035156,282.027099609375,413
2012-10-16,360.5,365.6499938964844,360.5,363.75,286.476806640625,1174
2012-10-17,361.54998779296875,379.45001220703125,361.3999938964844,376.8999938964844,296.8333435058594,2499
2012-10-18,370.0,372.0,366.1000061035156,367.75,289.6271057128906,1316
2012-10-19,365.70001220703125,373.95001220703125,365.0,370.0,291.3991394042969,3582
2012-10-22,370.95001220703125,371.0,368.0,368.5,290.2177734375,2277
2012-10-23,366.6499938964844,375.0,366.5,374.8999938964844,295.2581481933594,1278
2012-10-25,370.04998779296875,375.0,370.0,370.54998779296875,291.832275390625,4273
2012-10-29,371.5,371.5,370.20001220703125,370.5,291.79290771484375,78
2012-10-30,371.25,376.95001220703125,370.0,370.0,291.3991394042969,694
2012-10-31,370.1000061035156,375.0,370.0,372.20001220703125,293.13177490234375,304
2012-11-01,377.5,377.5,370.0,373.0,293.7618103027344,1201
2012-11-02,380.0,382.0,372.75,380.0,299.2748107910156,4763
2012-11-05,375.0,384.70001220703125,375.0,380.3500061035156,299.5504455566406,734
2012-11-06,376.1499938964844,382.1000061035156,376.1000061035156,380.5,299.6685485839844,1366
2012-11-07,370.0,386.3500061035156,370.0,381.0,300.06231689453125,1829
2012-11-08,378.20001220703125,383.8999938964844,378.1499938964844,383.8500061035156,302.306884765625,449
2012-11-09,380.25,380.25,377.5,378.54998779296875,298.1327209472656,1083
2012-11-12,378.45001220703125,380.95001220703125,376.1499938964844,380.3999938964844,299.5898132324219,360
2012-11-15,382.0,385.04998779296875,382.0,385.0,303.21258544921875,2319
2012-11-16,390.0,390.0,376.1499938964844,376.5,296.5182800292969,140
2012-11-19,381.1499938964844,381.1499938964844,379.3500061035156,380.0,299.2748107910156,120
2012-11-20,380.0,384.70001220703125,375.0,380.04998779296875,299.31414794921875,5268
2012-11-21,377.1000061035156,383.0,371.0,379.70001220703125,299.03851318359375,3282
2012-11-22,377.5,381.1000061035156,377.45001220703125,380.0,299.2748107910156,607
2012-11-23,384.8500061035156,384.8500061035156,377.5,380.0,299.2748107910156,1153
2012-11-26,376.25,379.5,376.1000061035156,379.3500061035156,298.7628479003906,1297
2012-11-27,389.8500061035156,393.0,375.04998779296875,377.25,297.10894775390625,4776
2012-11-29,377.0,394.5,377.0,389.95001220703125,307.11102294921875,5981
2012-11-30,389.95001220703125,389.95001220703125,384.95001220703125,387.20001220703125,304.9452819824219,3777
2012-12-03,389.0,395.0,382.1499938964844,390.0,307.15045166015625,1609
2012-12-04,404.8500061035156,404.8500061035156,381.0,388.1000061035156,305.6540832519531,527
2012-12-05,390.0,465.70001220703125,390.0,465.70001220703125,366.76910400390625,63646
2012-12-06,483.29998779296875,530.0,425.04998779296875,503.8999938964844,396.8540954589844,138816
2012-12-07,504.0,538.0,482.8999938964844,507.0,399.2955322265625,71353
2012-12-10,500.0,520.3499755859375,496.0,510.45001220703125,402.0126037597656,12608
2012-12-11,490.0,519.9000244140625,490.0,498.75,392.7981262207031,6872
2012-12-12,500.0,522.0,492.04998779296875,510.8999938964844,402.36700439453125,13446
2012-12-13,488.8999938964844,515.0,488.8999938964844,500.54998779296875,394.2157287597656,3125
2012-12-14,522.0,540.5,507.0,528.2999877929688,416.0706787109375,27083
2012-12-17,538.9000244140625,540.1500244140625,516.2999877929688,521.25,410.518310546875,5113
2012-12-18,522.2000122070312,539.0,522.2000122070312,530.5999755859375,417.8820495605469,5053
2012-12-19,516.5999755859375,536.0,516.5999755859375,531.8499755859375,418.8664855957031,3891
2012-12-20,530.0,530.0,515.0,517.75,407.7618103027344,2275
2012-12-21,518.0,524.0,506.20001220703125,518.7000122070312,408.5100402832031,1600
2012-12-24,503.04998779296875,528.3499755859375,496.8999938964844,499.6000061035156,393.4675598144531,2943
2012-12-26,499.0,528.0,495.0,522.1500244140625,411.2272033691406,7172
2012-12-27,534.7000122070312,534.7000122070312,513.0,519.5999755859375,409.2189025878906,6385
2012-12-28,513.0,524.9500122070312,510.25,519.75,409.3370056152344,768
2012-12-31,521.4000244140625,525.0,512.0499877929688,516.8499755859375,407.0530700683594,1002
2013-01-01,506.04998779296875,524.9000244140625,506.04998779296875,522.2999877929688,411.3453063964844,3892
2013-01-02,524.9000244140625,524.9000244140625,517.0,518.0999755859375,408.0374755859375,741
2013-01-03,511.25,524.7000122070312,511.25,520.1500244140625,409.65203857421875,2069
2013-01-04,521.0,525.0,515.0,519.2999877929688,408.98260498046875,1419
2013-01-07,515.0,526.9000244140625,510.5,523.6500244140625,412.4085693359375,5535
2013-01-08,526.9000244140625,539.0,513.5,518.9000244140625,408.66754150390625,33286
2013-01-09,522.0,529.0,516.0,523.2999877929688,412.1328125,5731
2013-01-10,520.0,526.0,516.75,523.8499755859375,412.5660095214844,3194
2013-01-11,520.5,526.9500122070312,515.0,521.3499755859375,410.59710693359375,4847
2013-01-14,510.0,530.9500122070312,505.0,514.75,405.3991394042969,8783
2013-01-15,516.5,527.9500122070312,509.0,520.9500122070312,410.2821044921875,7404
2013-01-16,506.79998779296875,526.0,506.79998779296875,521.9000244140625,411.03033447265625,5007
2013-01-17,514.5,525.9000244140625,514.5,523.6500244140625,412.4085693359375,1165
2013-01-18,522.0,527.0,516.5999755859375,522.4500122070312,411.4634094238281,2205
2013-01-21,519.0,522.2999877929688,514.2000122070312,515.8499755859375,406.2655029296875,2221
2013-01-22,523.0,523.0,513.0499877929688,515.5,405.9898376464844,2930
2013-01-23,523.0,523.9500122070312,512.4500122070312,514.0999755859375,404.8872375488281,2006
2013-01-24,519.0,526.0,509.0,521.7000122070312,410.8727722167969,3294
2013-01-25,522.9500122070312,523.9000244140625,511.04998779296875,517.5,407.56500244140625,870
2013-01-28,517.0,520.0,514.5,515.7000122070312,406.1473693847656,1966
2013-01-29,518.0,519.9500122070312,503.5,508.04998779296875,400.1224365234375,1662
2013-01-30,514.5,518.0,489.95001220703125,492.5,387.8759460449219,1745
2013-01-31,493.0,495.04998779296875,472.6000061035156,479.70001220703125,377.79498291015625,969
2013-02-01,479.54998779296875,482.54998779296875,454.95001220703125,462.0,363.8551330566406,2648
2013-02-04,454.6499938964844,466.75,450.0,451.20001220703125,355.34942626953125,822
2013-02-05,451.5,451.5,412.95001220703125,424.79998779296875,334.5576477050781,6941
2013-02-06,431.20001220703125,449.95001220703125,415.04998779296875,439.75,346.331787109375,3989
2013-02-07,440.1000061035156,440.5,435.0,435.25,342.7877502441406,365
2013-02-08,435.0,435.0,427.29998779296875,433.0,341.0157165527344,795
2013-02-11,436.0,436.0,422.54998779296875,431.95001220703125,340.18878173828125,361
2013-02-12,430.04998779296875,430.04998779296875,422.04998779296875,425.04998779296875,334.7545471191406,185
2013-02-13,435.0,435.0,422.0,425.0,334.7151794433594,347
2013-02-14,422.20001220703125,426.0,422.1499938964844,425.29998779296875,334.9514465332031,778
2013-02-15,422.0,422.0,421.04998779296875,422.0,332.35247802734375,79
2013-02-18,421.0,424.5,417.0,420.6499938964844,331.2892761230469,1073
2013-02-19,420.0,424.0,420.0,422.04998779296875,332.3918762207031,414
2013-02-20,426.0,504.0,426.0,494.0,389.0572204589844,127580
2013-02-21,485.8999938964844,492.0,453.3500061035156,458.6000061035156,361.1773986816406,67492
2013-02-22,452.0,467.6000061035156,445.20001220703125,449.6000061035156,354.0892333984375,8549
2013-02-25,455.1499938964844,479.70001220703125,440.0,448.29998779296875,353.06549072265625,6556
2013-02-26,442.29998779296875,449.0,436.0,439.79998779296875,346.3711242675781,9822
2013-02-27,431.0,470.0,420.0,464.3999938964844,365.7452697753906,20043
2013-02-28,470.95001220703125,478.0,436.3500061035156,446.5,351.6478271484375,4024
2013-03-01,445.0,466.75,435.0,435.8999938964844,343.2996826171875,2495
2013-03-04,430.04998779296875,444.0,425.25,425.54998779296875,335.1483154296875,599
2013-03-05,421.0,427.70001220703125,419.5,420.95001220703125,331.5255126953125,7949
2013-03-06,417.1000061035156,438.0,410.95001220703125,435.95001220703125,343.33905029296875,11379
2013-03-07,427.95001220703125,438.8500061035156,420.0,426.95001220703125,336.2509460449219,2689
2013-03-08,425.5,430.5,421.95001220703125,425.70001220703125,335.2665100097656,558
2013-03-11,425.0,434.75,415.5,417.6000061035156,328.88720703125,3149
2013-03-12,422.0,423.75,417.0,421.95001220703125,332.3131408691406,681
2013-03-13,412.0,426.0,412.0,419.8500061035156,330.6592712402344,161
2013-03-14,423.45001220703125,437.45001220703125,415.79998779296875,428.25,337.2747802734375,1538
2013-03-15,418.5,425.5,418.0,420.79998779296875,331.40740966796875,332
2013-03-18,425.0,425.04998779296875,416.20001220703125,421.54998779296875,331.9980773925781,863
2013-03-19,424.0,424.95001220703125,406.5,409.6000061035156,322.5867614746094,2372
2013-03-20,406.0,418.29998779296875,395.0,396.04998779296875,311.9151916503906,4224
2013-03-21,391.70001220703125,415.0,391.70001220703125,406.6499938964844,320.26336669921875,1398
2013-03-22,405.0,410.0,398.5,398.70001220703125,314.00225830078125,797
2013-03-25,387.0,409.0,355.0,382.25,301.0467834472656,22844
2013-03-26,372.54998779296875,392.8999938964844,371.25,371.54998779296875,292.61981201171875,2091
2013-03-28,363.5,383.8999938964844,360.0,371.70001220703125,292.7379455566406,6365
2013-04-01,384.0,384.0,365.04998779296875,372.8999938964844,293.6830749511719,434
2013-04-02,364.0,389.54998779296875,364.0,385.5,303.6064147949219,1037
2013-04-03,388.79998779296875,390.0,365.04998779296875,367.95001220703125,289.7845764160156,3043
2013-04-04,369.0,373.0,358.1000061035156,362.0,285.09857177734375,478
2013-04-05,364.8999938964844,372.0,362.0,369.75,291.2022399902344,1427
2013-04-08,365.0,370.0,357.6000061035156,363.29998779296875,286.1224365234375,2154
2013-04-09,365.0,373.0,354.0,355.70001220703125,280.1369323730469,519
2013-04-10,365.0,394.0,360.0,376.3500061035156,296.4001770019531,2935
2013-04-11,370.1499938964844,384.5,370.1499938964844,378.5,298.0933837890625,353
2013-04-12,367.29998779296875,380.0,367.29998779296875,374.29998779296875,294.7856750488281,640
2013-04-15,372.0,380.0,368.1000061035156,369.5,291.0052795410156,842
2013-04-16,372.0,372.0,364.0,366.29998779296875,288.4851379394531,1731
2013-04-17,365.0,384.3999938964844,365.0,377.3999938964844,297.22711181640625,8303
2013-04-18,378.0,380.3500061035156,371.0,373.29998779296875,293.9980773925781,1427
2013-04-22,380.0,380.0,372.04998779296875,372.8500061035156,293.6436767578125,201
2013-04-23,378.8999938964844,378.8999938964844,368.0,370.04998779296875,291.4384765625,566
2013-04-25,370.79998779296875,377.29998779296875,370.79998779296875,376.25,296.3213806152344,4343
2013-04-26,374.0,374.20001220703125,367.0,370.0,291.3991394042969,2415
2013-04-29,377.0,377.0,370.0,375.25,295.5338439941406,929
2013-04-30,376.04998779296875,376.04998779296875,362.25,365.54998779296875,287.89447021484375,2315
2013-05-02,371.1000061035156,377.5,371.1000061035156,372.1000061035156,293.0530090332031,2136
2013-05-03,372.0,375.0,368.0,372.5,293.3680114746094,4730
2013-05-06,371.0,375.0,366.5,370.25,291.59600830078125,2564
2013-05-07,372.0,374.8999938964844,366.0,367.8500061035156,289.705810546875,1288
2013-05-08,370.1000061035156,378.0,370.1000061035156,372.75,293.5649719238281,1950
2013-05-09,379.0,382.95001220703125,376.0,378.95001220703125,298.44781494140625,885
2013-05-10,376.0,446.95001220703125,376.0,429.75,338.45611572265625,25790
2013-05-13,421.0,435.95001220703125,414.0,419.54998779296875,330.4230041503906,4167
2013-05-14,405.5,438.0,390.0,435.0,342.59088134765625,10962
2013-05-15,436.0,448.3999938964844,425.0,433.20001220703125,341.1732482910156,5282
2013-05-16,428.0,440.0,408.0,410.20001220703125,323.0592346191406,4083
2013-05-17,408.3999938964844,416.0,408.3999938964844,415.79998779296875,327.4696350097656,2774
2013-05-20,419.6499938964844,421.0,412.0,417.95001220703125,329.1628723144531,1626
2013-05-21,412.04998779296875,419.8999938964844,412.0,413.8500061035156,325.933837890625,1541
2013-05-22,418.0,425.0,412.5,420.0,330.7773742675781,4068
2013-05-23,414.0,414.0,408.0,408.5,321.7203674316406,4116
2013-05-24,413.0,413.0,406.0,407.95001220703125,321.2872314453125,1316
2013-05-27,408.25,412.0,404.0,404.25,318.37322998046875,1931
2013-05-28,401.75,407.95001220703125,400.0,403.1499938964844,317.50689697265625,1585
2013-05-29,407.8999938964844,414.3999938964844,402.04998779296875,406.04998779296875,319.79083251953125,1166
2013-05-30,407.95001220703125,410.0,398.0,404.29998779296875,318.4126281738281,47125
2013-05-31,400.0,406.95001220703125,399.1000061035156,400.6499938964844,315.5379638671875,736
2013-06-03,405.0,405.0,398.0,400.04998779296875,315.0654296875,24422
2013-06-04,404.8999938964844,406.0,401.5,405.0,318.9638977050781,514
2013-06-05,424.0,424.0,406.04998779296875,410.0,322.9017333984375,1394
2013-06-06,404.54998779296875,408.5,400.0,402.1000061035156,316.67999267578125,3346
2013-06-07,398.1000061035156,405.54998779296875,398.0,402.04998779296875,316.640625,870
2013-06-10,409.8500061035156,409.8500061035156,400.1499938964844,400.70001220703125,315.57733154296875,1679
2013-06-11,401.0,406.1499938964844,396.04998779296875,399.3999938964844,314.55352783203125,1437
2013-06-12,407.5,407.5,398.1499938964844,399.8500061035156,314.9079284667969,449
2013-06-13,405.0,405.8999938964844,390.1499938964844,401.79998779296875,316.44366455078125,2040
2013-06-14,400.5,405.0,400.5,405.0,318.9638977050781,21
2013-06-17,404.25,408.79998779296875,395.04998779296875,398.70001220703125,314.00225830078125,22640
2013-06-18,404.0,413.95001220703125,404.0,411.20001220703125,323.8468017578125,373
2013-06-19,412.0,412.1000061035156,404.0,408.0,321.32659912109375,595
2013-06-20,404.0,404.0,395.0,398.45001220703125,313.80535888671875,1607
2013-06-21,399.0,406.20001220703125,398.5,400.95001220703125,315.7742614746094,31859
2013-06-24,405.0,405.0,396.0,398.1000061035156,313.5296936035156,258
2013-06-25,394.04998779296875,402.0,394.0,398.0,313.450927734375,17375
2013-06-26,398.0,402.70001220703125,391.0,392.95001220703125,309.4737243652344,14294
2013-06-27,400.0,400.0,394.5,395.20001220703125,311.2458190917969,361
2013-06-28,400.0,412.0,399.0,411.8999938964844,324.3980712890625,974
2013-07-01,414.0,418.0,405.0,409.95001220703125,322.86236572265625,1069
2013-07-02,407.04998779296875,412.0,400.0,402.79998779296875,317.2312316894531,2250
2013-07-03,403.04998779296875,412.8999938964844,403.0,407.75,321.12969970703125,715
2013-07-04,395.0,395.0,381.5,390.8999938964844,323.7384948730469,762
2013-07-05,389.0,396.0,376.20001220703125,379.6000061035156,314.3800048828125,21126
2013-07-08,389.0,389.0,370.5,376.0,311.3985290527344,471
2013-07-09,383.20001220703125,384.0,380.0,383.0,317.19586181640625,271
2013-07-10,377.04998779296875,383.0,377.0,380.0,314.71124267578125,925
2013-07-11,378.1000061035156,383.0,378.04998779296875,380.25,314.91827392578125,641
2013-07-12,380.0,384.8500061035156,375.5,380.20001220703125,314.87689208984375,564
2013-07-15,381.79998779296875,383.75,380.0,381.0,315.5393981933594,1476
2013-07-16,383.0,383.0,374.0,376.0,311.3985290527344,179
2013-07-17,382.8999938964844,394.0,380.5,385.0,318.8522033691406,1521
2013-07-18,390.0,390.0,385.0,385.95001220703125,319.63897705078125,567
2013-07-19,385.5,389.8999938964844,374.95001220703125,377.6000061035156,312.72357177734375,25880
2013-07-22,383.95001220703125,393.95001220703125,380.0,392.29998779296875,324.89794921875,28347
2013-07-23,390.0,394.20001220703125,390.0,390.0,322.9931335449219,1145
2013-07-24,385.54998779296875,390.0,380.0,382.20001220703125,316.5332946777344,31148
2013-07-25,381.20001220703125,383.0,379.95001220703125,380.04998779296875,314.75262451171875,1058
2013-07-26,380.0,380.0,372.0,376.04998779296875,311.43988037109375,1422
2013-07-29,365.0,373.0,361.5,366.1499938964844,303.2408447265625,2931
2013-07-30,376.0,376.0,366.0,370.0,306.42938232421875,36
2013-07-31,363.0,380.0,363.0,380.0,314.71124267578125,200
2013-08-01,378.0,378.0,367.0,370.6000061035156,306.9263000488281,592
2013-08-02,365.04998779296875,369.0,360.0,367.04998779296875,303.9862365722656,36048
2013-08-05,370.0,371.04998779296875,360.0,363.3999938964844,300.9632873535156,964
2013-08-06,377.95001220703125,377.95001220703125,342.1000061035156,351.6000061035156,291.1907043457031,1639
2013-08-07,340.0,350.95001220703125,340.0,347.6000061035156,287.8780212402344,526
2013-08-08,353.8999938964844,353.8999938964844,337.0,350.04998779296875,289.9070129394531,1872
2013-08-12,351.1499938964844,360.0,351.1499938964844,356.04998779296875,294.87615966796875,63
2013-08-13,340.1000061035156,365.0,340.04998779296875,358.8999938964844,297.2364807128906,904
2013-08-14,360.0,360.0,346.25,358.25,296.6982116699219,2060
2013-08-16,351.04998779296875,364.5,351.0,360.6499938964844,298.685791015625,185
2013-08-19,344.0,360.0,340.0,344.3500061035156,285.1863708496094,1663
2013-08-20,329.0,359.70001220703125,329.0,354.95001220703125,293.96514892578125,264
2013-08-21,339.0,360.0,339.0,351.95001220703125,291.4805908203125,819
2013-08-22,375.0,375.0,336.0,353.29998779296875,292.5986328125,2086
2013-08-23,363.45001220703125,363.5,350.04998779296875,363.20001220703125,300.7977600097656,296
2013-08-26,357.04998779296875,365.0,357.0,363.1000061035156,300.71490478515625,5525
2013-08-27,347.0,378.0,347.0,363.45001220703125,301.0047912597656,1692
2013-08-28,363.45001220703125,369.0,360.0,369.0,305.6011962890625,3407
2013-08-29,360.5,371.0,360.5,364.1000061035156,301.5431213378906,2035
2013-08-30,370.0,375.0,370.0,371.8500061035156,307.9615478515625,292
2013-09-02,363.25,379.8999938964844,363.25,379.0,313.883056640625,427
2013-09-03,379.0,381.0,370.0,380.04998779296875,314.75262451171875,1517
2013-09-04,380.0,387.95001220703125,376.1499938964844,382.3999938964844,316.6988830566406,3773
2013-09-05,383.79998779296875,390.0,380.1000061035156,380.1000061035156,314.7940368652344,30
2013-09-06,380.1000061035156,385.0,380.04998779296875,384.54998779296875,318.4795227050781,335
2013-09-10,384.79998779296875,386.0,378.6000061035156,383.45001220703125,317.56854248046875,973
2013-09-11,385.04998779296875,392.0,380.3999938964844,392.0,324.6495361328125,351
2013-09-12,399.95001220703125,400.0,380.04998779296875,390.04998779296875,323.0345153808594,1374
2013-09-13,397.95001220703125,397.95001220703125,383.04998779296875,391.8999938964844,324.5666809082031,414
2013-09-16,381.29998779296875,395.0,380.0,389.3500061035156,322.4548034667969,915
2013-09-17,400.8500061035156,400.8500061035156,382.95001220703125,391.1499938964844,323.9455871582031,3851
2013-09-18,386.20001220703125,392.0,385.0,391.95001220703125,324.608154296875,3837
2013-09-19,386.1000061035156,391.95001220703125,386.1000061035156,390.0,322.9931335449219,870
2013-09-20,372.0,394.0,372.0,394.0,326.305908203125,62
2013-09-23,376.0,391.0,373.0,385.8500061035156,319.55615234375,988
2013-09-24,381.54998779296875,392.0,381.1499938964844,392.0,324.6495361328125,4924
2013-09-25,404.5,404.5,381.95001220703125,390.1499938964844,323.11737060546875,7493
2013-09-26,390.0,398.20001220703125,387.1000061035156,396.04998779296875,328.003662109375,3452
2013-09-27,396.0,396.0,385.04998779296875,393.45001220703125,325.85040283203125,3259
2013-09-30,390.0,405.0,387.6499938964844,404.20001220703125,334.75341796875,4206
2013-10-01,402.0,404.8500061035156,396.1000061035156,397.54998779296875,329.2459716796875,160
2013-10-03,395.25,401.0,395.0,397.3500061035156,329.080322265625,664
2013-10-04,398.0,401.0,398.0,399.5,330.86090087890625,404
2013-10-07,390.29998779296875,406.5,390.0,403.8500061035156,334.4635009765625,1383
2013-10-08,401.0,406.8999938964844,399.0,404.0,334.5877685546875,1109
2013-10-09,393.0,403.79998779296875,393.0,399.1499938964844,330.5710144042969,538
2013-10-10,400.0,403.8999938964844,396.1000061035156,402.1000061035156,333.0141906738281,329
2013-10-11,384.0,405.0,384.0,401.3500061035156,332.39306640625,301
2013-10-14,399.0,422.79998779296875,398.6499938964844,405.5,335.83001708984375,4802
2013-10-15,410.0,411.0,393.1499938964844,399.75,331.0679626464844,1223
2013-10-17,410.0,410.0,398.6499938964844,400.3999938964844,331.60626220703125,1098
2013-10-18,404.95001220703125,404.95001220703125,394.75,398.3500061035156,329.9085388183594,1602
2013-10-21,409.04998779296875,409.04998779296875,388.0,395.6000061035156,327.6310119628906,742
2013-10-22,400.0,400.0,389.0,390.3500061035156,323.2829895019531,1599
2013-10-23,391.04998779296875,400.95001220703125,391.04998779296875,399.1000061035156,330.52960205078125,2268
2013-10-24,397.1000061035156,400.79998779296875,396.0,400.04998779296875,331.31640625,1353
2013-10-25,405.0,405.0,392.0,394.70001220703125,326.8855895996094,597
2013-10-28,394.0,401.95001220703125,394.0,398.95001220703125,330.4054260253906,3374
2013-10-29,395.1000061035156,398.95001220703125,394.04998779296875,396.20001220703125,328.12786865234375,526
2013-10-30,391.04998779296875,398.8500061035156,391.04998779296875,394.04998779296875,326.3472900390625,2644
2013-10-31,398.8999938964844,400.0,395.0,396.29998779296875,328.2107238769531,927
2013-11-01,399.8999938964844,400.0,394.0,399.8999938964844,331.1921691894531,2836
2013-11-05,395.45001220703125,409.0,395.3999938964844,408.5,338.3146057128906,669
2013-11-06,405.0,412.0,400.0,406.8500061035156,336.9480895996094,1854
2013-11-07,401.0,409.0,391.54998779296875,399.54998779296875,330.90234375,1526
2013-11-08,402.04998779296875,415.0,402.04998779296875,411.79998779296875,341.0476379394531,1459
2013-11-11,405.04998779296875,409.6499938964844,400.04998779296875,404.6499938964844,335.1260681152344,1554
2013-11-12,409.70001220703125,409.95001220703125,398.3999938964844,402.0,332.931396484375,1803
2013-11-13,406.0,417.8999938964844,391.0,398.70001220703125,330.1983642578125,1372
2013-11-14,401.0,409.8999938964844,398.0,398.20001220703125,329.7843017578125,733
2013-11-18,397.0,400.0,396.04998779296875,399.8999938964844,331.1921691894531,237
2013-11-19,402.0,402.0,394.0,394.75,326.9270324707031,522
2013-11-20,402.0,411.95001220703125,396.0,408.45001220703125,338.2731628417969,2454
2013-11-21,400.1000061035156,413.79998779296875,400.1000061035156,410.29998779296875,339.80535888671875,2662
2013-11-22,410.0,410.0,382.25,388.1499938964844,321.46099853515625,11858
2013-11-25,394.6499938964844,401.3500061035156,394.6499938964844,400.20001220703125,331.440673828125,3736
2013-11-26,397.0,404.79998779296875,392.20001220703125,395.6499938964844,327.67236328125,1375
2013-11-27,394.45001220703125,400.0,392.0,399.79998779296875,331.1093444824219,4072
2013-11-28,399.95001220703125,403.8500061035156,396.0,400.0,331.27496337890625,2247
2013-11-29,396.95001220703125,402.0,396.95001220703125,402.0,332.931396484375,821
2013-12-02,397.8999938964844,403.8500061035156,397.8999938964844,403.29998779296875,334.0080261230469,263
2013-12-03,400.0,403.75,389.0,395.8500061035156,327.8380432128906,759
2013-12-04,401.8999938964844,401.95001220703125,396.25,398.0,329.6186218261719,787
2013-12-05,402.0,406.0,400.04998779296875,405.0,335.4159240722656,1347
2013-12-06,405.0,410.0,405.0,407.95001220703125,337.8591003417969,704
2013-12-09,401.6499938964844,410.95001220703125,401.5,410.0,339.556884765625,1799
2013-12-10,410.0,411.0,407.25,409.25,338.9357604980469,1741
2013-12-11,406.3999938964844,416.6499938964844,406.3999938964844,414.6499938964844,343.407958984375,1809
2013-12-12,409.0,413.95001220703125,405.0,405.20001220703125,335.5815734863281,1964
2013-12-13,410.0,410.0,404.0,404.75,335.2088928222656,3207
2013-12-16,407.25,418.0,405.29998779296875,412.6499938964844,341.7515563964844,4116
2013-12-17,411.0,415.0,407.6499938964844,411.29998779296875,340.6335144042969,1504
2013-12-18,414.95001220703125,415.0,409.0,410.20001220703125,339.7225341796875,6285
2013-12-19,410.0,413.54998779296875,393.70001220703125,401.0,332.1032409667969,2047
2013-12-20,410.0,413.5,408.5,413.0,342.0414123535156,738
2013-12-23,410.1000061035156,418.0,410.04998779296875,413.54998779296875,342.4969482421875,4033
2013-12-24,415.0,418.0,413.04998779296875,416.20001220703125,344.691650390625,849
2013-12-26,416.0,424.8500061035156,410.0,410.95001220703125,340.34368896484375,2475
2013-12-27,410.1000061035156,419.5,394.04998779296875,399.1499938964844,330.5710144042969,8043
2013-12-30,406.6000061035156,414.0,405.0,411.5,340.7991943359375,2820
2013-12-31,411.0,415.0,407.1000061035156,410.20001220703125,339.7225341796875,5736
2014-01-01,412.79998779296875,412.79998779296875,404.5,409.5,339.1427917480469,1403
2014-01-02,410.0,411.0,405.0,407.3500061035156,337.3622131347656,2282
2014-01-03,410.0,416.95001220703125,405.04998779296875,412.5,341.6272888183594,4222
2014-01-06,410.1000061035156,415.8500061035156,410.0,414.6499938964844,343.407958984375,792
2014-01-07,417.0,419.79998779296875,412.0,415.6499938964844,344.23614501953125,987
2014-01-08,420.0,488.0,418.0,424.70001220703125,351.73126220703125,2519
2014-01-09,424.0,427.3999938964844,416.29998779296875,420.0,347.8387756347656,1356
2014-01-10,416.0,422.95001220703125,415.1000061035156,421.25,348.8739929199219,1340
2014-01-13,408.3500061035156,425.0,408.3500061035156,424.3500061035156,351.4413757324219,684
2014-01-14,419.0,455.6000061035156,412.5,432.1000061035156,357.85980224609375,7970
2014-01-15,430.0,430.5,420.70001220703125,421.8999938964844,349.4123229980469,146
2014-01-16,416.04998779296875,434.0,416.04998779296875,421.8500061035156,349.3709411621094,796
2014-01-17,417.04998779296875,418.0,411.6499938964844,411.8999938964844,341.13043212890625,250
2014-01-20,417.45001220703125,421.95001220703125,417.45001220703125,419.04998779296875,347.0519714355469,406
2014-01-21,410.0,428.29998779296875,407.5,421.0,348.6669616699219,2403
2014-01-22,423.0,429.8999938964844,417.5,418.75,346.80352783203125,390
2014-01-23,421.0,421.0,413.04998779296875,420.6000061035156,348.3356628417969,653
2014-01-24,418.04998779296875,443.8999938964844,417.6499938964844,436.6000061035156,361.586669921875,2967
2014-01-27,445.0,465.0,415.0,418.75,346.80352783203125,18329
2014-01-28,428.8999938964844,435.0,417.45001220703125,418.8500061035156,346.8863220214844,1869
2014-01-29,416.25,420.0,415.0,417.25,345.5612487792969,772
2014-01-30,416.79998779296875,429.75,412.5,421.0,348.6669616699219,4058
2014-01-31,422.95001220703125,422.95001220703125,406.0,411.70001220703125,340.9648132324219,1100
2014-02-03,410.25,412.04998779296875,409.0,410.04998779296875,339.5982666015625,250
2014-02-04,403.0,425.0,403.0,413.95001220703125,342.8282470703125,1690
2014-02-05,419.95001220703125,425.0,415.0,419.75,347.6317138671875,1911
2014-02-06,420.0,420.0,412.3500061035156,413.95001220703125,342.8282470703125,323
2014-02-07,418.95001220703125,474.0,415.5,455.04998779296875,376.8666687011719,22260
2014-02-10,441.6499938964844,470.0,435.04998779296875,439.6000061035156,364.07122802734375,15484
2014-02-11,454.8999938964844,454.8999938964844,425.6000061035156,430.79998779296875,356.7831726074219,3380
2014-02-12,427.04998779296875,439.8999938964844,425.20001220703125,430.70001220703125,356.7003479003906,1688
2014-02-13,420.0,435.8999938964844,413.6000061035156,424.04998779296875,351.19293212890625,1698
2014-02-14,429.8999938964844,433.0,413.70001220703125,428.79998779296875,355.1268005371094,2597
2014-02-17,430.0,437.8500061035156,417.1000061035156,419.95001220703125,347.79736328125,1199
2014-02-18,424.8999938964844,430.0,421.0,422.8500061035156,350.1990966796875,1182
2014-02-19,426.8999938964844,427.0,422.0,425.0,351.9797058105469,1494
2014-02-20,426.79998779296875,427.0,417.79998779296875,425.3500061035156,352.2695617675781,408
2014-02-21,428.0,428.0,424.75,425.04998779296875,352.02105712890625,348
2014-02-24,425.0,431.45001220703125,420.0,422.3999938964844,349.826416015625,1961
2014-02-25,416.54998779296875,474.8999938964844,416.5,430.8500061035156,356.8246154785156,58689
2014-02-26,448.6000061035156,480.0,429.8999938964844,461.1499938964844,381.9186706542969,116708
2014-02-28,460.0,522.7999877929688,459.95001220703125,514.0,425.6883850097656,294932
2014-03-03,503.0,545.9000244140625,500.8500061035156,507.1499938964844,420.0152587890625,127044
2014-03-04,506.5,519.0,484.0,506.3500061035156,419.352783203125,46738
2014-03-05,506.5,513.0,485.25,489.3999938964844,405.31494140625,13076
2014-03-06,482.0,492.8500061035156,476.0,480.70001220703125,398.1097106933594,10267
2014-03-07,478.29998779296875,523.9500122070312,455.0,484.1000061035156,400.9255676269531,78364
2014-03-10,485.0,525.0,472.6000061035156,495.5,410.3669128417969,84046
2014-03-11,497.04998779296875,512.4000244140625,477.95001220703125,483.0,400.0145263671875,13607
2014-03-12,482.75,497.0,473.25,481.29998779296875,398.6066589355469,7014
2014-03-13,483.0,500.0,462.0,465.95001220703125,385.89404296875,12016
2014-03-14,475.0,475.0,459.0,462.8500061035156,383.3266296386719,9070
2014-03-18,460.3500061035156,469.6499938964844,451.1000061035156,455.20001220703125,376.990966796875,9307
2014-03-19,461.3500061035156,461.3500061035156,448.45001220703125,449.95001220703125,372.6430358886719,4479
2014-03-20,445.1000061035156,480.95001220703125,445.04998779296875,460.6000061035156,381.4632263183594,9173
2014-03-21,458.04998779296875,482.0,458.04998779296875,465.04998779296875,385.14862060546875,13695
2014-03-24,474.5,474.5,455.95001220703125,459.3999938964844,380.4693298339844,4004
2014-03-25,459.3999938964844,467.0,451.1000061035156,454.45001220703125,376.369873046875,3173
2014-03-26,455.0,462.8500061035156,450.0,451.70001220703125,374.0923156738281,4409
2014-03-27,457.95001220703125,459.95001220703125,451.04998779296875,453.54998779296875,375.6244201660156,2608
2014-03-28,455.04998779296875,467.0,442.5,458.75,379.9310607910156,5613
2014-03-31,459.95001220703125,472.0,452.5,455.45001220703125,377.197998046875,4421
2014-04-01,453.04998779296875,473.1000061035156,450.04998779296875,467.8999938964844,387.50897216796875,2849
2014-04-02,460.75,479.0,460.1000061035156,475.75,394.0102233886719,4081
2014-04-03,465.25,478.3500061035156,465.25,472.8999938964844,391.64990234375,1108
2014-04-04,475.0,477.95001220703125,462.25,466.1499938964844,386.0596008300781,966
2014-04-07,460.1000061035156,473.04998779296875,460.1000061035156,468.20001220703125,387.7574157714844,1451
2014-04-09,470.0,520.0,464.70001220703125,486.6000061035156,402.99603271484375,51769
2014-04-10,482.0,505.0,477.0,492.54998779296875,407.9237365722656,9455
2014-04-11,489.04998779296875,497.5,484.6499938964844,488.25,404.3625793457031,2062
2014-04-15,490.0,495.0,478.1000061035156,481.1499938964844,398.4824523925781,2382
2014-04-16,485.0,485.0,470.29998779296875,474.0,392.5609130859375,1913
2014-04-17,480.04998779296875,482.0,472.04998779296875,478.8999938964844,396.6190185546875,2097
2014-04-21,475.04998779296875,485.0,474.0,478.6000061035156,396.37054443359375,2065
2014-04-22,473.5,490.0,473.5,487.04998779296875,403.3687438964844,2448
2014-04-23,478.25,488.0,475.0,482.70001220703125,399.7661437988281,2374
2014-04-24,482.70001220703125,482.70001220703125,482.70001220703125,482.70001220703125,399.7661437988281,0
2014-04-25,475.0,484.8999938964844,471.25,474.0,392.5609130859375,1521
2014-04-28,470.1000061035156,488.75,470.1000061035156,480.0,397.5299987792969,932
2014-04-29,484.0,487.04998779296875,476.0,477.0,395.0454406738281,1189
2014-04-30,477.3999938964844,484.45001220703125,462.79998779296875,466.95001220703125,386.7221374511719,1666
2014-05-02,474.95001220703125,490.0,471.04998779296875,474.45001220703125,392.9335632324219,3823
2014-05-05,477.8999938964844,482.75,471.25,475.04998779296875,393.4304504394531,1223
2014-05-06,472.04998779296875,538.0,471.5,482.75,399.8074951171875,119067
2014-05-07,485.0,491.79998779296875,473.0,475.6000061035156,393.8859558105469,6452
2014-05-08,479.0,490.0,475.1000061035156,478.25,396.0806579589844,4401
2014-05-09,484.75,520.0,473.3999938964844,491.70001220703125,407.2198181152344,54857
2014-05-12,490.04998779296875,503.8999938964844,490.0,492.54998779296875,407.9237365722656,5891
2014-05-13,503.25,508.0,488.0,500.3999938964844,414.42498779296875,13056
2014-05-14,504.5,509.5,495.0,495.70001220703125,410.5325622558594,6894
2014-05-15,497.25,502.5,486.1000061035156,488.3999938964844,404.4867858886719,4458
2014-05-16,499.6000061035156,502.0,486.0,488.54998779296875,404.61102294921875,4058
2014-05-19,477.0,508.0,477.0,503.25,416.78533935546875,3220
2014-05-20,486.29998779296875,527.3499755859375,486.29998779296875,508.6000061035156,421.2161560058594,4351
2014-05-21,498.25,515.9000244140625,498.20001220703125,513.2999877929688,425.1086120605469,2590
2014-05-22,506.20001220703125,525.0,505.0,512.8499755859375,424.7359619140625,9514
2014-05-23,514.9500122070312,527.9500122070312,514.9500122070312,522.5499877929688,432.7693786621094,8352
2014-05-26,524.9000244140625,536.0,508.0,512.5999755859375,424.52886962890625,7522
2014-05-27,509.3500061035156,514.9500122070312,508.0,510.25,422.5826721191406,2271
2014-05-28,496.04998779296875,520.0,496.04998779296875,514.4000244140625,426.0196838378906,2246
2014-05-29,518.8499755859375,522.0,515.0,517.7999877929688,428.8354797363281,1417
2014-05-30,514.2000122070312,517.5,508.0,508.3500061035156,421.0091857910156,742
2014-06-02,516.0,522.9000244140625,512.0,514.5999755859375,426.1852722167969,2999
2014-06-03,514.0,523.9000244140625,513.9500122070312,520.2999877929688,430.9059143066406,1949
2014-06-04,522.0,540.0,521.0,532.3499755859375,440.8856201171875,4404
2014-06-05,534.9500122070312,549.4000244140625,534.9500122070312,544.0499877929688,450.5754089355469,7563
2014-06-06,549.4500122070312,553.5,537.5999755859375,543.4500122070312,450.0785827636719,5811
2014-06-09,550.0,563.9500122070312,544.0,555.4500122070312,460.01678466796875,8640
2014-06-10,559.4500122070312,658.2000122070312,550.0,646.4000244140625,535.3402709960938,67221
2014-06-11,633.0999755859375,665.75,620.0,627.0,519.2735595703125,23642
2014-06-12,639.0,648.7999877929688,623.9000244140625,638.2000122070312,528.54931640625,10114
2014-06-13,631.0,644.0,596.5499877929688,600.9500122070312,497.69927978515625,4144
2014-06-16,610.0,627.0,587.0,623.8499755859375,516.664794921875,2383
2014-06-17,628.0499877929688,640.0,626.0,632.0499877929688,523.4559936523438,2955
2014-06-18,635.0,639.0,626.0,631.0999755859375,522.6690673828125,4416
2014-06-19,624.7999877929688,644.9000244140625,620.0,620.9500122070312,514.2630004882812,2574
2014-06-20,616.0499877929688,620.0,603.0,616.4000244140625,510.4947814941406,2768
2014-06-23,613.0999755859375,645.0,608.0,629.5499877929688,521.385498046875,5570
2014-06-24,638.5,639.0,631.0,634.0,525.07080078125,1956
2014-06-25,636.0,639.0,631.9500122070312,634.2999877929688,525.3192749023438,3438
2014-06-26,627.0999755859375,649.0,627.0999755859375,644.7000122070312,533.9324340820312,2053
2014-06-27,640.1500244140625,659.3499755859375,640.1500244140625,653.3499755859375,541.0963745117188,8608
2014-06-30,662.9500122070312,669.0,648.5,653.8499755859375,541.5103149414062,5147
2014-07-01,655.0,670.0,655.0,658.7999877929688,545.6099243164062,4214
2014-07-02,670.0,674.9000244140625,660.0,664.7000122070312,550.4962158203125,6459
2014-07-03,655.0,714.0,636.0,685.5999755859375,589.9955444335938,68159
2014-07-04,685.0999755859375,692.4000244140625,660.0999755859375,676.6500244140625,582.2936401367188,9302
2014-07-07,663.2999877929688,683.9500122070312,660.0,662.9500122070312,570.5040893554688,1699
2014-07-08,663.0499877929688,713.9000244140625,663.0,691.75,595.2880859375,25393
2014-07-09,699.0,699.0,660.0,661.2000122070312,568.9981079101562,3900
2014-07-10,655.0,670.0,635.0,644.4500122070312,554.5839233398438,3977
2014-07-11,643.0,677.9500122070312,640.0,644.5,554.6268920898438,4117
2014-07-14,640.0,641.25,616.1500244140625,625.7999877929688,538.5344848632812,4017
2014-07-15,626.0,663.0,626.0,656.9500122070312,565.3407592773438,5720
2014-07-16,643.0,697.0,643.0,686.9000244140625,591.1144409179688,10150
2014-07-17,687.5999755859375,707.7000122070312,680.0,704.5,606.2600708007812,9952
2014-07-18,705.0499877929688,762.0,705.0,718.4000244140625,618.2218017578125,37941
2014-07-21,724.0,735.0,706.0499877929688,715.75,615.9414672851562,3145
2014-07-22,725.7000122070312,725.7000122070312,690.0,694.0499877929688,597.267333984375,3219
2014-07-23,690.0499877929688,714.0,687.0999755859375,700.2000122070312,602.559814453125,5518
2014-07-24,700.0499877929688,719.0,692.0999755859375,706.0,607.5509033203125,6482
2014-07-25,700.0499877929688,701.0,693.0,699.9500122070312,602.3446044921875,5561
2014-07-28,699.0,713.0,687.0499877929688,700.2000122070312,602.559814453125,2828
2014-07-30,686.2999877929688,708.9000244140625,686.2999877929688,701.9000244140625,604.022705078125,2960
2014-07-31,701.0499877929688,710.0,695.0,700.6500244140625,602.9469604492188,2845
2014-08-01,695.0499877929688,717.0,690.0,706.0,607.5509033203125,5273
2014-08-04,713.0,734.9000244140625,692.0,726.9500122070312,625.5795288085938,5623
2014-08-05,738.9500122070312,738.9500122070312,715.0499877929688,719.25,618.9532470703125,932
2014-08-06,725.0,735.0,707.9500122070312,725.0,623.9015502929688,3090
2014-08-07,729.9500122070312,746.0,722.5499877929688,734.5999755859375,632.1627197265625,3713
2014-08-08,720.0,749.0,708.4500122070312,733.4000244140625,631.1302490234375,4195
2014-08-11,708.0499877929688,749.7000122070312,708.0499877929688,739.25,636.1643676757812,3389
2014-08-12,730.4500122070312,745.0499877929688,726.0,727.5,626.0528564453125,1632
2014-08-13,712.1500244140625,740.0,707.0,722.9000244140625,622.0942993164062,5646
2014-08-14,720.0,754.0,716.5,746.8499755859375,642.70458984375,9961
2014-08-18,759.7999877929688,763.9500122070312,751.0,760.7999877929688,654.709228515625,3492
2014-08-19,759.9500122070312,777.0,755.5499877929688,763.1500244140625,656.7315673828125,5646
2014-08-20,749.7000122070312,785.0,749.7000122070312,753.6500244140625,648.556396484375,5701
2014-08-21,752.0499877929688,769.7999877929688,745.0499877929688,751.5999755859375,646.792236328125,3445
2014-08-22,769.9000244140625,769.9000244140625,730.2999877929688,733.7000122070312,631.3883056640625,2667
2014-08-25,755.0,770.0,733.0,764.6500244140625,658.0224609375,8892
2014-08-26,765.5999755859375,780.0,750.3499755859375,757.0999755859375,651.525146484375,2204
2014-08-27,765.0,823.7999877929688,735.5499877929688,771.7999877929688,664.1753540039062,43528
2014-08-28,766.0,800.0,755.0499877929688,762.4500122070312,656.1292114257812,2806
2014-09-01,780.0,780.0,750.0,753.2000122070312,648.1691284179688,1976
2014-09-02,770.0,794.9500122070312,761.9500122070312,769.0999755859375,661.8519287109375,1134
2014-09-03,764.9500122070312,796.9500122070312,764.9500122070312,769.4500122070312,662.153076171875,3527
2014-09-04,760.0999755859375,777.0,742.5499877929688,762.5,656.1721801757812,1778
2014-09-05,761.1500244140625,785.0,755.0,759.5499877929688,653.633544921875,3500
2014-09-08,752.0,780.0,752.0,774.2000122070312,666.2406616210938,3018
2014-09-09,781.9000244140625,783.9000244140625,770.0,779.75,671.0167846679688,2651
2014-09-10,785.0,790.0,766.5999755859375,769.1500244140625,661.8949584960938,2635
2014-09-11,781.5999755859375,824.9000244140625,773.25,801.0,689.3035278320312,23964
2014-09-12,793.0499877929688,809.8499755859375,787.0,793.5,682.8493041992188,1982
2014-09-15,794.4000244140625,814.7999877929688,784.0,804.9000244140625,692.6597290039062,2999
2014-09-16,795.8499755859375,809.0,779.9500122070312,788.0999755859375,678.202392578125,10250
2014-09-17,794.4000244140625,800.9500122070312,781.0,791.1500244140625,680.8270874023438,1444
2014-09-18,795.0499877929688,819.9500122070312,795.0499877929688,813.9000244140625,700.4046630859375,3287
2014-09-19,812.0499877929688,848.0,812.0,829.4000244140625,713.7432861328125,19254
2014-09-22,843.75,857.0,824.0999755859375,849.4000244140625,730.9544067382812,3556
2014-09-23,847.4500122070312,870.0,845.0999755859375,848.5499877929688,730.2228393554688,4332
2014-09-24,840.0,869.0,840.0,853.0999755859375,734.1383666992188,1772
2014-09-25,853.5499877929688,885.0,853.5499877929688,877.7000122070312,755.3080444335938,5539
2014-09-26,858.0,886.0,846.0499877929688,868.0499877929688,747.0036010742188,4288
2014-09-29,859.9500122070312,894.9000244140625,847.3499755859375,889.3499755859375,765.33349609375,2662
2014-09-30,890.0999755859375,909.9500122070312,880.3499755859375,900.75,775.1438598632812,3938
2014-10-01,903.0499877929688,916.25,896.2000122070312,912.2000122070312,784.9971313476562,3094
2014-10-07,915.0499877929688,939.9500122070312,893.2999877929688,898.5499877929688,773.2506103515625,5555
2014-10-08,865.1500244140625,912.9500122070312,865.1500244140625,896.7000122070312,771.6586303710938,1040
2014-10-09,895.1500244140625,922.0,890.0499877929688,912.9000244140625,785.5995483398438,3063
2014-10-10,923.0,923.8499755859375,900.0,901.75,776.0043334960938,646
2014-10-13,928.0,939.5,870.1500244140625,917.4000244140625,789.4720458984375,3889
2014-10-14,916.8499755859375,939.6500244140625,910.0,910.75,783.7492065429688,2218
2014-10-15,910.75,910.75,910.75,910.75,783.7492065429688,0
2014-10-16,888.0,939.9500122070312,888.0,915.0,787.40673828125,1479
2014-10-17,926.0,928.0,897.0,905.0499877929688,778.8441772460938,2303
2014-10-20,921.9500122070312,943.9500122070312,883.0,898.7000122070312,773.379638671875,20491
2014-10-21,900.0,906.0,894.75,898.25,772.9924926757812,3257
2014-10-22,880.0499877929688,924.7999877929688,880.0499877929688,921.4500122070312,792.9572143554688,2600
2014-10-27,935.0,936.25,920.0,924.8499755859375,795.8831176757812,1803
2014-10-28,929.9500122070312,938.0,917.0,927.0499877929688,797.7764282226562,1523
2014-10-29,920.0,936.0,920.0,929.2000122070312,799.62646484375,5236
2014-10-30,916.0,943.75,916.0,939.7000122070312,808.662353515625,1544
2014-10-31,948.0,960.0,933.6500244140625,936.5,805.9085693359375,1673
2014-11-03,937.9000244140625,959.9500122070312,934.0,946.1500244140625,814.2130126953125,2215
2014-11-05,989.9500122070312,989.9500122070312,930.0499877929688,930.8499755859375,801.04638671875,1472
2014-11-07,910.0,961.0,910.0,948.2000122070312,815.9771118164062,2598
2014-11-10,948.3499755859375,952.7000122070312,930.5,944.3499755859375,812.6638793945312,1349
2014-11-11,918.0,964.5,907.0,943.9500122070312,812.3197021484375,12106
2014-11-12,930.0,940.0,910.1500244140625,933.2999877929688,803.1548461914062,2656
2014-11-13,935.2999877929688,937.0999755859375,916.0499877929688,917.5499877929688,789.6011352539062,572
2014-11-14,929.0499877929688,932.0,918.0,925.4000244140625,796.3564453125,888
2014-11-17,930.0,932.5499877929688,911.0,917.8499755859375,789.8593139648438,1536
2014-11-18,921.0,939.9500122070312,920.5,929.3499755859375,799.7555541992188,4853
2014-11-19,927.4500122070312,948.0,926.0,944.2999877929688,812.6209106445312,3316
2014-11-20,949.6500244140625,954.0,921.25,944.0499877929688,812.4058227539062,9903
2014-11-21,948.0,965.0,947.9500122070312,955.7000122070312,822.4312133789062,3057
2014-11-24,969.75,980.0,964.0,972.2999877929688,836.7164306640625,6026
2014-11-25,985.0499877929688,999.0,965.0499877929688,986.0499877929688,848.5490112304688,8075
2014-11-26,999.0,1124.0,978.5999755859375,1009.5,868.7291259765625,27550
2014-11-27,1018.9500122070312,1043.0,1005.0,1039.0999755859375,894.2013549804688,6005
2014-11-28,1045.4000244140625,1060.0,1033.0,1048.4000244140625,902.2047729492188,8752
2014-12-01,1057.199951171875,1070.3499755859375,1031.0,1035.449951171875,891.0604248046875,2556
2014-12-02,1040.0,1054.949951171875,1031.300048828125,1050.0,903.5814819335938,4420
2014-12-03,1050.0,1064.5,1040.3499755859375,1053.75,906.80859375,6144
2014-12-04,1069.0,1069.0,1050.0,1053.75,906.80859375,7232
2014-12-05,1043.5,1058.699951171875,1014.0,1028.5999755859375,885.1656494140625,1472
2014-12-08,1034.9000244140625,1055.0,992.5999755859375,1006.4000244140625,866.061279296875,12673
2014-12-09,1012.9500122070312,1047.0,990.0999755859375,1031.6500244140625,887.7903442382812,8251
2014-12-10,1041.050048828125,1054.9000244140625,1024.949951171875,1040.6500244140625,895.5352172851562,3241
2014-12-11,1044.0,1049.0,1022.0,1040.449951171875,895.3630981445312,1911
2014-12-12,1045.0,1049.949951171875,993.5999755859375,996.9000244140625,857.8861083984375,2528
2014-12-15,1000.0499877929688,1070.0,1000.0499877929688,1045.949951171875,900.09619140625,8024
2014-12-16,1026.050048828125,1028.0,1005.0,1019.6500244140625,877.463623046875,6168
2014-12-17,1005.4000244140625,1030.0,995.5999755859375,1029.050048828125,885.5527954101562,5805
2014-12-18,1047.0,1053.0,1002.0999755859375,1031.1500244140625,887.3600463867188,2675
2014-12-19,1028.5,1042.0,1005.0499877929688,1010.25,869.37451171875,818
2014-12-22,1009.0,1044.1500244140625,1004.5999755859375,1010.3499755859375,869.4605102539062,1175
2014-12-23,1017.0,1030.0,1000.0,1009.0999755859375,868.3848266601562,1950
2014-12-24,1003.2000122070312,1006.9000244140625,990.2000122070312,993.0499877929688,854.572998046875,740
2014-12-26,994.5,998.0,983.0,989.2000122070312,851.2598266601562,665
2014-12-29,986.2999877929688,995.9000244140625,980.0,988.6500244140625,850.7864379882812,910
2014-12-30,990.0,1070.0,986.0999755859375,1008.4000244140625,867.7824096679688,29745
2014-12-31,1002.0,1026.0,1000.0,1004.7000122070312,864.598388671875,1217
2015-01-01,998.0,1013.0999755859375,990.0499877929688,995.6500244140625,856.8103637695312,1189
2015-01-02,1002.0,1002.0,990.0,995.0499877929688,856.2940063476562,1198
2015-01-05,996.0,1032.4000244140625,989.0,1020.6500244140625,878.3241577148438,1705
2015-01-06,1026.0,1026.949951171875,980.0,995.4500122070312,856.6382446289062,1180
2015-01-07,991.5,1009.0,990.0,999.4500122070312,860.0803833007812,4547
2015-01-08,1009.9000244140625,1014.0,996.6500244140625,999.7999877929688,860.3816528320312,8618
2015-01-09,1017.5999755859375,1022.0,981.25,988.5499877929688,850.700439453125,1772
2015-01-12,1000.0,1033.0,980.1500244140625,1000.7999877929688,861.2421264648438,2613
2015-01-13,1010.4000244140625,1019.0,990.0,1000.1500244140625,860.6829223632812,5358
2015-01-14,1003.1500244140625,1049.5,976.0,1018.0,876.043701171875,4591
2015-01-15,1017.9500122070312,1040.0,1004.9000244140625,1030.800048828125,887.0588989257812,3820
2015-01-16,1039.949951171875,1040.0,990.0,995.0,856.2509765625,1730
2015-01-19,1019.75,1019.75,965.4000244140625,982.2999877929688,845.3218383789062,2439
2015-01-20,990.0,995.4500122070312,970.3499755859375,990.0,851.9482421875,973
2015-01-21,985.4500122070312,995.9000244140625,967.3499755859375,971.2999877929688,835.8558959960938,3308
2015-01-22,995.5499877929688,995.5499877929688,966.0499877929688,973.8499755859375,838.05029296875,1233
2015-01-23,990.0499877929688,997.0999755859375,968.5499877929688,974.4000244140625,838.5236206054688,1050
2015-01-27,991.0499877929688,992.7999877929688,966.1500244140625,976.5,840.3307495117188,1287
2015-01-28,970.7999877929688,1027.0,970.6500244140625,1018.5499877929688,876.5170288085938,3569
2015-01-29,1017.9500122070312,1018.0,1000.0,1000.2999877929688,860.8118896484375,1008
2015-01-30,1000.0499877929688,1005.0,990.0,993.0999755859375,854.6159057617188,1339
2015-02-02,986.5,993.6500244140625,973.25,985.4000244140625,847.9896850585938,1965
2015-02-03,992.5499877929688,1005.0499877929688,982.2000122070312,985.4500122070312,848.03271484375,1314
2015-02-04,1007.9500122070312,1008.0,950.0,955.0999755859375,821.9148559570312,32494
2015-02-05,959.9500122070312,979.5,904.0,925.8499755859375,796.74365234375,2394
2015-02-06,940.0,940.0,906.0,908.6500244140625,781.9422607421875,4286
2015-02-09,912.0,912.0,895.0,903.4000244140625,777.4242553710938,607
2015-02-10,894.0999755859375,900.0,866.0,876.2000122070312,754.0171508789062,1721
2015-02-11,899.0,905.0,843.7000122070312,860.5,740.5065307617188,6122
2015-02-12,894.5999755859375,894.5999755859375,856.2000122070312,865.8499755859375,745.1104736328125,3658
2015-02-13,860.0,870.0,850.0,859.2000122070312,739.3878784179688,1249
2015-02-16,865.0,868.0,851.0,855.4000244140625,736.1177368164062,1238
2015-02-18,850.0,865.0,843.0,855.0,735.7734985351562,1171
2015-02-19,865.0,888.0,845.0,846.0999755859375,728.114501953125,911
2015-02-20,858.0,859.0,851.25,854.0999755859375,734.9988403320312,1449
2015-02-23,851.25,890.4000244140625,827.0,839.4000244140625,722.3488159179688,2290
2015-02-24,835.0999755859375,848.0,815.25,827.75,712.3234252929688,1694
2015-02-25,825.0,830.0499877929688,813.0,819.9500122070312,705.6110229492188,2904
2015-02-26,820.0,834.0,806.75,826.5999755859375,711.333740234375,2086
2015-02-27,826.0,844.9500122070312,787.7000122070312,810.4500122070312,697.435791015625,8476
2015-03-02,820.0,884.0,804.0,860.5499877929688,740.549560546875,7678
2015-03-03,860.0,860.0999755859375,824.75,834.8499755859375,718.4332275390625,4133
2015-03-04,851.7000122070312,851.7000122070312,826.0,834.3499755859375,718.0030517578125,6056
2015-03-05,845.8499755859375,858.0,839.5999755859375,841.2999877929688,723.98388671875,1409
2015-03-09,830.0999755859375,850.0,822.0999755859375,825.25,710.1719970703125,1810
2015-03-10,824.6500244140625,848.0,824.5,839.0999755859375,722.0907592773438,925
2015-03-11,847.4000244140625,868.0,836.1500244140625,850.25,731.685791015625,2611
2015-03-12,830.2000122070312,864.0,830.1500244140625,855.4500122070312,736.16064453125,1123
2015-03-13,864.0499877929688,878.0,840.0,863.5999755859375,743.1741943359375,1455
2015-03-16,850.0499877929688,920.0,850.0,898.9500122070312,773.5947875976562,1671
2015-03-17,909.7999877929688,936.7999877929688,872.0999755859375,930.5499877929688,800.7882690429688,4872
2015-03-18,929.0,950.0,915.2000122070312,942.0499877929688,810.6846313476562,4088
2015-03-19,915.5,954.0,873.5999755859375,893.0999755859375,768.560546875,4175
2015-03-20,888.0,934.4000244140625,876.0,889.4500122070312,765.4194946289062,1760
2015-03-23,900.0,905.0,875.0499877929688,881.4500122070312,758.53515625,5277
2015-03-24,878.0,890.5,860.0,861.0999755859375,741.0228881835938,917
2015-03-25,870.0,889.9000244140625,867.0,878.7000122070312,756.1686401367188,905
2015-03-26,860.0,878.0,850.1500244140625,858.5499877929688,738.8284912109375,614
2015-03-27,871.7999877929688,875.0,860.2000122070312,866.0999755859375,745.3255615234375,612
2015-03-30,878.0,899.0,865.0,887.5499877929688,763.7844848632812,522
2015-03-31,874.0,898.9000244140625,870.0,880.9500122070312,758.1049194335938,558
2015-04-01,899.0,900.0,860.0,877.9500122070312,755.5232543945312,552
2015-04-06,871.0,906.0,855.0,868.7000122070312,747.5631103515625,1135
2015-04-07,868.0,895.0,866.0999755859375,885.9500122070312,762.4075927734375,907
2015-04-08,878.0,898.4000244140625,856.25,897.0,771.9166870117188,643
2015-04-09,880.0999755859375,897.9500122070312,866.7000122070312,878.2000122070312,755.7384033203125,312
2015-04-10,895.0999755859375,895.5,861.25,879.0499877929688,756.4697875976562,186
2015-04-13,895.0,895.0,874.9500122070312,885.0,761.5901489257812,240
2015-04-15,890.0,894.9000244140625,855.2999877929688,884.6500244140625,761.2889404296875,1460
2015-04-16,855.25,899.0,855.25,897.75,772.562255859375,1714
2015-04-17,898.0,898.0,866.1500244140625,897.7999877929688,772.605224609375,4004
2015-04-20,884.0,898.0,862.5999755859375,881.75,758.7932739257812,4356
2015-04-21,894.5,894.5,878.0,884.4000244140625,761.0737915039062,1624
2015-04-22,868.0,895.0,868.0,890.0,765.892822265625,1248
2015-04-23,890.0,894.75,870.0,884.9500122070312,761.5469970703125,1291
2015-04-24,888.0,889.0,840.0,842.0999755859375,724.6724853515625,5124
2015-04-27,865.0,869.0,832.5999755859375,842.6500244140625,725.1455688476562,1417
2015-04-28,840.0,850.0,829.2999877929688,849.2999877929688,730.8682861328125,1718
2015-04-29,850.0,868.9000244140625,826.0999755859375,862.7999877929688,742.4857788085938,2420
2015-04-30,865.0,884.0,848.0,857.8499755859375,738.22607421875,2620
2015-05-04,875.0,897.0,865.0,894.5,769.7653198242188,2219
2015-05-05,894.0999755859375,898.0,881.0,889.25,765.2474365234375,1107
2015-05-06,897.9000244140625,897.9000244140625,870.0,878.5499877929688,756.0394897460938,1628
2015-05-07,880.0,885.0,862.0,868.7000122070312,747.5631103515625,2031
2015-05-08,875.0,884.0,852.25,868.5,747.390869140625,918
2015-05-11,900.0,936.0,888.0,918.75,790.6337890625,4678
2015-05-12,938.0,948.0,892.2999877929688,923.9500122070312,795.108642578125,13226
2015-05-13,937.7000122070312,944.9500122070312,906.25,918.9000244140625,790.7628784179688,12748
2015-05-14,934.4000244140625,934.4000244140625,913.0499877929688,930.5499877929688,800.7882690429688,3149
2015-05-15,929.9500122070312,938.5,928.5,936.7000122070312,806.0806884765625,2318
2015-05-18,936.7000122070312,969.9000244140625,936.6500244140625,964.0,829.5737915039062,4039
2015-05-19,960.0,1033.9000244140625,960.0,1012.5499877929688,871.353759765625,6410
2015-05-20,1012.0,1039.5,998.0999755859375,1034.1500244140625,889.9417114257812,9076
2015-05-21,1039.5,1044.0,996.2999877929688,1036.9000244140625,892.3082275390625,8804
2015-05-22,1015.0,1036.0,993.5999755859375,1022.4000244140625,879.8301391601562,12651
2015-05-25,1015.0,1039.0,1010.0999755859375,1018.5999755859375,876.5601196289062,2645
2015-05-26,1008.0499877929688,1034.0,1006.0999755859375,1006.8499755859375,866.448486328125,651
2015-05-27,1000.0999755859375,1023.9500122070312,992.2000122070312,1006.8499755859375,866.448486328125,2520
2015-05-28,995.9500122070312,1027.0,995.9500122070312,1008.5,867.8684692382812,942
2015-05-29,1017.6500244140625,1026.0,990.0,996.2999877929688,857.3696899414062,4687
2015-06-01,1000.9500122070312,1018.0,984.0,1006.6500244140625,866.2764892578125,2902
2015-06-02,992.0,1012.0,981.0,994.9000244140625,856.1649169921875,2866
2015-06-03,999.9000244140625,999.9500122070312,984.5,995.7999877929688,856.9395141601562,2322
2015-06-04,1000.0,1009.0,985.0,993.8499755859375,855.2613525390625,2041
2015-06-05,988.0,1002.0,947.0,996.7000122070312,857.7139282226562,6672
2015-06-08,996.0,1007.0,980.0,995.4500122070312,856.6382446289062,4464
2015-06-09,992.0,998.5,980.0499877929688,992.9000244140625,854.44384765625,2727
2015-06-10,991.0,1004.0,971.0499877929688,994.5,855.8207397460938,3543
2015-06-11,1005.0,1005.0,981.0499877929688,987.25,849.5816650390625,600
2015-06-12,990.5,997.9000244140625,976.2000122070312,983.9500122070312,846.7418823242188,4955
2015-06-15,994.0,1020.0,970.0,1013.5,872.1713256835938,2942
2015-06-16,996.0,1033.949951171875,996.0,1028.25,884.8643798828125,5923
2015-06-17,1035.0,1050.0,1027.0999755859375,1047.0999755859375,901.0858764648438,3282
2015-06-18,1050.0,1078.4000244140625,1030.0,1071.800048828125,922.3416748046875,3927
2015-06-19,1068.0,1087.0,1049.5,1056.0,908.744873046875,3690
2015-06-22,1085.0,1109.949951171875,1064.1500244140625,1106.1500244140625,951.901611328125,5491
2015-06-23,1106.0,1122.949951171875,1085.5,1120.949951171875,964.6376953125,5544
2015-06-24,1116.050048828125,1123.449951171875,1100.0,1109.949951171875,955.1714477539062,2296
2015-06-25,1090.0999755859375,1128.800048828125,1090.0999755859375,1123.25,966.616943359375,2167
2015-06-26,1128.0,1128.0,1103.0,1118.300048828125,962.3573608398438,1589
2015-06-29,1100.0,1119.9000244140625,1085.5,1111.3499755859375,956.3763427734375,1242
2015-06-30,1103.0,1118.0,1084.5999755859375,1107.3499755859375,952.9342651367188,2425
2015-07-01,1095.0,1128.0,1095.0,1114.5,959.087158203125,845
2015-07-02,1115.0,1127.5,1115.0,1122.300048828125,965.799560546875,1193
2015-07-03,1115.0,1151.0,1115.0,1149.8499755859375,989.5076293945312,4327
2015-07-06,1145.0,1152.949951171875,1120.0,1145.1500244140625,985.4630126953125,4072
2015-07-07,1128.050048828125,1178.0,1128.0,1172.050048828125,1008.6121215820312,3095
2015-07-08,1185.0,1200.0,1165.0,1187.300048828125,1021.7355346679688,3385
2015-07-09,1174.0,1175.449951171875,1155.0,1169.800048828125,1032.771240234375,436
2015-07-10,1165.050048828125,1189.5,1165.050048828125,1172.5,1035.1551513671875,345
2015-07-13,1170.0,1187.0,1133.5999755859375,1157.5999755859375,1022.0004272460938,1406
2015-07-14,1125.0,1175.1500244140625,1103.25,1120.199951171875,988.9812622070312,3683
2015-07-15,1138.949951171875,1164.75,1102.949951171875,1153.699951171875,1018.5572509765625,3152
2015-07-16,1145.0,1173.949951171875,1127.0,1155.800048828125,1020.4110717773438,633
2015-07-17,1175.0,1175.0,1127.550048828125,1162.949951171875,1026.7235107421875,567
2015-07-20,1175.0,1175.0,1147.5,1150.050048828125,1015.3348388671875,271
2015-07-21,1172.0,1175.0,1131.0,1135.5,1002.489013671875,4451
2015-07-22,1155.0,1158.1500244140625,1140.0,1151.4000244140625,1016.5266723632812,1230
2015-07-23,1138.050048828125,1150.0,1138.050048828125,1140.050048828125,1006.506103515625,1293
2015-07-24,1145.0,1145.0,1122.0,1123.449951171875,991.8504638671875,234
2015-07-27,1130.0,1130.0,1083.949951171875,1096.449951171875,968.013427734375,608
2015-07-28,1117.8499755859375,1130.0,1094.0,1112.199951171875,981.9183349609375,1451
2015-07-29,1129.0,1149.9000244140625,1111.25,1133.3499755859375,1000.5911254882812,2467
2015-07-30,1139.0,1144.9000244140625,1111.1500244140625,1122.9000244140625,991.3648681640625,859
2015-07-31,1116.0,1139.0,1114.550048828125,1119.550048828125,988.4075317382812,284
2015-08-03,1119.550048828125,1135.0,1110.0,1130.25,997.85400390625,246
2015-08-04,1139.0,1150.0,1121.0,1142.449951171875,1008.6249389648438,848
2015-08-05,1157.0,1158.0,1132.050048828125,1144.1500244140625,1010.1259765625,1769
2015-08-06,1157.949951171875,1164.0,1125.050048828125,1126.300048828125,994.36669921875,1402
2015-08-07,1125.0,1160.0,1119.0,1149.0,1014.4075927734375,985
2015-08-10,1122.0,1151.0,1122.0,1125.8499755859375,993.9695434570312,305
2015-08-11,1144.949951171875,1144.949951171875,1092.5999755859375,1097.6500244140625,969.0728149414062,1447
2015-08-12,1094.25,1097.0,1050.0,1064.75,940.0266723632812,1148
2015-08-13,1082.5,1118.0,1054.0,1059.4000244140625,935.3033447265625,1281
2015-08-14,1065.0,1079.0,1059.0,1069.5999755859375,944.3084716796875,1270
2015-08-17,1083.0,1083.0,1060.0,1068.550048828125,943.381591796875,135
2015-08-18,1073.0,1079.949951171875,1042.5999755859375,1070.0,944.6616821289062,1835
2015-08-19,1071.0,1108.050048828125,1070.0,1086.1500244140625,958.919921875,5482
2015-08-20,1077.0,1088.0,1063.0,1063.25,938.7024536132812,456
2015-08-21,1063.25,1067.0,1049.0,1053.9000244140625,930.447509765625,134
2015-08-24,1042.0,1042.0,950.0,953.0,841.3668212890625,4711
2015-08-25,972.0499877929688,1047.0,970.0,1010.9500122070312,892.5286865234375,12797
2015-08-26,1020.0,1063.949951171875,1006.5,1027.050048828125,906.7427978515625,2832
2015-08-27,1012.0499877929688,1050.0,1012.0,1045.5999755859375,923.119873046875,1150
2015-08-28,1040.0,1050.0,1011.5999755859375,1020.6500244140625,901.0924072265625,804
2015-08-31,1010.5999755859375,1030.0,1005.0,1006.2999877929688,888.4234008789062,405
2015-09-01,1000.0,1018.0,998.0,1000.2000122070312,883.0379638671875,1014
2015-09-02,1074.8499755859375,1074.8499755859375,988.25,1026.0999755859375,905.9039916992188,3450
2015-09-03,1020.0,1020.0,982.25,991.0,874.9155883789062,2580
2015-09-04,991.2000122070312,998.0,962.0,966.4500122070312,853.241455078125,580
2015-09-07,950.0499877929688,986.0,945.7000122070312,947.6500244140625,836.6436157226562,1142
2015-09-08,954.0,977.7999877929688,937.9500122070312,963.9500122070312,851.0342407226562,374
2015-09-09,962.9500122070312,986.4500122070312,962.9000244140625,984.2999877929688,869.0004272460938,477
2015-09-10,970.0,972.0,970.0,972.0,858.1412963867188,82
2015-09-11,958.0,985.0,951.0999755859375,970.1500244140625,856.5079345703125,1156
2015-09-14,994.0,1008.0,972.0,997.5499877929688,880.6984252929688,1087
2015-09-15,990.0,990.0,990.0,990.0,874.0327758789062,1
2015-09-16,980.0,1000.0,971.75,973.5499877929688,859.509765625,501
2015-09-18,993.5,1007.9500122070312,974.0,981.3499755859375,866.3960571289062,238
2015-09-21,988.5999755859375,990.0,966.6500244140625,968.9500122070312,855.4485473632812,558
2015-09-22,984.5,984.5,950.0,955.9000244140625,843.92724609375,989
2015-09-23,963.5,970.0,936.5999755859375,952.1500244140625,840.616455078125,722
2015-09-24,970.0,970.0,942.5999755859375,966.4500122070312,853.241455078125,380
2015-09-28,979.0,979.0,962.0,962.5,849.7540893554688,114
2015-09-29,962.0,968.7999877929688,950.4500122070312,952.25,840.704833984375,208
2015-09-30,951.25,979.9000244140625,950.0,963.0,850.1956176757812,446
2015-10-01,979.9000244140625,980.0,951.0,961.7000122070312,849.0477905273438,468
2015-10-05,964.0999755859375,989.0,952.1500244140625,978.0,863.4384155273438,608
2015-10-06,985.5,985.5,953.1500244140625,954.8499755859375,843.000244140625,305
2015-10-07,966.0,973.7999877929688,944.5,949.8499755859375,838.5858764648438,3924
2015-10-08,948.0,950.0,942.0,950.0,838.7183227539062,687
2015-10-09,950.0,990.0,944.0,960.2999877929688,847.811767578125,3477
2015-10-12,952.0499877929688,980.0,948.0499877929688,954.8499755859375,843.000244140625,1451
2015-10-13,983.0,987.9000244140625,958.0,982.0499877929688,867.0140380859375,4145
2015-10-14,970.0,1015.0,968.0499877929688,993.3499755859375,876.9903564453125,1080
2015-10-15,993.0,1005.0,976.0499877929688,983.0,867.8527221679688,781
2015-10-16,980.0,980.0,977.3499755859375,977.3499755859375,862.8645629882812,145
2015-10-19,972.0,998.75,972.0,986.5499877929688,870.9868774414062,2063
2015-10-20,988.9500122070312,1003.7999877929688,988.9500122070312,999.0499877929688,882.0226440429688,757
2015-10-21,1007.0,1007.0,983.5,989.2000122070312,873.326416015625,1900
2015-10-23,989.2000122070312,1035.0,989.2000122070312,1022.25,902.5050659179688,2758
2015-10-26,1047.0,1134.699951171875,1021.0,1114.0,983.5076293945312,24480
2015-10-27,1080.0,1190.0,1080.0,1159.9000244140625,1024.0308837890625,19510
2015-10-28,1150.0,1284.9000244140625,1150.0,1244.75,1098.9417724609375,34554
2015-10-29,1242.5,1302.0,1238.0,1251.5999755859375,1104.9892578125,16570
2015-10-30,1255.0,1339.949951171875,1255.0,1311.9000244140625,1158.2259521484375,10889
2015-11-02,1320.0,1474.0,1320.0,1457.800048828125,1287.035400390625,38914
2015-11-03,1477.0,1523.949951171875,1432.0,1470.8499755859375,1298.556640625,18801
2015-11-04,1436.0,1494.0,1391.5999755859375,1432.0999755859375,1264.3458251953125,11551
2015-11-05,1432.0,1448.949951171875,1365.550048828125,1423.25,1256.5325927734375,6340
2015-11-06,1385.25,1421.0,1339.0,1368.199951171875,1207.930908203125,3946
2015-11-09,1315.0,1408.0,1307.0,1374.699951171875,1213.6695556640625,3257
2015-11-10,1368.199951171875,1368.199951171875,1317.0,1329.550048828125,1173.8084716796875,1266
2015-11-13,1335.050048828125,1355.0,1317.0,1322.75,1167.8048095703125,1076
2015-11-16,1320.050048828125,1424.0,1307.0,1364.75,1204.885009765625,9165
2015-11-17,1369.0,1375.0,1339.949951171875,1350.300048828125,1192.127685546875,10894
2015-11-18,1348.0,1359.0,1306.0,1318.949951171875,1164.4500732421875,1925
2015-11-19,1325.0,1357.0,1311.5,1331.199951171875,1175.264892578125,1116
2015-11-20,1339.0,1350.0,1310.0,1342.800048828125,1185.5064697265625,1730
2015-11-23,1346.949951171875,1349.0,1318.050048828125,1326.5,1171.1156005859375,1792
2015-11-24,1320.050048828125,1369.0,1320.050048828125,1331.300048828125,1175.3533935546875,1488
2015-11-26,1339.0,1544.0,1315.0,1487.1500244140625,1312.947265625,35399
2015-11-27,1508.949951171875,1611.800048828125,1452.199951171875,1486.1500244140625,1312.064453125,55229
2015-11-30,1479.9000244140625,1539.449951171875,1470.0,1499.4000244140625,1323.762451171875,15279
2015-12-01,1503.0,1527.0,1493.5,1497.25,1321.8642578125,8199
2015-12-02,1500.0,1510.0,1467.949951171875,1478.949951171875,1305.707763671875,5808
2015-12-03,1473.5,1504.0999755859375,1455.5,1465.8499755859375,1294.142333984375,4386
2015-12-04,1466.0,1498.0,1443.0999755859375,1474.550048828125,1301.8232421875,3475
2015-12-07,1461.1500244140625,1494.300048828125,1457.0,1459.449951171875,1288.4920654296875,1689
2015-12-08,1479.0,1479.0,1436.050048828125,1444.0999755859375,1274.940185546875,2857
2015-12-09,1460.5999755859375,1460.5999755859375,1379.5,1384.1500244140625,1222.0125732421875,4903
2015-12-10,1400.0,1468.0,1391.0,1444.4000244140625,1275.205078125,7444
2015-12-11,1452.0,1460.0,1386.050048828125,1391.550048828125,1228.5458984375,1591
2015-12-14,1409.0,1440.0,1390.0,1411.5,1246.1588134765625,2663
2015-12-15,1400.0,1445.0,1375.0999755859375,1418.699951171875,1252.515380859375,3903
2015-12-16,1425.0,1472.0,1425.0,1457.6500244140625,1286.90283203125,5721
2015-12-17,1461.0,1619.0,1436.4000244140625,1468.8499755859375,1296.7908935546875,3335
2015-12-18,1470.0,1470.0,1435.0,1449.4000244140625,1279.619384765625,939
2015-12-21,1431.0,1481.5,1431.0,1452.949951171875,1282.7535400390625,1984
2015-12-22,1458.949951171875,1474.8499755859375,1450.0,1462.050048828125,1290.7877197265625,1608
2015-12-23,1468.4000244140625,1468.4000244140625,1433.949951171875,1444.4000244140625,1275.205078125,975
2015-12-24,1449.0,1459.9000244140625,1425.0,1440.800048828125,1272.026611328125,1625
2015-12-28,1439.550048828125,1446.949951171875,1420.0,1426.5999755859375,1259.4901123046875,790
2015-12-29,1430.0,1439.9000244140625,1400.0,1425.449951171875,1258.474609375,1490
2015-12-30,1411.25,1436.0,1400.050048828125,1403.949951171875,1239.4932861328125,2108
2015-12-31,1406.050048828125,1420.050048828125,1401.0999755859375,1407.300048828125,1242.450927734375,929
2016-01-01,1406.0999755859375,1425.0,1406.0,1417.0999755859375,1251.1029052734375,959
2016-01-04,1419.0,1419.0,1390.050048828125,1399.199951171875,1235.2996826171875,475
2016-01-05,1400.0,1409.8499755859375,1387.0,1400.199951171875,1236.182373046875,1282
2016-01-06,1395.0,1487.800048828125,1391.0,1415.0999755859375,1249.3370361328125,3692
2016-01-07,1401.0,1401.0,1352.5999755859375,1364.25,1204.4437255859375,2080
2016-01-08,1371.0,1436.9000244140625,1369.0,1397.449951171875,1233.754638671875,1881
2016-01-11,1400.0,1400.0,1342.0,1361.0999755859375,1201.66259765625,2085
2016-01-12,1365.0,1373.5,1336.0,1350.6500244140625,1192.436767578125,2874
2016-01-13,1353.25,1375.0,1280.0,1311.3499755859375,1157.7401123046875,4761
2016-01-14,1312.0,1329.949951171875,1256.25,1300.0999755859375,1147.8079833984375,1198
2016-01-15,1301.0,1318.949951171875,1247.0,1257.3499755859375,1110.0657958984375,1226
2016-01-18,1250.0,1250.0,1056.0,1106.550048828125,976.930419921875,4833
2016-01-19,1147.0,1175.0,1085.0,1149.0,1014.4075927734375,4619
2016-01-20,1120.0,1159.699951171875,1110.0,1133.4000244140625,1000.6350708007812,611
2016-01-21,1149.0,1186.0,1140.0,1140.300048828125,1006.726806640625,882
2016-01-22,1145.0,1170.0,1113.0,1164.0999755859375,1027.7388916015625,869
2016-01-25,1165.0,1190.0,1161.0999755859375,1167.699951171875,1030.917236328125,360
2016-01-27,1139.0,1178.3499755859375,1139.0,1156.3499755859375,1020.8965454101562,842
2016-01-28,1152.050048828125,1225.0,1145.0,1200.0999755859375,1059.5218505859375,2841
2016-01-29,1209.0,1270.0,1205.0,1219.550048828125,1076.693603515625,2909
2016-02-01,1220.0,1251.0,1200.1500244140625,1247.6500244140625,1101.5020751953125,1701
2016-02-02,1243.300048828125,1255.0,1145.0,1236.0999755859375,1091.304931640625,9291
2016-02-03,1206.300048828125,1229.8499755859375,1192.550048828125,1215.449951171875,1073.0738525390625,4121
2016-02-04,1215.0,1245.0,1201.0,1202.800048828125,1061.9058837890625,1068
2016-02-05,1209.0,1248.0,1209.0,1235.8499755859375,1091.084228515625,3120
2016-02-08,1220.25,1275.0,1220.25,1227.25,1083.49169921875,1552
2016-02-09,1233.0,1254.0,1218.050048828125,1227.1500244140625,1083.4033203125,1278
2016-02-10,1212.050048828125,1233.0,1200.0,1211.75,1069.8072509765625,211
2016-02-11,1208.050048828125,1208.050048828125,1090.0,1124.4000244140625,992.689453125,7160
2016-02-12,1120.0,1123.0,1090.0,1109.4000244140625,979.4462890625,2187
2016-02-15,1115.0,1155.0,1115.0,1147.050048828125,1012.686279296875,320
2016-02-16,1144.0,1155.0,1112.0,1117.1500244140625,986.28857421875,442
2016-02-17,1101.1500244140625,1153.0,1101.0,1147.9000244140625,1013.4366455078125,449
2016-02-18,1148.0,1180.0,1135.0,1170.9000244140625,1033.7423095703125,732
2016-02-19,1150.0,1195.0,1150.0,1178.9000244140625,1040.8052978515625,597
2016-02-22,1178.9000244140625,1213.0,1178.9000244140625,1184.9000244140625,1046.1025390625,1201
2016-02-23,1180.0,1198.0,1159.0,1162.0999755859375,1025.97314453125,680
2016-02-24,1167.9000244140625,1175.0,1148.0,1151.199951171875,1016.349853515625,863
2016-02-25,1155.949951171875,1160.0,1111.0,1149.6500244140625,1014.9816284179688,553
2016-02-26,1159.0,1159.800048828125,1125.0,1133.3499755859375,1000.5911254882812,725
2016-02-29,1118.0,1144.949951171875,1095.0,1131.6500244140625,999.090087890625,1014
2016-03-01,1139.0,1139.0,1117.0,1127.4000244140625,995.3378295898438,1607
2016-03-02,1135.0,1219.0,1110.0,1207.4000244140625,1065.966796875,1421
2016-03-03,1195.0,1241.0,1181.0,1227.0,1083.2708740234375,1590
2016-03-04,1231.0,1247.0,1213.0,1228.300048828125,1084.4188232421875,1184
2016-03-08,1230.0,1234.949951171875,1205.5,1215.75,1073.3388671875,2498
2016-03-09,1200.050048828125,1228.0,1190.0,1223.3499755859375,1080.04833984375,447
2016-03-10,1225.0,1226.25,1190.0,1193.8499755859375,1054.004150390625,772
2016-03-11,1201.050048828125,1225.0,1200.0,1214.800048828125,1072.5,1377
2016-03-14,1219.0,1251.0,1219.0,1240.9000244140625,1095.542724609375,1581
2016-03-15,1258.199951171875,1258.199951171875,1221.0,1231.5,1087.2437744140625,1339
2016-03-16,1237.949951171875,1238.5,1225.300048828125,1235.0,1090.3338623046875,332
2016-03-17,1239.0,1272.0,1230.0,1252.199951171875,1105.51904296875,1280
2016-03-18,1248.75,1372.449951171875,1248.0999755859375,1281.5999755859375,1131.4752197265625,8116
2016-03-21,1285.0,1300.0,1251.0,1259.75,1112.1846923828125,946
2016-03-22,1237.0,1250.0,1201.0,1224.800048828125,1107.7081298828125,2278
2016-03-23,1229.0,1247.949951171875,1211.0,1223.25,1106.3060302734375,3257
2016-03-28,1202.5999755859375,1220.0,1175.0,1183.0,1069.9039306640625,2169
2016-03-29,1175.25,1224.3499755859375,1175.25,1197.050048828125,1082.6109619140625,1946
2016-03-30,1201.0,1238.0,1180.699951171875,1214.5,1098.392578125,1920
2016-03-31,1219.0,1231.0,1213.0,1224.3499755859375,1107.3009033203125,632
2016-04-01,1229.0,1240.0,1215.0,1238.5999755859375,1120.1885986328125,671
2016-04-04,1230.0,1240.0,1213.25,1231.050048828125,1113.3604736328125,843
2016-04-05,1220.0,1225.0,1211.0,1223.050048828125,1106.1251220703125,417
2016-04-06,1220.050048828125,1220.050048828125,1176.5,1204.8499755859375,1089.6651611328125,1490
2016-04-07,1212.0,1241.300048828125,1192.5999755859375,1200.3499755859375,1085.5950927734375,1111
2016-04-08,1208.0,1220.0,1204.1500244140625,1209.449951171875,1093.8253173828125,1025
2016-04-11,1215.0,1250.050048828125,1210.0,1245.949951171875,1126.8360595703125,1324
2016-04-12,1239.949951171875,1260.0,1219.0999755859375,1234.1500244140625,1116.1639404296875,927
2016-04-13,1226.0,1300.0,1226.0,1263.5,1142.7080078125,5451
2016-04-18,1275.0,1366.0,1270.0,1336.0999755859375,1208.3675537109375,3222
2016-04-20,1343.0,1369.0,1310.550048828125,1317.6500244140625,1191.681396484375,741
2016-04-21,1301.5999755859375,1327.0,1300.0,1302.300048828125,1177.7987060546875,463
2016-04-22,1282.300048828125,1330.0,1282.0,1306.949951171875,1182.004150390625,732
2016-04-25,1319.0,1337.0,1294.300048828125,1310.949951171875,1185.621826171875,1061
2016-04-26,1300.25,1326.949951171875,1300.0,1303.5999755859375,1178.9744873046875,733
2016-04-27,1315.0,1321.0,1299.949951171875,1300.0,1175.7186279296875,1522
2016-04-28,1309.0,1310.949951171875,1290.0,1291.9000244140625,1168.3929443359375,712
2016-04-29,1268.050048828125,1308.0,1246.199951171875,1265.1500244140625,1144.200439453125,1676
2016-05-02,1275.0,1291.0,1262.0,1272.550048828125,1150.89306640625,662
2016-05-03,1262.0,1301.0,1262.0,1273.9000244140625,1152.1138916015625,325
2016-05-04,1278.949951171875,1278.949951171875,1251.6500244140625,1263.300048828125,1142.5274658203125,101
2016-05-05,1251.0,1255.5999755859375,1210.0,1216.3499755859375,1100.065673828125,3062
2016-05-06,1215.0,1249.0,1214.0,1231.5999755859375,1113.85791015625,432
2016-05-09,1239.0,1267.0,1239.0,1246.5,1127.3333740234375,770
2016-05-10,1247.199951171875,1310.0,1247.199951171875,1300.699951171875,1176.351806640625,4955
2016-05-11,1274.0,1307.699951171875,1273.1500244140625,1301.949951171875,1177.4820556640625,2224
2016-05-12,1309.0,1338.0,1301.199951171875,1318.6500244140625,1192.5859375,2268
2016-05-13,1295.0,1385.0,1295.0,1354.6500244140625,1225.1439208984375,9556
2016-05-16,1359.0,1373.0,1337.0,1347.550048828125,1218.7227783203125,1131
2016-05-17,1340.0,1350.0,1327.0,1334.949951171875,1207.327392578125,901
2016-05-18,1327.050048828125,1334.0,1301.0,1306.699951171875,1181.7779541015625,894
2016-05-19,1308.0,1319.0,1288.0,1297.25,1173.2315673828125,292
2016-05-20,1285.0,1309.0,1261.050048828125,1265.449951171875,1144.4716796875,612
2016-05-23,1275.0,1324.8499755859375,1248.949951171875,1262.0,1141.3515625,298918
2016-05-24,1279.0,1285.0,1255.300048828125,1262.199951171875,1141.5323486328125,2522
2016-05-25,1271.0,1295.0,1271.0,1280.199951171875,1157.8115234375,1350
2016-05-26,1289.0,1295.0,1264.0,1279.3499755859375,1157.0428466796875,1444
2016-05-27,1272.1500244140625,1293.9000244140625,1272.050048828125,1288.8499755859375,1165.6346435546875,1707
2016-05-30,1289.0,1307.0,1266.199951171875,1301.550048828125,1177.1204833984375,1966
2016-05-31,1291.0,1305.0,1281.0999755859375,1294.5,1170.7445068359375,3130
2016-06-01,1325.0,1347.0,1300.25,1311.800048828125,1186.390625,4152
2016-06-02,1308.0,1309.0,1296.050048828125,1300.1500244140625,1175.8543701171875,836
2016-06-03,1318.0,1345.0,1300.0,1317.800048828125,1191.817138671875,2352
2016-06-06,1321.0999755859375,1338.0,1307.0,1326.4000244140625,1199.5948486328125,1524
2016-06-07,1333.0,1374.75,1333.0,1367.449951171875,1236.7203369140625,3754
2016-06-08,1376.0,1392.0,1351.5999755859375,1386.0,1253.4969482421875,7810
2016-06-09,1386.0,1410.0,1350.0,1391.199951171875,1258.1998291015625,2575
2016-06-10,1367.0,1452.0,1367.0,1392.9000244140625,1259.7371826171875,3686
2016-06-13,1388.949951171875,1407.0,1372.0,1390.050048828125,1257.1597900390625,1824
2016-06-14,1408.949951171875,1415.0,1370.0,1375.699951171875,1244.181640625,4196
2016-06-15,1380.75,1400.0,1370.0,1371.4000244140625,1240.292724609375,1101
2016-06-16,1368.0,1385.0,1364.199951171875,1377.9000244140625,1246.17138671875,312
2016-06-17,1368.25,1379.9000244140625,1345.1500244140625,1359.75,1229.756591796875,976
2016-06-20,1374.9000244140625,1374.9000244140625,1350.1500244140625,1365.0999755859375,1234.5950927734375,1074
2016-06-21,1370.0,1397.0,1368.4000244140625,1377.75,1246.0357666015625,1253
2016-06-22,1360.0,1394.3499755859375,1348.0,1359.3499755859375,1229.394775390625,711
2016-06-23,1399.0,1399.0,1350.0,1366.449951171875,1235.8160400390625,1761
2016-06-24,1362.949951171875,1362.949951171875,1272.0,1334.199951171875,1206.6490478515625,1046
2016-06-27,1343.0,1383.9000244140625,1343.0,1379.75,1247.844482421875,566
2016-06-28,1375.300048828125,1383.8499755859375,1323.4000244140625,1333.050048828125,1205.609130859375,5121
2016-06-29,1338.050048828125,1348.449951171875,1312.949951171875,1336.800048828125,1209.0006103515625,4019
2016-06-30,1354.0,1362.5,1321.0,1342.0999755859375,1213.793701171875,3261
2016-07-01,1355.949951171875,1364.0,1326.050048828125,1327.949951171875,1200.9967041015625,5842
2016-07-04,1349.0,1379.0,1311.5999755859375,1373.300048828125,1242.01123046875,2045
2016-07-05,1373.300048828125,1410.0,1362.5,1373.050048828125,1241.78515625,5230
2016-07-07,1384.050048828125,1395.050048828125,1374.0,1386.75,1254.1751708984375,3203
2016-07-08,1382.9000244140625,1395.0,1381.0,1393.0999755859375,1259.9180908203125,1267
2016-07-11,1400.0,1495.0,1376.5999755859375,1452.050048828125,1313.232421875,9427
2016-07-12,1476.0,1519.0,1415.9000244140625,1424.9000244140625,1288.6781005859375,13002
2016-07-13,1448.5,1479.0,1425.0,1434.4000244140625,1297.2698974609375,2521
2016-07-14,1422.0,1430.0,1342.300048828125,1351.199951171875,1222.0238037109375,14129
2016-07-15,1375.0,1376.0,1320.0,1326.5999755859375,1199.7757568359375,2855
2016-07-18,1313.300048828125,1355.0,1313.300048828125,1333.3499755859375,1205.8802490234375,3470
2016-07-19,1355.0,1435.0,1305.0,1410.6500244140625,1275.79052734375,18176
2016-07-20,1396.5,1464.0,1371.0,1440.949951171875,1303.19384765625,8113
2016-07-21,1427.0,1499.0,1427.0,1472.0999755859375,1331.3658447265625,7008
2016-07-22,1468.0,1499.5,1457.699951171875,1465.5999755859375,1325.487060546875,4602
2016-07-25,1451.0,1485.0,1440.0,1453.0999755859375,1314.18212890625,5932
2016-07-26,1428.5,1619.800048828125,1428.449951171875,1543.050048828125,1395.5328369140625,19024
2016-07-27,1559.0,1574.0,1530.050048828125,1553.3499755859375,1404.8482666015625,7659
2016-07-28,1540.0,1650.0,1525.0,1620.050048828125,1465.171630859375,17058
2016-07-29,1620.0,1648.0,1610.0,1619.800048828125,1464.945556640625,7125
2016-08-01,1608.050048828125,1694.949951171875,1608.050048828125,1638.25,1481.6317138671875,10755
2016-08-02,1664.949951171875,1689.9000244140625,1635.0,1643.0999755859375,1486.0179443359375,6742
2016-08-03,1627.0,1642.9000244140625,1552.199951171875,1574.3499755859375,1423.840576171875,6164
2016-08-04,1558.5999755859375,1587.9000244140625,1510.0,1525.199951171875,1379.3892822265625,5866
2016-08-05,1513.0,1616.0,1513.0,1601.75,1448.6209716796875,8339
2016-08-08,1610.0,1630.0,1590.5,1609.5999755859375,1455.720458984375,5691
2016-08-09,1593.5,1620.949951171875,1565.5999755859375,1594.25,1441.838134765625,4853
2016-08-10,1575.0,1603.0,1545.0,1553.3499755859375,1404.8482666015625,3765
2016-08-11,1525.25,1555.949951171875,1520.0,1526.3499755859375,1380.429443359375,3197
2016-08-12,1511.0999755859375,1565.050048828125,1504.5999755859375,1536.5999755859375,1389.6995849609375,6423
2016-08-16,1522.050048828125,1537.949951171875,1500.0,1503.949951171875,1360.1710205078125,5208
2016-08-17,1503.050048828125,1522.6500244140625,1480.0,1483.8499755859375,1341.992431640625,7572
2016-08-18,1471.0,1524.0,1471.0,1504.199951171875,1360.3968505859375,4055
2016-08-19,1523.75,1523.75,1485.0999755859375,1501.9000244140625,1358.3170166015625,6624
2016-08-22,1486.8499755859375,1515.949951171875,1480.0,1502.949951171875,1359.2664794921875,5108
2016-08-23,1490.050048828125,1510.949951171875,1482.75,1498.0999755859375,1354.880126953125,4295
2016-08-24,1485.0,1518.0,1485.0,1500.4000244140625,1356.9603271484375,7214
2016-08-25,1495.050048828125,1574.0,1492.800048828125,1518.0999755859375,1372.968017578125,8021
2016-08-26,1504.0,1536.9000244140625,1486.0,1499.5999755859375,1356.2364501953125,4775
2016-08-29,1494.949951171875,1588.0,1490.050048828125,1537.449951171875,1390.468017578125,12710
2016-08-30,1536.0,1586.0,1533.1500244140625,1551.800048828125,1403.4462890625,5727
2016-08-31,1536.199951171875,1574.1500244140625,1535.0,1561.75,1412.4451904296875,6731
2016-09-01,1565.300048828125,1588.0,1536.300048828125,1550.9000244140625,1402.6324462890625,6423
2016-09-02,1538.699951171875,1555.5,1520.199951171875,1533.8499755859375,1387.21240234375,3787
2016-09-06,1518.5,1538.5999755859375,1517.0,1529.449951171875,1383.2330322265625,8051
2016-09-07,1514.0999755859375,1560.0,1512.0,1528.0999755859375,1382.0120849609375,7638
2016-09-08,1512.800048828125,1559.0,1512.800048828125,1538.699951171875,1391.5986328125,5055
2016-09-09,1523.300048828125,1559.0,1515.0,1522.550048828125,1376.9925537109375,6109
2016-09-12,1500.0999755859375,1547.5,1465.199951171875,1483.5,1341.6759033203125,14910
2016-09-14,1475.0,1490.25,1451.0,1475.4000244140625,1334.3504638671875,6981
2016-09-15,1470.0,1472.0,1451.0,1460.300048828125,1320.6937255859375,8916
2016-09-16,1447.0999755859375,1499.0,1447.0999755859375,1485.449951171875,1343.439453125,3923
2016-09-19,1470.550048828125,1484.0,1451.6500244140625,1461.8499755859375,1322.0955810546875,7300
2016-09-20,1451.0,1470.3499755859375,1440.0,1454.3499755859375,1315.312744140625,7393
2016-09-21,1443.0,1480.0,1443.0,1461.800048828125,1322.0504150390625,5381
2016-09-22,1451.0,1493.0,1451.0,1479.050048828125,1337.651611328125,5350
2016-09-23,1464.25,1505.0,1464.25,1498.300048828125,1355.0611572265625,8025
2016-09-26,1483.300048828125,1520.050048828125,1475.5,1484.5999755859375,1342.6707763671875,5624
2016-09-27,1509.949951171875,1512.550048828125,1465.1500244140625,1479.050048828125,1337.651611328125,6327
2016-09-28,1480.4000244140625,1484.949951171875,1452.4000244140625,1461.0,1321.326904296875,6014
2016-09-29,1477.949951171875,1483.0,1435.0,1444.4000244140625,1306.31396484375,7863
2016-09-30,1429.949951171875,1468.0,1426.1500244140625,1454.5999755859375,1315.538818359375,4210
2016-10-03,1450.050048828125,1478.949951171875,1450.050048828125,1456.6500244140625,1317.392822265625,14066
2016-10-04,1497.0,1500.0,1452.550048828125,1493.699951171875,1350.90087890625,8734
2016-10-05,1481.0,1548.0,1481.0,1513.6500244140625,1368.943603515625,7419
2016-10-06,1499.0,1578.0,1499.0,1560.1500244140625,1410.998046875,12496
2016-10-07,1583.0,1620.0,1565.050048828125,1602.800048828125,1449.570556640625,12272
2016-10-10,1610.0,1670.0,1585.0999755859375,1594.5,1442.064208984375,82211
2016-10-13,1618.0,1681.050048828125,1552.550048828125,1664.0999755859375,1505.0103759765625,32201
2016-10-14,1647.449951171875,1926.3499755859375,1647.449951171875,1853.199951171875,1676.0322265625,110634
2016-10-17,1870.0999755859375,2170.0,1850.0,2037.4000244140625,1842.62255859375,195530
2016-10-18,2056.949951171875,2129.0,1985.0,1999.449951171875,1808.300537109375,62144
2016-10-19,2022.0,2060.0,1912.0,1947.300048828125,1761.1361083984375,35376
2016-10-20,1949.9000244140625,2035.0,1934.699951171875,1971.1500244140625,1782.7059326171875,51540
2016-10-21,1975.050048828125,1991.4000244140625,1899.5999755859375,1960.75,1773.3004150390625,44110
2016-10-24,1972.25,2019.0,1965.0,1970.25,1781.8922119140625,27449
2016-10-25,1993.0,2057.949951171875,1954.3499755859375,2047.800048828125,1852.0283203125,28389
2016-10-26,2043.4000244140625,2080.0,1975.0,1990.6500244140625,1800.3419189453125,33187
2016-10-27,2004.199951171875,2004.25,1940.1500244140625,1949.1500244140625,1762.8092041015625,15495
2016-10-28,1962.6500244140625,1970.0,1901.0999755859375,1933.6500244140625,1748.7911376953125,9178
2016-11-01,1980.800048828125,1988.0,1935.5999755859375,1945.199951171875,1759.2369384765625,8071
2016-11-02,1936.5999755859375,1950.0999755859375,1913.949951171875,1921.699951171875,1737.9833984375,7417
2016-11-03,1924.949951171875,1944.949951171875,1875.0999755859375,1907.800048828125,1725.4124755859375,11123
2016-11-04,1891.050048828125,1908.0,1788.0,1815.4000244140625,1641.8458251953125,11855
2016-11-07,1825.0,1860.0,1780.0,1788.8499755859375,1617.834228515625,8245
2016-11-08,1779.0,1829.949951171875,1764.8499755859375,1802.6500244140625,1630.314697265625,8746
2016-11-09,1561.1500244140625,1819.1500244140625,1551.0,1797.3499755859375,1625.5216064453125,11548
2016-11-10,1840.0,1882.0999755859375,1807.5999755859375,1830.0,1655.050048828125,6310
2016-11-11,1807.0,1810.050048828125,1710.5,1726.300048828125,1561.2640380859375,5862
2016-11-15,1701.0,1719.9000244140625,1490.050048828125,1514.5,1369.712158203125,22441
2016-11-16,1517.0,1619.8499755859375,1480.550048828125,1487.550048828125,1345.3387451171875,11874
2016-11-17,1477.050048828125,1538.0,1477.0,1493.0999755859375,1350.3580322265625,7821
2016-11-18,1515.1500244140625,1520.5,1478.5,1492.449951171875,1349.770263671875,8167
2016-11-21,1540.0,1540.0,1400.0,1439.6500244140625,1302.0179443359375,20038
2016-11-22,1412.5,1488.800048828125,1384.050048828125,1420.300048828125,1284.5179443359375,10191
2016-11-23,1488.0,1494.0,1401.050048828125,1441.9000244140625,1304.052734375,9895
2016-11-24,1425.0,1470.0,1425.0,1449.949951171875,1311.333251953125,10789
2016-11-25,1459.9000244140625,1570.0,1450.050048828125,1557.4000244140625,1408.5108642578125,14858
2016-11-28,1558.0,1588.5,1536.5,1567.5,1417.6453857421875,7467
2016-11-29,1579.0,1648.0,1551.800048828125,1631.699951171875,1475.707763671875,6561
2016-11-30,1650.75,1695.0,1616.1500244140625,1656.5999755859375,1498.2271728515625,7122
2016-12-01,1658.0999755859375,1674.050048828125,1600.0,1610.550048828125,1456.579833984375,5272
2016-12-02,1582.0999755859375,1652.0,1562.25,1623.449951171875,1468.24658203125,2678
2016-12-05,1625.0,1638.0,1552.699951171875,1574.199951171875,1423.704833984375,6465
2016-12-06,1600.0,1600.0,1567.0,1573.75,1423.2979736328125,8348
2016-12-07,1589.949951171875,1590.0,1543.25,1554.199951171875,1405.6168212890625,9426
2016-12-08,1572.949951171875,1645.0,1567.550048828125,1632.550048828125,1476.4764404296875,5668
2016-12-09,1650.0,1663.25,1602.5,1612.75,1458.5694580078125,6409
2016-12-12,1605.5999755859375,1613.0,1576.0,1586.449951171875,1434.7838134765625,1826
2016-12-13,1596.949951171875,1612.0,1575.0999755859375,1586.550048828125,1434.874267578125,2036
2016-12-14,1578.25,1599.0,1578.25,1583.0,1431.6636962890625,2231
2016-12-15,1589.0999755859375,1590.0,1552.050048828125,1562.0,1412.6710205078125,2509
2016-12-16,1579.949951171875,1579.949951171875,1545.25,1565.5999755859375,1415.927001953125,1248
2016-12-19,1565.949951171875,1573.949951171875,1536.5999755859375,1545.0,1397.29638671875,1188
2016-12-20,1549.949951171875,1570.0,1520.0,1527.050048828125,1381.0626220703125,2317
2016-12-21,1520.6500244140625,1568.9000244140625,1520.0,1553.5999755859375,1405.07421875,1863
2016-12-22,1530.1500244140625,1542.199951171875,1509.0,1524.3499755859375,1378.62060546875,1661
2016-12-23,1507.050048828125,1550.9000244140625,1500.0,1536.199951171875,1389.3377685546875,3496
2016-12-26,1534.3499755859375,1534.550048828125,1500.0999755859375,1505.4000244140625,1361.4822998046875,6856
2016-12-27,1510.050048828125,1536.0,1501.550048828125,1519.800048828125,1374.5057373046875,1486
2016-12-28,1529.0,1540.0,1514.0,1520.800048828125,1375.409912109375,3030
2016-12-29,1535.0,1535.0,1516.0,1522.5999755859375,1377.037841796875,1010
2016-12-30,1544.0,1645.0,1543.9000244140625,1612.1500244140625,1458.0269775390625,4971
2017-01-02,1640.0,1680.0,1584.050048828125,1591.8499755859375,1439.66748046875,4549
2017-01-03,1603.1500244140625,1624.449951171875,1571.5999755859375,1602.449951171875,1449.2540283203125,919
2017-01-04,1617.3499755859375,1620.0,1568.0,1573.199951171875,1422.800537109375,2247
2017-01-05,1577.5,1597.0,1577.5,1591.699951171875,1439.53173828125,2214
2017-01-06,1589.9000244140625,1607.0,1580.0,1597.3499755859375,1444.6417236328125,1390
2017-01-09,1618.449951171875,1624.0,1595.0,1613.449951171875,1459.202392578125,1081
2017-01-10,1624.3499755859375,1624.3499755859375,1600.0,1609.199951171875,1455.3587646484375,1279
2017-01-11,1606.8499755859375,1650.0,1600.25,1626.949951171875,1471.4117431640625,12910
2017-01-12,1630.0,1647.6500244140625,1615.0,1617.949951171875,1463.2723388671875,1347
2017-01-13,1616.050048828125,1640.0,1615.949951171875,1617.949951171875,1463.2723388671875,1214
2017-01-16,1630.0,1637.0,1616.0999755859375,1622.1500244140625,1467.07080078125,1110
2017-01-17,1618.6500244140625,1624.699951171875,1591.1500244140625,1599.800048828125,1446.857421875,1861
2017-01-18,1592.550048828125,1625.0,1591.1500244140625,1611.25,1457.2127685546875,11014
2017-01-19,1598.300048828125,1611.949951171875,1592.0,1603.5999755859375,1450.294189453125,498
2017-01-20,1608.3499755859375,1626.0,1583.050048828125,1596.4000244140625,1443.782470703125,1386
2017-01-23,1591.25,1613.0,1583.75,1606.6500244140625,1453.052734375,2981
2017-01-24,1621.4000244140625,1645.0,1605.0,1625.6500244140625,1470.236083984375,2226
2017-01-25,1617.699951171875,1649.0,1617.699951171875,1635.25,1478.91845703125,2147
2017-01-27,1649.949951171875,1724.75,1641.0,1670.0999755859375,1510.4366455078125,4388
2017-01-30,1678.949951171875,1720.0,1662.5999755859375,1692.9000244140625,1531.05712890625,6844
2017-01-31,1686.4000244140625,1688.5,1654.0,1663.550048828125,1504.5130615234375,3285
2017-02-01,1665.6500244140625,1736.0,1652.0999755859375,1698.199951171875,1535.8502197265625,2579
2017-02-02,1705.0,1735.0,1685.0,1718.4000244140625,1554.1192626953125,5314
2017-02-03,1726.949951171875,1750.0,1695.449951171875,1722.300048828125,1557.646240234375,4093
2017-02-06,1744.9000244140625,1800.0,1700.050048828125,1781.8499755859375,1611.5032958984375,14747
2017-02-07,1799.0,1820.0,1764.25,1773.0,1603.499267578125,5577
2017-02-08,1773.550048828125,1800.0,1756.550048828125,1762.4000244140625,1593.912841796875,1143
2017-02-09,1758.0,1793.25,1758.0,1777.699951171875,1607.7498779296875,790
2017-02-10,1795.6500244140625,1797.949951171875,1730.0,1744.5999755859375,1577.814453125,1184
2017-02-13,1754.050048828125,1768.0,1725.050048828125,1738.5999755859375,1572.387939453125,1918
2017-02-14,1745.0,1750.050048828125,1699.949951171875,1709.449951171875,1546.024658203125,1494
2017-02-15,1712.0,1712.0,1649.9000244140625,1685.050048828125,1523.95751953125,2990
2017-02-16,1690.0,1720.0,1682.0999755859375,1704.699951171875,1541.72900390625,1321
2017-02-17,1727.699951171875,1749.0,1710.449951171875,1722.0,1557.375,1821
2017-02-20,1735.0,1750.0,1705.0,1714.5,1550.592041015625,1640
2017-02-21,1734.0999755859375,1734.1500244140625,1682.25,1696.949951171875,1534.7198486328125,2896
2017-02-22,1717.1500244140625,1727.5,1685.0,1700.9000244140625,1538.292236328125,4584
2017-02-23,1706.4000244140625,1715.949951171875,1691.0,1696.050048828125,1533.906005859375,1206
2017-02-27,1683.4000244140625,1720.0,1675.0,1680.0999755859375,1519.480712890625,1973
2017-02-28,1692.8499755859375,1700.0,1666.0,1697.050048828125,1534.8101806640625,2752
2017-03-01,1694.0999755859375,1700.0999755859375,1682.5,1688.4000244140625,1526.9874267578125,3682
2017-03-02,1683.550048828125,1728.0,1675.0,1723.300048828125,1558.55078125,4914
2017-03-03,1720.0,1781.0,1691.1500244140625,1741.949951171875,1575.4178466796875,3176
2017-03-06,1742.0,1815.0,1741.949951171875,1807.699951171875,1634.882080078125,4611
2017-03-07,1804.1500244140625,1824.9000244140625,1785.6500244140625,1803.6500244140625,1631.2191162109375,2936
2017-03-08,1796.0,1820.0,1785.0,1794.949951171875,1623.3509521484375,2285
2017-03-09,1801.25,1815.0,1785.0,1805.75,1633.118408203125,2899
2017-03-10,1802.0,1820.0,1796.5,1815.550048828125,1641.9815673828125,2856
2017-03-14,1843.4000244140625,1847.0,1790.050048828125,1813.0999755859375,1639.7657470703125,5439
2017-03-15,1825.550048828125,1835.0,1785.0,1816.25,1642.614501953125,3477
2017-03-16,1845.0,1845.0,1804.0,1814.5999755859375,1641.1224365234375,5332
2017-03-17,1828.050048828125,1849.5,1821.5999755859375,1824.0,1649.6236572265625,2778
2017-03-20,1827.050048828125,1835.949951171875,1787.3499755859375,1807.699951171875,1634.882080078125,3004
2017-03-21,1805.199951171875,1830.0,1802.0,1820.699951171875,1646.63916015625,3209
2017-03-22,1790.6500244140625,1830.0,1778.050048828125,1824.699951171875,1650.2568359375,2225
2017-03-23,1818.550048828125,1834.5,1805.0,1823.800048828125,1649.4429931640625,3726
2017-03-24,1816.3499755859375,1885.0,1815.050048828125,1843.1500244140625,1666.94287109375,3511
2017-03-27,1840.050048828125,1854.4000244140625,1821.050048828125,1845.5999755859375,1669.1585693359375,2206
2017-03-28,1847.699951171875,1874.0,1840.0,1856.550048828125,1679.0621337890625,1548
2017-03-29,1860.0,1872.0,1849.0,1868.75,1690.0955810546875,6335
2017-03-30,1868.75,1890.0,1855.5,1871.949951171875,1692.989501953125,2664
2017-03-31,1872.050048828125,1889.0,1842.0,1881.1500244140625,1701.310302734375,8217
2017-04-03,1880.0,1890.0,1865.0,1883.300048828125,1703.2545166015625,1251
2017-04-05,1889.949951171875,1932.949951171875,1885.050048828125,1915.0999755859375,1732.0146484375,2519
2017-04-06,1899.800048828125,1950.1500244140625,1891.0,1939.4000244140625,1753.991455078125,9003
2017-04-07,1939.4000244140625,1944.0,1882.5999755859375,1903.300048828125,1721.3426513671875,2607
2017-04-10,1898.949951171875,1957.949951171875,1895.0,1951.050048828125,1764.52783203125,3612
2017-04-11,1952.9000244140625,1971.0,1932.050048828125,1942.550048828125,1756.8402099609375,7364
2017-04-12,1940.0,1955.0,1903.0,1948.949951171875,1762.6282958984375,6692
2017-04-13,1949.6500244140625,1984.9000244140625,1940.0,1954.800048828125,1767.919189453125,10437
2017-04-17,1921.1500244140625,2000.0,1921.1500244140625,1980.1500244140625,1790.845703125,8371
2017-04-18,1974.800048828125,2007.0,1959.699951171875,1968.5999755859375,1780.3997802734375,6057
2017-04-19,1973.699951171875,2019.9000244140625,1971.050048828125,2009.1500244140625,1817.0731201171875,5984
2017-04-20,2014.199951171875,2128.0,2010.0,2065.449951171875,1867.99072265625,15791
2017-04-21,2078.949951171875,2124.0,2051.300048828125,2073.5,1875.271240234375,4151
2017-04-24,2085.0,2105.0,2062.0,2079.050048828125,1880.290771484375,6547
2017-04-25,2063.0,2098.0,2062.0,2080.75,1881.828125,11624
2017-04-26,2080.0,2090.0,2065.10009765625,2081.39990234375,1882.416015625,5542
2017-04-27,2084.949951171875,2090.0,2070.0,2083.550048828125,1884.360595703125,1171
2017-04-28,2078.89990234375,2080.699951171875,2049.949951171875,2071.39990234375,1873.3720703125,2250
2017-05-02,2051.050048828125,2056.0,1981.25,2014.25,1821.6856689453125,16875
2017-05-03,2000.300048828125,2020.0,2000.0,2000.8499755859375,1809.5667724609375,3167
2017-05-04,2006.699951171875,2021.0,1983.1500244140625,2017.300048828125,1824.444091796875,2505
2017-05-05,2000.0,2020.0,1998.0999755859375,2001.5,1810.1546630859375,5937
2017-05-08,2005.699951171875,2026.449951171875,1999.949951171875,2000.550048828125,1809.2955322265625,4168
2017-05-09,2007.199951171875,2014.449951171875,2000.0,2000.1500244140625,1808.9337158203125,4432
2017-05-10,2017.800048828125,2017.800048828125,1975.6500244140625,2009.699951171875,1817.570556640625,5197
2017-05-11,2022.1500244140625,2060.0,2009.0,2055.35009765625,1858.856689453125,6296
2017-05-12,2047.4000244140625,2074.0,2014.199951171875,2039.8499755859375,1844.8382568359375,2647
2017-05-15,2038.699951171875,2060.050048828125,2021.0,2046.800048828125,1851.1239013671875,13062
2017-05-16,2054.949951171875,2089.0,2050.0,2071.89990234375,1873.8240966796875,5136
2017-05-17,2052.050048828125,2100.0,2052.050048828125,2088.800048828125,1889.1085205078125,4005
2017-05-18,2087.449951171875,2088.0,2055.199951171875,2066.64990234375,1869.076171875,1132
2017-05-19,2025.050048828125,2069.949951171875,2005.0,2027.0,1833.216796875,1105
2017-05-22,2014.300048828125,2026.0,1995.0,1995.0999755859375,1804.366455078125,3437
2017-05-23,1982.1500244140625,2000.050048828125,1925.0,1953.800048828125,1767.0145263671875,5913
2017-05-24,1954.800048828125,1969.949951171875,1919.050048828125,1922.300048828125,1738.526123046875,2484
2017-05-25,1922.0,1960.0,1917.949951171875,1926.8499755859375,1742.6412353515625,2247
2017-05-26,1953.050048828125,1960.0,1935.0999755859375,1945.0999755859375,1759.146484375,2475
2017-05-29,1919.050048828125,1941.0,1915.050048828125,1934.5999755859375,1749.6502685546875,353
2017-05-30,1923.300048828125,1941.0,1918.050048828125,1932.0,1747.298583984375,977
2017-05-31,1942.550048828125,1944.0,1920.0,1926.9000244140625,1742.686279296875,960
2017-06-01,1930.0,1938.0,1922.0,1925.949951171875,1741.8271484375,2680
2017-06-02,1916.3499755859375,1925.0,1901.0,1911.550048828125,1728.803955078125,2333
2017-06-05,1924.949951171875,1945.0,1912.050048828125,1939.0,1753.629638671875,1992
2017-06-06,1908.25,1947.6500244140625,1908.0,1913.1500244140625,1730.2509765625,1785
2017-06-07,1922.0,1937.199951171875,1915.0,1934.75,1749.785888671875,413
2017-06-08,1935.0,1940.0,1925.0,1928.050048828125,1743.7265625,1011
2017-06-09,1917.550048828125,1934.949951171875,1898.699951171875,1922.550048828125,1738.75244140625,5446
2017-06-12,1932.050048828125,1935.550048828125,1882.0,1891.5999755859375,1710.76123046875,1985
2017-06-13,1860.0999755859375,1910.949951171875,1860.0999755859375,1892.5,1711.574951171875,1893
2017-06-14,1882.6500244140625,1908.800048828125,1870.0,1881.5,1701.626708984375,2045
2017-06-15,1889.949951171875,1935.0,1889.949951171875,1928.5999755859375,1744.223876953125,1928
2017-06-16,1935.9000244140625,1942.449951171875,1922.0,1938.050048828125,1752.7705078125,1777
2017-06-19,1940.0,1940.0,1911.0,1928.0,1743.6812744140625,1133
2017-06-20,1931.949951171875,1940.0,1923.5999755859375,1927.949951171875,1743.635986328125,1954
2017-06-21,1926.800048828125,1931.0,1917.949951171875,1928.550048828125,1744.178466796875,874
2017-06-22,1924.949951171875,1931.949951171875,1900.0,1923.25,1739.3853759765625,3699
2017-06-23,1920.0,1928.0,1884.4000244140625,1899.3499755859375,1717.7701416015625,2679
2017-06-27,1886.949951171875,1888.449951171875,1860.0,1867.4000244140625,1688.8746337890625,1147
2017-06-28,1874.949951171875,1893.5,1864.550048828125,1867.5999755859375,1689.055419921875,1698
2017-06-29,1865.0,1880.0,1862.199951171875,1871.4000244140625,1692.4921875,1200
2017-06-30,1849.449951171875,1867.0,1843.449951171875,1860.0999755859375,1682.2725830078125,803
2017-07-03,1861.449951171875,1898.5,1855.1500244140625,1893.449951171875,1712.4342041015625,1282
2017-07-04,1900.0,1920.0,1900.0,1913.1500244140625,1730.2509765625,1719
2017-07-05,1901.050048828125,1935.0,1901.050048828125,1928.699951171875,1744.3143310546875,791
2017-07-06,1921.449951171875,1924.800048828125,1894.1500244140625,1895.5999755859375,1741.46630859375,1486
2017-07-07,1900.0,1939.0,1867.300048828125,1918.3499755859375,1762.3665771484375,3667
2017-07-10,1919.75,1920.0,1903.0,1908.5,1753.317626953125,355
2017-07-11,1905.800048828125,1910.0,1882.1500244140625,1899.800048828125,1745.3250732421875,606
2017-07-12,1913.949951171875,1925.0,1900.550048828125,1916.75,1760.896728515625,2224
2017-07-13,1919.800048828125,1930.0,1897.199951171875,1917.25,1761.35595703125,3285
2017-07-14,1920.0,1922.0,1907.0,1919.0,1762.9637451171875,2366
2017-07-17,1920.0,1960.5,1911.0,1952.0,1793.2806396484375,4375
2017-07-18,1922.0,1991.0,1922.0,1978.75,1817.8553466796875,5784
2017-07-19,1988.6500244140625,2074.699951171875,1976.199951171875,2020.5999755859375,1856.302490234375,7477
2017-07-20,1995.0,2049.0,1995.0,2042.0,1875.96240234375,3108
2017-07-21,2020.6500244140625,2099.0,2020.5999755859375,2065.75,1897.78125,4426
2017-07-24,2055.050048828125,2115.0,2050.0,2088.0,1918.22216796875,1936
2017-07-25,2051.10009765625,2085.0,2025.5999755859375,2047.300048828125,1880.83154296875,2567
2017-07-26,2037.449951171875,2055.0,2020.5999755859375,2036.5,1870.9095458984375,1935
2017-07-27,2087.699951171875,2230.800048828125,2068.550048828125,2126.14990234375,1953.27001953125,28543
2017-07-28,2170.0,2230.0,2130.050048828125,2168.64990234375,1992.3140869140625,20304
2017-07-31,2151.10009765625,2198.0,2143.0,2174.050048828125,1997.275390625,3367
2017-08-01,2190.0,2260.0,2172.0,2222.550048828125,2041.83154296875,30599
2017-08-02,2217.89990234375,2275.0,2215.800048828125,2268.050048828125,2083.632080078125,8480
2017-08-03,2270.0,2288.0,2244.0,2268.449951171875,2083.999267578125,4242
2017-08-04,2289.0,2325.0,2268.0,2317.699951171875,2129.2451171875,8152
2017-08-07,2310.0,2425.0,2310.0,2406.14990234375,2210.5029296875,10482
2017-08-08,2410.0,2449.800048828125,2382.39990234375,2424.39990234375,2227.269287109375,7658
2017-08-09,2440.0,2440.0,2310.0,2320.89990234375,2132.184326171875,3213
2017-08-10,2320.0,2320.0,2070.050048828125,2094.800048828125,1924.46923828125,11560
2017-08-11,1911.0999755859375,2215.0,1911.0999755859375,2135.050048828125,1961.4464111328125,3821
2017-08-14,2155.0,2314.0,2155.0,2295.35009765625,2108.71240234375,5548
2017-08-16,2343.949951171875,2399.89990234375,2255.550048828125,2371.10009765625,2178.30322265625,7828
2017-08-17,2379.0,2431.949951171875,2364.10009765625,2373.300048828125,2180.323974609375,3057
2017-08-18,2370.0,2399.0,2345.10009765625,2361.5,2169.4833984375,1284
2017-08-21,2370.0,2373.800048828125,2310.050048828125,2323.5,2134.5732421875,3320
2017-08-22,2312.14990234375,2312.14990234375,2268.050048828125,2270.60009765625,2085.974853515625,4481
2017-08-23,2258.10009765625,2400.0,2256.050048828125,2385.60009765625,2191.6240234375,2388
2017-08-24,2410.0,2410.0,2338.25,2392.14990234375,2197.641357421875,2529
2017-08-28,2370.0,2439.0,2369.949951171875,2417.10009765625,2220.5625,4122
2017-08-29,2414.199951171875,2451.0,2404.050048828125,2428.60009765625,2231.12744140625,4233
2017-08-30,2439.0,2479.949951171875,2430.0,2462.60009765625,2262.363037109375,5367
2017-08-31,2450.050048828125,2507.0,2442.050048828125,2499.64990234375,2296.400390625,4293
2017-09-01,2531.949951171875,2560.0,2450.0,2469.64990234375,2268.839599609375,3299
2017-09-04,2499.89990234375,2550.0,2460.14990234375,2479.60009765625,2277.980712890625,2807
2017-09-05,2500.0,2529.89990234375,2450.0,2466.0,2265.486572265625,3046
2017-09-06,2451.14990234375,2510.0,2451.0,2471.949951171875,2270.95263671875,2180
2017-09-07,2500.0,2915.0,2478.050048828125,2832.75,2602.415771484375,58252
2017-09-08,2879.0,3117.0,2866.0,3056.5,2807.97216796875,93544
2017-09-11,3056.5,3410.0,3056.5,3253.25,2988.72412109375,91901
2017-09-12,3400.0,3450.0,3080.0,3112.85009765625,2859.740478515625,57928
2017-09-13,3101.050048828125,3127.449951171875,2832.0,2887.35009765625,2652.575927734375,49130
2017-09-14,2919.0,2930.050048828125,2841.0,2891.75,2656.6181640625,22839
2017-09-15,2855.0,2900.0,2829.0,2846.0,2614.588134765625,31794
2017-09-18,2850.0,2948.0,2850.0,2897.199951171875,2661.625,13369
2017-09-19,2939.0,3015.0,2813.25,2914.35009765625,2677.380615234375,13192
2017-09-20,2940.0,2962.0,2880.39990234375,2891.25,2656.158447265625,5433
2017-09-21,2889.949951171875,2890.0,2765.0,2781.550048828125,2555.37890625,19261
2017-09-22,2780.0,2799.550048828125,2700.0,2747.25,2523.86767578125,12154
2017-09-25,2769.949951171875,2789.89990234375,2582.449951171875,2710.14990234375,2489.7841796875,11098
2017-09-26,2718.949951171875,2848.0,2692.60009765625,2808.0,2579.677978515625,9168
2017-09-27,2802.050048828125,2839.949951171875,2655.0,2675.300048828125,2457.76806640625,30613
2017-09-28,2674.949951171875,2736.0,2602.10009765625,2724.64990234375,2503.10546875,28007
2017-09-29,2770.0,2905.0,2745.0,2859.550048828125,2627.0361328125,15800
2017-10-03,2882.25,2948.0,2831.0,2845.050048828125,2613.715576171875,14807
2017-10-04,2898.0,2915.0,2811.0,2821.0,2591.62109375,7005
2017-10-05,2833.85009765625,2859.89990234375,2772.0,2790.050048828125,2563.187744140625,7433
2017-10-06,2787.5,2836.949951171875,2739.14990234375,2780.64990234375,2554.551513671875,8887
2017-10-09,2730.10009765625,2832.0,2730.10009765625,2774.14990234375,2548.58056640625,4266
2017-10-10,2795.0,2818.0,2751.0,2802.35009765625,2574.48779296875,3712
2017-10-11,2830.0,2830.0,2743.0,2757.10009765625,2532.916748046875,4413
2017-10-12,2733.60009765625,2800.0,2733.60009765625,2750.89990234375,2527.220947265625,4355
2017-10-13,2788.949951171875,2798.800048828125,2752.0,2756.14990234375,2532.044189453125,3746
2017-10-16,2815.0,2894.949951171875,2736.0,2749.050048828125,2525.521484375,7368
2017-10-17,2760.0,2820.0,2737.550048828125,2789.449951171875,2562.63623046875,5306
2017-10-18,2826.949951171875,2826.949951171875,2775.0,2781.800048828125,2555.6083984375,2323
2017-10-19,2798.64990234375,2850.0,2798.64990234375,2819.949951171875,2590.65625,3309
2017-10-23,2843.949951171875,2844.0,2750.050048828125,2762.550048828125,2537.92333984375,3246
2017-10-24,2751.0,2800.0,2750.0,2782.449951171875,2556.20556640625,1661
2017-10-25,2799.949951171875,2799.949951171875,2667.85009765625,2678.14990234375,2460.385986328125,7003
2017-10-26,2725.0,2725.0,2664.0,2683.800048828125,2465.576904296875,3981
2017-10-27,2729.0,2729.0,2647.14990234375,2713.449951171875,2492.81591796875,11791
2017-10-30,2691.050048828125,2750.199951171875,2671.0,2678.5,2460.7080078125,5322
2017-10-31,2679.0,2709.0,2664.0,2680.949951171875,2462.95849609375,2470
2017-11-01,2685.050048828125,2741.0,2664.0,2669.85009765625,2452.761474609375,4464
2017-11-02,2704.0,2704.0,2646.0,2660.949951171875,2444.5849609375,4047
2017-11-03,2645.050048828125,2675.050048828125,2640.0,2645.050048828125,2429.977783203125,5220
2017-11-06,2693.0,2750.0,2650.050048828125,2733.10009765625,2510.86865234375,3932
2017-11-07,2769.0,2800.0,2674.0,2773.10009765625,2547.615966796875,4637
2017-11-08,2750.0,2823.0,2750.0,2808.25,2579.90771484375,5943
2017-11-09,2775.14990234375,2800.0,2720.0,2750.14990234375,2526.53173828125,4019
2017-11-10,2742.39990234375,2805.0,2739.949951171875,2769.85009765625,2544.630126953125,2478
2017-11-13,2798.949951171875,2800.0,2750.0,2772.5,2547.064453125,1427
2017-11-14,2730.10009765625,2787.35009765625,2730.050048828125,2760.300048828125,2535.85693359375,1040
2017-11-15,2752.60009765625,2754.10009765625,2620.0,2638.75,2424.18994140625,5565
2017-11-16,2638.800048828125,2694.0,2628.0,2665.89990234375,2449.132080078125,3303
2017-11-17,2695.10009765625,2725.050048828125,2662.14990234375,2681.949951171875,2463.877197265625,1986
2017-11-20,2681.949951171875,2753.89990234375,2681.949951171875,2747.449951171875,2524.0517578125,2449
2017-11-21,2748.5,2774.0,2736.0,2751.949951171875,2528.185546875,1194
2017-11-22,2744.050048828125,2807.0,2735.0,2779.050048828125,2553.082275390625,3062
2017-11-23,2751.300048828125,2790.0,2730.0,2738.5,2515.8291015625,4424
2017-11-24,2738.5,2767.39990234375,2730.0,2744.800048828125,2521.616943359375,2292
2017-11-27,2764.60009765625,2784.0,2734.949951171875,2769.050048828125,2543.895263671875,3011
2017-11-28,2759.89990234375,2772.60009765625,2750.0,2755.39990234375,2531.355224609375,2221
2017-11-29,2767.60009765625,2770.0,2741.050048828125,2757.0,2532.824951171875,1570
2017-11-30,2749.89990234375,2770.0,2740.25,2751.550048828125,2527.818115234375,1198
2017-12-01,2750.10009765625,2770.0,2729.949951171875,2739.5,2516.748291015625,2179
2017-12-04,2739.550048828125,2768.800048828125,2713.25,2761.449951171875,2536.9130859375,2253
2017-12-05,2710.199951171875,2764.85009765625,2671.0,2759.0,2534.662109375,2305
2017-12-06,2711.0,2792.0,2711.0,2731.5,2509.3984375,1906
2017-12-07,2730.85009765625,2745.949951171875,2726.25,2737.699951171875,2515.093994140625,2087
2017-12-08,2737.0,2757.449951171875,2680.0,2706.14990234375,2486.109375,9239
2017-12-11,2700.050048828125,2734.0,2662.10009765625,2686.550048828125,2468.103271484375,9275
2017-12-12,2709.949951171875,2719.0,2670.0,2677.699951171875,2459.972900390625,2544
2017-12-13,2680.699951171875,2724.0,2670.0,2703.800048828125,2483.95068359375,7472
2017-12-14,2721.35009765625,2830.050048828125,2719.949951171875,2815.89990234375,2586.935546875,16533
2017-12-15,2820.0,2875.0,2820.0,2869.75,2636.4072265625,5867
2017-12-18,2848.0,2870.0,2810.0,2844.5,2613.21044921875,6217
2017-12-19,2825.0,2864.949951171875,2820.0,2825.89990234375,2596.12255859375,3193
2017-12-20,2821.14990234375,2822.60009765625,2770.0,2774.75,2549.131591796875,2519
2017-12-21,2774.050048828125,2790.0,2729.0,2768.25,2543.16064453125,3128
2017-12-22,2764.89990234375,2791.0,2749.949951171875,2784.89990234375,2558.456298828125,5087
2017-12-26,2762.0,2820.0,2756.25,2805.75,2577.61083984375,3012
2017-12-27,2808.949951171875,2817.0,2752.0,2766.550048828125,2541.598388671875,5125
2017-12-28,2787.300048828125,2790.050048828125,2731.10009765625,2744.64990234375,2521.47900390625,4100
2017-12-29,2778.39990234375,2804.0,2755.0,2760.699951171875,2536.22412109375,2548
2018-01-01,2774.199951171875,2795.0,2752.550048828125,2781.10009765625,2554.96533203125,2025
2018-01-02,2769.89990234375,2785.0,2745.0,2750.85009765625,2527.1748046875,5798
2018-01-03,2764.699951171875,2764.699951171875,2702.0,2740.050048828125,2517.2529296875,2570
2018-01-04,2750.050048828125,2760.0,2717.949951171875,2739.699951171875,2516.931640625,2003
2018-01-05,2765.35009765625,2897.0,2750.050048828125,2853.949951171875,2621.8916015625,9725
2018-01-08,2899.0,2920.0,2850.0,2883.14990234375,2648.71728515625,7431
2018-01-09,2850.050048828125,2930.050048828125,2824.949951171875,2862.75,2629.976318359375,5923
2018-01-10,2875.050048828125,2878.10009765625,2825.0,2843.14990234375,2611.9697265625,4462
2018-01-11,2883.949951171875,2883.949951171875,2772.050048828125,2791.35009765625,2564.382080078125,3628
2018-01-12,2795.199951171875,2820.0,2750.0,2758.050048828125,2533.78955078125,3275
2018-01-15,2799.0,2900.0,2759.10009765625,2845.64990234375,2614.2666015625,9557
2018-01-16,2850.300048828125,2850.300048828125,2760.0,2766.35009765625,2541.414794921875,2087
2018-01-17,2751.14990234375,2809.0,2741.050048828125,2775.300048828125,2549.63720703125,1260
2018-01-18,2785.85009765625,2829.75,2751.0,2756.64990234375,2532.503173828125,3348
2018-01-19,2727.5,2779.0,2711.25,2761.25,2536.729248046875,1654
2018-01-22,2734.0,2798.0,2734.0,2794.800048828125,2567.55126953125,1632
2018-01-23,2836.949951171875,2836.949951171875,2749.0,2757.35009765625,2533.146240234375,4079
2018-01-24,2766.449951171875,2775.0,2700.0,2720.25,2499.063232421875,4790
2018-01-25,2712.39990234375,2806.0,2712.39990234375,2800.0,2572.328369140625,5809
2018-01-29,2825.0,2847.949951171875,2720.0,2729.39990234375,2507.46923828125,6381
2018-01-30,2714.14990234375,2715.550048828125,2675.0,2683.0,2464.841796875,2183
2018-01-31,2685.050048828125,2700.050048828125,2650.050048828125,2665.300048828125,2448.581298828125,1662
2018-02-01,2650.10009765625,2750.0,2455.0,2719.39990234375,2498.2822265625,3428
2018-02-02,2700.050048828125,2700.050048828125,2580.0,2602.0,2390.42822265625,3042
2018-02-05,2505.800048828125,2570.0,2505.800048828125,2548.14990234375,2340.956787109375,4070
2018-02-06,2461.25,2517.0,2440.0,2498.699951171875,2295.52734375,7869
2018-02-07,2548.64990234375,2580.0,2423.0,2559.199951171875,2351.108154296875,7282
2018-02-08,2559.949951171875,2614.0,2520.0,2570.10009765625,2361.122314453125,3633
2018-02-09,2450.0,2510.14990234375,2450.0,2456.64990234375,2256.896728515625,5723
2018-02-12,2471.0,2471.050048828125,2440.0,2445.35009765625,2246.515380859375,5363
2018-02-14,2479.0,2488.35009765625,2436.0,2446.35009765625,2247.434326171875,6212
2018-02-15,2447.35009765625,2457.699951171875,2420.10009765625,2430.75,2233.102783203125,3516
2018-02-16,2439.89990234375,2459.949951171875,2420.050048828125,2446.199951171875,2247.29638671875,1126
2018-02-19,2453.0,2453.0,2410.050048828125,2422.85009765625,2225.844970703125,1648
2018-02-20,2410.300048828125,2424.0,2380.050048828125,2393.89990234375,2199.2490234375,2443
2018-02-21,2411.89990234375,2415.0,2365.64990234375,2384.699951171875,2190.797119140625,1805
2018-02-22,2345.050048828125,2399.0,2345.050048828125,2375.800048828125,2182.62109375,2812
2018-02-23,2386.14990234375,2400.0,2359.949951171875,2387.550048828125,2193.4150390625,5387
2018-02-26,2371.60009765625,2400.0,2371.14990234375,2389.5,2195.20654296875,4882
2018-02-27,2419.949951171875,2431.0,2380.050048828125,2408.300048828125,2212.47802734375,5824
2018-02-28,2390.10009765625,2460.050048828125,2388.050048828125,2425.89990234375,2228.64697265625,2656
2018-03-01,2458.0,2458.0,2390.0,2412.85009765625,2216.658203125,5336
2018-03-05,2420.050048828125,2438.949951171875,2350.0,2353.10009765625,2161.7666015625,2475
2018-03-06,2351.10009765625,2423.64990234375,2350.0,2363.0,2170.861572265625,3483
2018-03-07,2325.050048828125,2400.0,2300.0,2312.14990234375,2124.146240234375,3301
2018-03-08,2314.64990234375,2325.89990234375,2270.0,2283.949951171875,2098.2392578125,4865
2018-03-09,2290.199951171875,2305.050048828125,2238.35009765625,2250.050048828125,2067.095703125,15083
2018-03-12,2288.89990234375,2424.60009765625,2263.0,2279.0,2093.69189453125,9572
2018-03-13,2298.0,2305.0,2272.75,2293.89990234375,2107.3798828125,7343
2018-03-14,2262.64990234375,2320.0,2222.0,2288.5,2102.41943359375,8763
2018-03-15,2266.0,2293.39990234375,2250.0,2259.449951171875,2075.7314453125,3646
2018-03-16,2263.949951171875,2294.949951171875,2245.0,2252.14990234375,2069.02490234375,2849
2018-03-19,2225.550048828125,2233.949951171875,2191.85009765625,2200.39990234375,2021.4825439453125,6962
2018-03-20,2220.0,2239.89990234375,2199.949951171875,2202.949951171875,2023.8251953125,7632
2018-03-21,2226.89990234375,2243.949951171875,2210.14990234375,2222.75,2042.0157470703125,15579
2018-03-22,2230.0,2261.85009765625,2201.0,2228.75,2047.5274658203125,13536
2018-03-23,2224.89990234375,2224.89990234375,2110.0,2129.300048828125,1956.1639404296875,13649
2018-03-26,2109.949951171875,2159.89990234375,2103.550048828125,2148.449951171875,1973.7568359375,5783
2018-03-27,2189.0,2311.949951171875,2162.199951171875,2299.050048828125,2112.111328125,5880
2018-03-28,2255.35009765625,2348.5,2245.0,2288.699951171875,2102.60302734375,6420
2018-04-02,2300.0,2343.050048828125,2290.050048828125,2299.949951171875,2112.938232421875,1548
2018-04-03,2301.89990234375,2325.0,2266.25,2284.449951171875,2098.69873046875,2214
2018-04-04,2296.25,2320.0,2251.0,2312.449951171875,2124.421875,3739
2018-04-05,2272.050048828125,2375.050048828125,2272.0,2362.64990234375,2170.5400390625,2785
2018-04-06,2382.35009765625,2525.0,2376.10009765625,2496.800048828125,2293.782470703125,10471
2018-04-09,2500.0,2549.949951171875,2500.0,2511.699951171875,2307.470458984375,6166
2018-04-10,2514.550048828125,2518.5,2482.14990234375,2500.25,2296.95166015625,1945
2018-04-11,2475.0,2518.75,2474.89990234375,2479.800048828125,2278.16455078125,2039
2018-04-12,2459.35009765625,2469.550048828125,2424.699951171875,2431.35009765625,2233.65380859375,1851
2018-04-13,2431.300048828125,2441.75,2390.050048828125,2399.949951171875,2204.80712890625,14576
2018-04-16,2419.10009765625,2449.75,2379.800048828125,2421.050048828125,2224.19140625,4606
2018-04-17,2430.949951171875,2437.949951171875,2412.0,2426.25,2228.968505859375,2264
2018-04-18,2404.199951171875,2450.0,2404.199951171875,2414.300048828125,2217.990478515625,2726
2018-04-19,2437.10009765625,2437.10009765625,2399.949951171875,2415.0,2218.633544921875,2557
2018-04-20,2412.10009765625,2412.10009765625,2390.949951171875,2401.300048828125,2206.04736328125,823
2018-04-23,2391.35009765625,2449.949951171875,2379.949951171875,2435.75,2237.6962890625,3772
2018-04-24,2450.050048828125,2470.0,2418.64990234375,2438.39990234375,2240.130859375,3021
2018-04-25,2450.39990234375,2458.0,2409.949951171875,2421.0,2224.145263671875,1337
2018-04-26,2413.699951171875,2428.699951171875,2395.10009765625,2403.39990234375,2207.9765625,979
2018-04-27,2416.89990234375,2456.0,2416.85009765625,2429.64990234375,2232.092041015625,1318
2018-04-30,2444.800048828125,2455.0,2400.0,2444.39990234375,2245.64306640625,1584
2018-05-02,2430.199951171875,2455.0,2403.60009765625,2411.75,2215.6474609375,1155
2018-05-03,2459.050048828125,2459.050048828125,2391.0,2403.25,2207.8388671875,616
2018-05-04,2416.300048828125,2435.0,2394.14990234375,2409.89990234375,2213.947998046875,776
2018-05-07,2405.0,2446.050048828125,2391.0,2408.25,2212.43212890625,891
2018-05-08,2403.949951171875,2430.050048828125,2390.050048828125,2398.699951171875,2203.658935546875,1013
2018-05-09,2408.89990234375,2447.0,2400.800048828125,2431.0,2233.33251953125,1842
2018-05-10,2448.449951171875,2448.449951171875,2373.300048828125,2384.89990234375,2190.980712890625,640
2018-05-11,2416.10009765625,2420.0,2360.300048828125,2379.75,2186.24951171875,967
2018-05-14,2446.949951171875,2446.949951171875,2349.949951171875,2384.85009765625,2190.93505859375,1842
2018-05-15,2341.25,2435.050048828125,2341.25,2409.60009765625,2213.672607421875,566
2018-05-16,2400.0,2430.0,2359.949951171875,2407.449951171875,2211.697265625,8233
2018-05-17,2480.050048828125,2599.0,2360.0,2564.35009765625,2355.840087890625,9238
2018-05-18,2565.0,2677.0,2545.14990234375,2609.449951171875,2397.272705078125,11766
2018-05-21,2584.39990234375,2635.050048828125,2455.25,2466.199951171875,2265.67041015625,1493
2018-05-22,2475.050048828125,2644.0,2439.949951171875,2634.550048828125,2420.331787109375,9074
2018-05-23,2620.0,2620.0,2575.0,2579.5,2369.7578125,1845
2018-05-24,2580.0,2597.550048828125,2557.85009765625,2574.800048828125,2365.439697265625,1850
2018-05-25,2600.050048828125,2600.050048828125,2539.949951171875,2570.199951171875,2361.2138671875,2374
2018-05-28,2554.949951171875,2614.0,2552.0,2610.050048828125,2397.823486328125,1073
2018-05-29,2635.050048828125,2755.550048828125,2563.75,2640.10009765625,2425.430419921875,2824
2018-05-30,2640.5,2640.5,2583.35009765625,2630.89990234375,2416.978271484375,1115
2018-05-31,2650.050048828125,2650.050048828125,2585.0,2589.75,2379.174072265625,1553
2018-06-01,2605.050048828125,2620.0,2550.0,2591.75,2381.011474609375,1596
2018-06-04,2620.050048828125,2620.050048828125,2545.0,2552.050048828125,2344.53955078125,1530
2018-06-05,2568.050048828125,2568.050048828125,2439.60009765625,2464.60009765625,2264.200439453125,1654
2018-06-06,2525.0,2525.0,2415.0,2507.949951171875,2304.025390625,2342
2018-06-07,2560.050048828125,2635.0,2509.949951171875,2604.39990234375,2392.633056640625,2435
2018-06-08,2600.10009765625,2649.89990234375,2569.949951171875,2622.0,2408.802001953125,2777
2018-06-11,2687.949951171875,2773.800048828125,2621.89990234375,2750.050048828125,2526.440185546875,4002
2018-06-12,2749.050048828125,2858.0,2725.85009765625,2827.64990234375,2597.730224609375,11768
2018-06-13,2849.89990234375,2937.0,2827.050048828125,2873.550048828125,2639.89794921875,20937
2018-06-14,2875.0,2889.0,2782.60009765625,2798.449951171875,2570.904541015625,3066
2018-06-15,2793.800048828125,2823.64990234375,2784.10009765625,2797.5,2570.03173828125,5768
2018-06-18,2800.050048828125,2848.0,2775.0,2790.300048828125,2563.4169921875,4328
2018-06-19,2788.39990234375,2788.449951171875,2753.199951171875,2764.199951171875,2539.439208984375,2785
2018-06-20,2764.0,2800.0,2737.0,2753.5,2529.609619140625,2147
2018-06-21,2741.300048828125,2803.0,2740.0,2773.75,2548.212890625,3549
2018-06-22,2799.949951171875,2914.949951171875,2761.5,2889.800048828125,2654.8271484375,7743
2018-06-25,2918.0,3398.0,2881.0,3219.14990234375,2957.39697265625,102947
2018-06-26,3197.5,3297.0,3100.0,3164.35009765625,2907.052734375,22497
2018-06-27,3148.0,3148.0,2933.0,2952.550048828125,2712.474365234375,13685
2018-06-28,2915.0,2974.949951171875,2856.199951171875,2871.39990234375,2637.922607421875,3790
2018-06-29,2894.0,2996.0,2861.25,2875.550048828125,2641.7353515625,6442
2018-07-02,2890.0,2950.0,2831.64990234375,2859.35009765625,2626.852783203125,5752
2018-07-03,2860.0,2943.39990234375,2842.0,2907.0,2670.628173828125,2340
2018-07-04,2908.10009765625,2970.0,2901.25,2943.550048828125,2704.206298828125,4516
2018-07-05,2930.0,2973.449951171875,2891.25,2914.60009765625,2707.96923828125,2027
2018-07-06,2906.75,2960.0,2906.75,2920.14990234375,2713.125732421875,2231
2018-07-09,2934.449951171875,2940.0,2910.050048828125,2936.449951171875,2728.270263671875,2594
2018-07-10,2934.949951171875,2965.0,2918.14990234375,2926.0,2718.561279296875,4459
2018-07-11,2881.0,2988.449951171875,2881.0,2930.550048828125,2722.78857421875,1480
2018-07-12,2973.0,2973.0,2910.0,2950.800048828125,2741.60302734375,3380
2018-07-13,2960.0,2969.0,2921.35009765625,2962.10009765625,2752.10205078125,2918
2018-07-16,2975.0,2975.0,2855.10009765625,2884.949951171875,2680.42138671875,3258
2018-07-17,2941.0,2941.0,2856.199951171875,2885.64990234375,2681.07177734375,5302
2018-07-18,2880.0,2943.449951171875,2880.0,2895.800048828125,2690.502197265625,4113
2018-07-19,2894.39990234375,2911.0,2841.25,2856.949951171875,2654.406494140625,720
2018-07-20,2884.0,3100.0,2875.10009765625,3053.300048828125,2836.836181640625,31795
2018-07-23,3053.300048828125,3148.0,3053.300048828125,3073.25,2855.37158203125,7535
2018-07-24,3042.199951171875,3090.0,2985.050048828125,3008.5,2795.212158203125,5191
2018-07-25,3000.300048828125,3133.89990234375,3000.0,3040.5,2824.943603515625,3685
2018-07-26,3060.0,3060.0,3007.64990234375,3027.35009765625,2812.72607421875,958
2018-07-27,3001.199951171875,3065.0,3001.199951171875,3029.85009765625,2815.048828125,1232
2018-07-30,3031.050048828125,3045.85009765625,3001.0,3007.35009765625,2794.143798828125,1794
2018-07-31,3000.10009765625,3035.0,2999.550048828125,3014.75,2801.019287109375,996
2018-08-01,3014.0,3142.949951171875,3012.300048828125,3027.550048828125,2812.91162109375,4409
2018-08-02,3049.0,3084.0,3032.0,3067.39990234375,2849.9365234375,2105
2018-08-03,3045.0,3088.949951171875,3045.0,3074.75,2856.765380859375,744
2018-08-06,3075.0,3075.0,3012.300048828125,3036.25,2820.9951171875,1179
2018-08-07,3040.050048828125,3070.0,3030.0,3049.449951171875,2833.2587890625,1318
2018-08-08,3020.050048828125,3100.0,3020.050048828125,3061.60009765625,2844.547607421875,1491
2018-08-09,3050.050048828125,3111.0,3050.0,3097.35009765625,2877.763427734375,1439
2018-08-10,3130.0,3130.0,3080.0,3098.75,2879.064208984375,1266
2018-08-13,3090.0,3100.0,3025.0,3062.300048828125,2845.1982421875,2135
2018-08-14,3060.0,3110.0,3048.699951171875,3090.10009765625,2871.02734375,1982
2018-08-16,3144.0,3187.0,3060.050048828125,3129.25,2907.401611328125,4465
2018-08-17,3130.0,3247.0,3130.0,3181.800048828125,2956.22607421875,3368
2018-08-20,3230.0,3244.0,3180.0,3213.64990234375,2985.818115234375,1870
2018-08-21,3197.949951171875,3215.0,3168.0,3205.85009765625,2978.571044921875,2039
2018-08-23,3192.39990234375,3250.0,3177.550048828125,3228.949951171875,3000.033447265625,2825
2018-08-24,3225.0,3225.0,3190.0,3194.64990234375,2968.1650390625,5260
2018-08-27,3249.0,3249.0,3170.0,3181.75,2956.1796875,3882
2018-08-28,3199.949951171875,3200.0,3155.0,3162.10009765625,2937.9228515625,1886
2018-08-29,3200.0,3200.0,3146.050048828125,3194.949951171875,2968.44384765625,4073
2018-08-30,3180.0,3187.300048828125,3150.050048828125,3157.800048828125,2933.927734375,1888
2018-08-31,3159.85009765625,3195.0,3152.199951171875,3182.199951171875,2956.59765625,2148
2018-09-03,3199.0,3199.0,3079.300048828125,3099.050048828125,2879.3427734375,3104
2018-09-04,3070.050048828125,3089.64990234375,2970.0,2978.050048828125,2766.921142578125,8654
2018-09-05,2921.050048828125,2998.0,2921.050048828125,2979.449951171875,2768.2216796875,3567
2018-09-06,2955.449951171875,3031.0,2939.949951171875,2961.0,2751.079833984375,3437
2018-09-07,2986.5,2998.89990234375,2950.0,2970.699951171875,2760.09228515625,4257
2018-09-10,2941.050048828125,2988.75,2925.0,2942.449951171875,2733.8447265625,2702
2018-09-11,2934.949951171875,2989.050048828125,2861.25,2922.949951171875,2715.727294921875,2628
2018-09-12,2904.0,2927.85009765625,2860.949951171875,2890.14990234375,2685.25244140625,1580
2018-09-14,2867.35009765625,2960.0,2867.300048828125,2913.550048828125,2706.993896484375,2664
2018-09-17,2945.050048828125,2958.0,2851.0,2918.75,2711.824951171875,3227
2018-09-18,2893.949951171875,2939.0,2828.14990234375,2838.5,2637.264404296875,2083
2018-09-19,2854.949951171875,2910.050048828125,2813.0,2825.300048828125,2625.000244140625,1318
2018-09-21,2889.949951171875,2890.0,2411.60009765625,2648.199951171875,2460.455810546875,15434
2018-09-24,2699.0,2710.0,2514.10009765625,2541.75,2361.55224609375,5385
2018-09-25,2550.449951171875,2588.75,2438.39990234375,2491.199951171875,2314.586181640625,6486
2018-09-26,2507.5,2588.0,2491.699951171875,2562.949951171875,2381.24951171875,2450
2018-09-27,2570.60009765625,2590.449951171875,2503.050048828125,2513.14990234375,2334.97998046875,2205
2018-09-28,2550.0,2588.0,2427.800048828125,2452.550048828125,2278.67626953125,3728
2018-10-01,2450.0,2548.0,2448.550048828125,2532.0,2352.493408203125,7246
2018-10-03,2519.199951171875,2570.0,2493.0,2501.699951171875,2324.341796875,3699
2018-10-04,2500.0,2520.0,2431.0,2437.35009765625,2264.5537109375,2309
2018-10-05,2470.949951171875,2471.0,2310.0,2339.5,2173.640869140625,5450
2018-10-08,2305.14990234375,2305.25,2069.25,2145.89990234375,1993.766357421875,26689
2018-10-09,2270.64990234375,2270.64990234375,2010.0,2133.75,1982.4776611328125,14655
2018-10-10,2125.0,2398.0,2125.0,2377.699951171875,2209.1328125,16940
2018-10-11,2301.199951171875,2301.199951171875,2011.0,2201.89990234375,2045.7960205078125,14984
2018-10-12,2279.14990234375,2349.699951171875,2264.0,2308.5,2144.8388671875,3547
2018-10-15,2356.949951171875,2364.0,2305.0,2330.89990234375,2165.650390625,4555
2018-10-16,2376.949951171875,2380.0,2301.25,2319.64990234375,2155.1982421875,10340
2018-10-17,2310.050048828125,2368.25,2262.14990234375,2270.449951171875,2109.48583984375,3083
2018-10-19,2318.5,2318.5,2200.0,2205.449951171875,2049.094482421875,7818
2018-10-22,2219.949951171875,2229.75,2100.050048828125,2133.449951171875,1982.198974609375,5462
2018-10-23,2174.0,2218.0,2122.699951171875,2187.949951171875,2032.8350830078125,3706
2018-10-24,2187.89990234375,2315.0,2185.0,2293.949951171875,2131.3203125,5396
2018-10-25,2249.85009765625,2278.0,2225.0,2237.89990234375,2079.244140625,10624
2018-10-26,2229.85009765625,2295.0,2205.0,2271.949951171875,2110.8798828125,2729
2018-10-29,2272.0,2333.0,2272.0,2315.64990234375,2151.481689453125,794
2018-10-30,2315.699951171875,2353.0,2289.89990234375,2322.10009765625,2157.474609375,2624
2018-10-31,2367.0,2367.0,2241.89990234375,2308.60009765625,2144.931884765625,3060
2018-11-01,2333.199951171875,2387.949951171875,2323.0,2382.550048828125,2213.63916015625,1319
2018-11-02,2424.0,2491.0,2340.64990234375,2471.050048828125,2295.864990234375,2860
2018-11-05,2519.949951171875,2519.949951171875,2430.0,2448.75,2275.1455078125,474
2018-11-06,2464.300048828125,2497.60009765625,2451.050048828125,2461.25,2286.75927734375,1529
2018-11-07,2499.949951171875,2507.0,2475.199951171875,2493.39990234375,2316.630126953125,1107
2018-11-09,2473.699951171875,2495.550048828125,2450.050048828125,2465.949951171875,2291.12646484375,415
2018-11-12,2502.5,2502.550048828125,2439.050048828125,2446.25,2272.82275390625,824
2018-11-13,2499.949951171875,2507.949951171875,2378.64990234375,2450.60009765625,2276.864501953125,2390
2018-11-14,2538.0,2538.0,2421.050048828125,2444.35009765625,2271.0576171875,702
2018-11-15,2427.949951171875,2450.050048828125,2402.0,2437.050048828125,2264.275634765625,792
2018-11-16,2476.5,2534.699951171875,2456.0,2532.550048828125,2353.0048828125,3444
2018-11-19,2547.0,2589.699951171875,2514.25,2580.60009765625,2397.648193359375,3129
2018-11-20,2531.0,2589.550048828125,2531.0,2550.25,2369.449951171875,2048
2018-11-21,2584.949951171875,2585.0,2536.0,2558.949951171875,2377.533203125,496
2018-11-22,2556.14990234375,2590.0,2550.0,2571.75,2389.42578125,2146
2018-11-26,2565.89990234375,2615.0,2565.89990234375,2608.14990234375,2423.244873046875,2407
2018-11-27,2595.0,2620.0,2581.300048828125,2599.75,2415.440673828125,1308
2018-11-28,2623.89990234375,2640.050048828125,2598.050048828125,2611.949951171875,2426.775634765625,996
2018-11-29,2611.050048828125,2775.0,2611.0,2751.5,2556.432373046875,4542
2018-11-30,2787.0,2787.0,2679.0,2778.5,2581.518310546875,2327
2018-12-03,2778.60009765625,2797.0,2719.89990234375,2761.39990234375,2565.63037109375,3492
2018-12-04,2773.89990234375,2834.89990234375,2746.5,2822.0,2621.934326171875,13682
2018-12-05,2800.0,2929.89990234375,2771.0,2920.550048828125,2713.497802734375,15332
2018-12-06,2920.550048828125,2980.0,2899.85009765625,2965.14990234375,2754.935546875,23602
2018-12-07,2965.14990234375,2997.0,2909.10009765625,2956.050048828125,2746.480712890625,2150
2018-12-10,2833.050048828125,2920.0,2833.050048828125,2901.10009765625,2695.426513671875,2685
2018-12-11,2870.0,2930.0,2869.050048828125,2915.5,2708.8056640625,1924
2018-12-12,2983.0,3025.0,2922.60009765625,3015.550048828125,2801.762451171875,3694
2018-12-13,3018.949951171875,3175.050048828125,3018.10009765625,3152.60009765625,2929.096435546875,10527
2018-12-14,3120.0,3193.949951171875,3034.949951171875,3071.449951171875,2853.699462890625,6472
2018-12-17,3099.949951171875,3100.0,3041.0,3070.64990234375,2852.9560546875,1496
2018-12-18,3093.0,3093.0,3018.60009765625,3023.949951171875,2809.56689453125,1809
2018-12-19,3099.0,3099.0,3016.85009765625,3064.699951171875,2847.427978515625,2286
2018-12-20,3064.699951171875,3085.0,3005.0,3066.949951171875,2849.5185546875,1744
2018-12-21,3068.949951171875,3108.10009765625,3025.300048828125,3080.39990234375,2862.0146484375,3727
2018-12-24,3020.199951171875,3100.0,3020.199951171875,3092.25,2873.025146484375,1993
2018-12-26,3092.25,3100.0,3029.0,3072.550048828125,2854.721435546875,8117
2018-12-27,3128.949951171875,3148.0,3043.050048828125,3129.14990234375,2907.308837890625,13767
2018-12-28,3173.949951171875,3173.949951171875,3075.0,3085.199951171875,2866.474365234375,6158
2018-12-31,3116.35009765625,3180.0,3115.0,3175.550048828125,2950.4189453125,4664
2019-01-01,3174.949951171875,3247.0,3157.35009765625,3237.60009765625,3008.070068359375,4137
2019-01-02,3232.0,3240.0,3191.300048828125,3208.449951171875,2980.986328125,7489
2019-01-03,3210.0,3225.050048828125,3182.0,3183.800048828125,2958.08447265625,3930
2019-01-04,3165.0,3175.050048828125,3133.60009765625,3146.39990234375,2923.335693359375,1423
2019-01-07,3150.0,3180.0,3135.0,3165.10009765625,2940.7099609375,3667
2019-01-08,3190.0,3190.0,3102.0,3131.050048828125,2909.073974609375,800
2019-01-09,3122.39990234375,3165.0,3012.300048828125,3074.199951171875,2856.25439453125,3030
2019-01-10,3225.0,3450.0,3225.0,3311.449951171875,3076.6845703125,54881
2019-01-11,3311.5,3499.0,3302.0,3478.60009765625,3231.984619140625,29320
2019-01-14,3510.0,3649.0,3486.0,3566.60009765625,3313.74560546875,52975
2019-01-15,3619.0,3619.0,3435.449951171875,3466.39990234375,3220.6494140625,11043
2019-01-16,3463.699951171875,3600.0,3463.39990234375,3545.949951171875,3294.5595703125,16947
2019-01-17,3597.89990234375,3597.949951171875,3450.050048828125,3470.0,3223.993896484375,3500
2019-01-18,3495.0,3495.0,3350.0,3371.85009765625,3132.802734375,10602
2019-01-21,3320.25,3396.949951171875,3275.14990234375,3317.25,3082.0732421875,9201
2019-01-22,3330.5,3342.0,3250.300048828125,3291.699951171875,3058.33447265625,3159
2019-01-23,3261.0,3298.0,3175.85009765625,3195.85009765625,2969.280029296875,4715
2019-01-24,3164.050048828125,3219.949951171875,3050.0,3192.199951171875,2965.888916015625,7296
2019-01-25,3145.0,3335.0,3145.0,3245.449951171875,3015.363525390625,6141
2019-01-28,3258.39990234375,3283.300048828125,3018.0,3091.60009765625,2872.4208984375,12632
2019-01-29,3032.0,3144.0,3032.0,3130.75,2908.795166015625,4817
2019-01-30,3130.75,3265.949951171875,3130.75,3251.199951171875,3020.70556640625,7709
2019-01-31,3260.050048828125,3282.449951171875,3208.050048828125,3225.699951171875,2997.013671875,1556
2019-02-01,3253.199951171875,3297.0,3202.35009765625,3250.699951171875,3020.241455078125,1760
2019-02-04,3211.300048828125,3273.89990234375,3207.0,3247.949951171875,3017.68603515625,3811
2019-02-05,3248.050048828125,3290.0,3230.0,3240.85009765625,3011.090087890625,1634
2019-02-06,3283.60009765625,3283.64990234375,3165.0,3248.550048828125,3018.243896484375,2360
2019-02-07,3251.60009765625,3300.0,3244.050048828125,3279.800048828125,3047.278564453125,2787
2019-02-08,3240.050048828125,3320.0,3212.10009765625,3298.64990234375,3064.7919921875,4503
2019-02-11,3298.5,3298.5,3182.75,3201.85009765625,2974.854736328125,2022
2019-02-12,3214.800048828125,3230.0,3105.050048828125,3120.35009765625,2899.132568359375,4748
2019-02-14,3160.050048828125,3199.89990234375,3115.0,3156.300048828125,2932.533935546875,1350
2019-02-15,3156.300048828125,3156.300048828125,3088.0,3112.300048828125,2891.6533203125,3331
2019-02-18,3112.35009765625,3125.0,3063.300048828125,3079.949951171875,2861.596923828125,1509
2019-02-19,3090.050048828125,3113.35009765625,3070.10009765625,3088.5,2869.54052734375,1507
2019-02-20,3072.10009765625,3111.050048828125,3050.050048828125,3076.949951171875,2858.809326171875,2243
2019-02-21,3080.89990234375,3140.949951171875,3077.0,3112.25,2891.60693359375,1366
2019-02-22,3115.60009765625,3120.5,3077.949951171875,3094.199951171875,2874.836669921875,1568
2019-02-25,3154.949951171875,3266.0,3095.199951171875,3150.449951171875,2927.0986328125,3248
2019-02-26,3088.199951171875,3150.39990234375,3087.39990234375,3138.300048828125,2915.81005859375,4370
2019-02-27,3150.0,3164.85009765625,3090.0,3094.0,2874.65087890625,1210
2019-02-28,3075.550048828125,3098.949951171875,3012.35009765625,3088.89990234375,2869.912109375,4110
2019-03-01,3111.10009765625,3140.0,3105.050048828125,3125.89990234375,2904.2890625,342
2019-03-05,3067.89990234375,3212.050048828125,3067.89990234375,3181.75,2956.1796875,1771
2019-03-06,3240.0,3287.0,3196.75,3261.0,3029.811279296875,3494
2019-03-07,3262.050048828125,3295.0,3262.050048828125,3278.35009765625,3045.93115234375,2300
2019-03-08,3265.60009765625,3293.0,3250.0,3278.35009765625,3045.93115234375,2205
2019-03-11,3336.35009765625,3340.699951171875,3298.75,3325.199951171875,3089.459716796875,1909
2019-03-12,3322.64990234375,3390.0,3315.0,3379.35009765625,3139.77099609375,3136
2019-03-13,3341.0,3400.0,3329.35009765625,3377.949951171875,3138.469970703125,1988
2019-03-14,3400.0,3410.0,3311.25,3321.25,3085.789794921875,2307
2019-03-15,3321.35009765625,3380.949951171875,3310.0,3323.949951171875,3088.29833984375,1164
2019-03-18,3376.14990234375,3390.0,3326.85009765625,3338.0,3101.352294921875,1333
2019-03-19,3398.85009765625,3400.0,3326.0,3389.449951171875,3149.15478515625,2249
2019-03-20,3393.199951171875,3419.0,3365.0,3399.75,3158.724609375,1961
2019-03-22,3390.5,3465.0,3361.85009765625,3374.800048828125,3135.54345703125,3370
2019-03-25,3347.699951171875,3399.0,3333.0,3353.199951171875,3115.474609375,1666
2019-03-26,3332.050048828125,3375.0,3332.0,3354.050048828125,3116.2646484375,2507
2019-03-27,3384.10009765625,3454.0,3368.800048828125,3431.949951171875,3188.6416015625,5947
2019-03-28,3444.949951171875,3520.0,3435.0,3504.800048828125,3256.3271484375,2824
2019-04-01,3585.5,3595.0,3534.25,3561.14990234375,3308.681884765625,4966
2019-04-02,3576.699951171875,3722.0,3564.0,3654.800048828125,3395.69287109375,6848
2019-04-03,3665.0,3825.0,3665.0,3693.89990234375,3432.020751953125,11496
2019-04-04,3722.10009765625,3722.10009765625,3633.050048828125,3668.35009765625,3408.2822265625,5706
2019-04-05,3700.0,3750.0,3685.0,3706.60009765625,3443.8203125,2402
2019-04-08,3705.0,3730.0,3599.0,3623.050048828125,3366.19384765625,1543
2019-04-09,3572.64990234375,3615.0,3570.25,3597.699951171875,3342.640869140625,3872
2019-04-10,3627.699951171875,3649.75,3599.35009765625,3611.699951171875,3355.648193359375,2403
2019-04-11,3600.0,3678.800048828125,3583.0,3674.550048828125,3414.042724609375,1156
2019-04-12,3674.550048828125,3730.0,3607.10009765625,3694.449951171875,3432.531494140625,3674
2019-04-15,3694.449951171875,3786.949951171875,3693.0,3764.35009765625,3497.476318359375,4620
2019-04-16,3787.0,3797.0,3745.0,3754.5,3488.32470703125,3254
2019-04-18,3704.0,3874.800048828125,3704.0,3864.10009765625,3590.154296875,8664
2019-04-22,3890.0,3890.0,3812.0,3817.449951171875,3546.8115234375,3731
2019-04-23,3755.199951171875,3959.89990234375,3755.199951171875,3907.199951171875,3630.198974609375,14300
2019-04-24,3937.0,3937.0,3886.10009765625,3910.14990234375,3632.939453125,3346
2019-04-25,3919.0,3948.10009765625,3831.0,3849.300048828125,3576.403564453125,4807
2019-04-26,3812.75,3847.449951171875,3795.10009765625,3827.64990234375,3556.28857421875,2786
2019-04-30,3874.10009765625,3887.949951171875,3620.0,3666.85009765625,3406.888427734375,7064
2019-05-02,3735.0,3787.0,3612.5,3739.75,3474.620361328125,2583
2019-05-03,3669.0,3850.0,3669.0,3825.60009765625,3554.384033203125,5413
2019-05-06,3823.85009765625,3887.0,3802.050048828125,3825.14990234375,3553.9658203125,3151
2019-05-07,3869.89990234375,3870.0,3751.0,3771.199951171875,3503.840576171875,3381
2019-05-08,3740.199951171875,3761.0,3640.0,3692.25,3430.487548828125,4234
2019-05-09,3632.0,3770.0,3632.0,3696.699951171875,3434.622314453125,3388
2019-05-10,3675.0,3717.949951171875,3671.550048828125,3690.39990234375,3428.768798828125,1072
2019-05-13,3668.300048828125,3769.0,3635.75,3657.60009765625,3398.29443359375,5345
2019-05-14,3679.949951171875,3790.0,3640.0,3784.35009765625,3516.05859375,4607
2019-05-15,3849.800048828125,3890.0,3780.0,3792.449951171875,3523.584228515625,10386
2019-05-16,3813.949951171875,3868.0,3805.5,3861.949951171875,3588.15673828125,3947
2019-05-17,3875.0,4046.949951171875,3875.0,3970.25,3688.77880859375,20572
2019-05-20,4049.0,4137.89990234375,4002.10009765625,4082.550048828125,3793.11767578125,10866
2019-05-21,4050.14990234375,4125.0,4031.0,4064.89990234375,3776.718505859375,9506
2019-05-22,4121.0,4121.0,4046.199951171875,4078.35009765625,3789.21533203125,8290
2019-05-23,4129.9501953125,4141.39990234375,4050.0,4090.449951171875,3800.45703125,11226
2019-05-24,4060.0,4143.7998046875,4060.0,4107.2001953125,3816.02001953125,4510
2019-05-27,4130.0,4130.0,4040.0,4109.75,3818.38916015625,4497
2019-05-28,4123.0,4350.0,4123.0,4243.39990234375,3942.56396484375,57646
2019-05-29,4250.0,4278.10009765625,4160.0,4175.2998046875,3879.291748046875,3657
2019-05-30,4181.0,4275.0,4181.0,4260.64990234375,3958.5908203125,4221
2019-05-31,4299.9501953125,4349.0,4250.0,4296.75,3992.13232421875,6450
2019-06-03,4343.7001953125,4374.0,4300.0,4362.7001953125,4053.406494140625,8401
2019-06-04,4350.0,4384.9501953125,4330.0498046875,4341.7998046875,4033.98779296875,1910
2019-06-06,4399.0,4399.0,4210.0,4224.0498046875,3924.585205078125,4209
2019-06-07,4250.5498046875,4349.0,4225.0,4332.0,4024.882568359375,1616
2019-06-10,4355.0,4400.0,4332.5,4369.10009765625,4059.3525390625,4770
2019-06-11,4388.0,4580.0498046875,4350.2001953125,4567.0,4243.22265625,20445
2019-06-12,4600.0,4679.0,4455.0,4579.2998046875,4254.64990234375,9593
2019-06-13,4580.0,4698.9501953125,4560.0,4582.60009765625,4257.71630859375,8546
2019-06-14,4580.0498046875,4650.0,4573.0,4634.14990234375,4305.611328125,4351
2019-06-17,4654.10009765625,4786.0,4630.0498046875,4689.35009765625,4356.8984375,13334
2019-06-18,4705.0,4749.0,4430.0,4447.25,4131.9619140625,14886
2019-06-19,4441.89990234375,4565.89990234375,4390.0,4421.85009765625,4108.36279296875,8357
2019-06-20,4377.0,4614.9501953125,4376.64990234375,4589.2998046875,4263.94091796875,5763
2019-06-21,4609.4501953125,4750.0,4601.64990234375,4674.60009765625,4343.193359375,9871
2019-06-24,4698.10009765625,4700.0,4605.10009765625,4656.60009765625,4326.47021484375,3741
2019-06-25,4665.0,4698.0,4611.0,4684.64990234375,4352.53173828125,5504
2019-06-26,4698.9501953125,4698.9501953125,4599.9501953125,4636.35009765625,4307.65576171875,3020
2019-06-27,4650.0,4690.0,4625.25,4647.5,4318.015625,3801
2019-06-28,4699.0,4699.0,4549.7001953125,4605.85009765625,4279.318359375,6173
2019-07-01,4605.0498046875,4660.0,4593.64990234375,4629.64990234375,4301.4306640625,4142
2019-07-02,4650.0,4650.0,4580.0,4631.0,4302.685546875,3120
2019-07-03,4634.0498046875,4662.85009765625,4600.0,4614.4501953125,4287.30810546875,1155
2019-07-04,4574.9501953125,4640.0,4566.10009765625,4605.60009765625,4279.0859375,2490
2019-07-05,4630.0,4630.0,4500.0,4526.7998046875,4205.87158203125,7192
2019-07-08,4500.0,4526.7998046875,4153.2998046875,4238.85009765625,3938.33642578125,8685
2019-07-09,4230.0,4437.0,4175.0,4359.7001953125,4050.619140625,9616
2019-07-10,4370.0,4400.0,4221.0,4251.39990234375,3949.996826171875,2358
2019-07-11,4255.0498046875,4255.0498046875,4130.0,4211.0,3943.0673828125,5696
2019-07-12,4213.0,4213.0498046875,4140.0,4159.5498046875,3894.890869140625,3430
2019-07-15,4159.5498046875,4179.0,4010.0,4150.4501953125,3886.370361328125,6344
2019-07-16,4108.89990234375,4240.0,4107.85009765625,4218.75,3950.324462890625,2537
2019-07-17,4280.0,4280.0,4179.0,4205.7001953125,3938.105224609375,2268
2019-07-18,4225.0,4228.0498046875,4150.0,4183.60009765625,3917.4111328125,1354
2019-07-19,4224.9501953125,4225.0,4000.0,4021.60009765625,3765.718505859375,3356
2019-07-22,4021.60009765625,4098.0498046875,3841.0,3899.10009765625,3651.0126953125,6861
2019-07-23,3910.0,4034.949951171875,3865.0,4025.85009765625,3769.6982421875,3539
2019-07-24,4035.0,4035.0,3920.0,3983.14990234375,3729.71484375,3325
2019-07-25,4039.949951171875,4040.0,3756.0,3810.75,3568.2841796875,13588
2019-07-26,3798.0,4240.0498046875,3617.300048828125,4156.5498046875,3892.08203125,26683
2019-07-29,4200.0,4219.9501953125,4025.25,4081.050048828125,3821.385986328125,5661
2019-07-30,4169.9501953125,4169.9501953125,3955.25,3971.85009765625,3719.134033203125,6706
2019-07-31,3900.14990234375,4062.39990234375,3900.14990234375,4012.050048828125,3756.776123046875,7770
2019-08-01,3947.050048828125,4020.0,3851.0,3873.64990234375,3627.181884765625,1960
2019-08-02,3860.050048828125,3860.050048828125,3700.0,3764.75,3525.2109375,5698
2019-08-05,3769.89990234375,3769.89990234375,3645.0,3718.0,3481.435546875,3339
2019-08-06,3731.0,3853.89990234375,3706.10009765625,3757.10009765625,3518.048095703125,4337
2019-08-07,3838.949951171875,3838.949951171875,3739.800048828125,3795.300048828125,3553.8173828125,2886
2019-08-08,3820.0,3865.0,3758.14990234375,3841.0,3596.60986328125,1549
2019-08-09,3841.0,3999.949951171875,3840.050048828125,3979.199951171875,3726.01611328125,3515
2019-08-13,3906.0,3999.0,3680.0,3712.10009765625,3475.9111328125,10942
2019-08-14,3769.949951171875,3788.949951171875,3680.0,3708.050048828125,3472.11865234375,4646
2019-08-16,3799.0,3892.0,3690.85009765625,3860.949951171875,3615.2900390625,4466
2019-08-19,3860.949951171875,4020.0,3860.949951171875,3987.89990234375,3734.162353515625,5582
2019-08-20,3987.0,4010.0,3911.0,3995.300048828125,3741.091796875,3490
2019-08-21,4000.0,4089.449951171875,3966.050048828125,4031.0,3774.520263671875,3231
2019-08-22,4088.949951171875,4088.949951171875,3850.0,3879.64990234375,3632.80029296875,2781
2019-08-23,3806.199951171875,3899.0,3730.0,3838.35009765625,3594.128173828125,3275
2019-08-26,3944.0,3950.75,3795.0,3920.449951171875,3671.00439453125,11689
2019-08-27,3969.89990234375,4015.050048828125,3930.0,3969.949951171875,3717.354736328125,1754
2019-08-28,3947.64990234375,4010.949951171875,3912.0,3958.89990234375,3707.0078125,2169
2019-08-29,3972.550048828125,3972.64990234375,3840.0,3865.35009765625,3619.410400390625,4152
2019-08-30,3870.10009765625,3870.10009765625,3790.0,3825.85009765625,3582.42333984375,6185
2019-09-03,3825.85009765625,3859.949951171875,3757.0,3798.75,3557.0478515625,2942
2019-09-04,3849.0,3849.0,3760.0,3795.14990234375,3553.676513671875,3423
2019-09-05,3846.89990234375,3960.0,3784.550048828125,3909.35009765625,3660.610595703125,14923
2019-09-06,3915.0,4005.0,3843.39990234375,3981.39990234375,3728.076171875,16725
2019-09-09,4004.0,4026.0,3942.050048828125,4006.050048828125,3751.157958984375,3624
2019-09-11,4000.050048828125,4199.0,3975.800048828125,4168.60009765625,3903.365234375,6123
2019-09-12,4234.0,4286.64990234375,4175.0,4199.35009765625,3932.158935546875,4654
2019-09-13,4245.0,4245.0,4165.0,4201.89990234375,3934.54638671875,1802
2019-09-16,4244.89990234375,4244.89990234375,4105.0,4120.85009765625,3858.653564453125,2557
2019-09-17,4184.85009765625,4188.5,3951.0,3974.14990234375,3721.28759765625,3796
2019-09-18,3974.199951171875,4105.0,3961.75,4040.75,3783.650146484375,2483
2019-09-19,4057.199951171875,4090.050048828125,3945.0,3961.0,3708.97412109375,1650
2019-09-20,4015.5,4250.0,3954.949951171875,4137.39990234375,3874.150390625,24009
2019-09-23,4289.0,4444.0,4165.5,4415.25,4134.322265625,25859
2019-09-24,4415.25,4470.0,4308.2001953125,4366.89990234375,4089.048095703125,5898
2019-09-25,4370.0,4399.0,4320.7998046875,4341.39990234375,4065.170166015625,3234
2019-09-26,4369.9501953125,4470.0,4351.0,4428.14990234375,4146.40087890625,6036
2019-09-27,4448.0,4498.0,4415.0,4446.4501953125,4163.537109375,18006
2019-09-30,4446.5,4525.0,4446.5,4503.0,4216.48828125,12049
2019-10-01,4544.7998046875,4609.0,4356.64990234375,4454.2001953125,4170.7939453125,8222
2019-10-03,4429.75,4554.9501953125,4400.0,4428.60009765625,4146.82275390625,16106
2019-10-04,4396.14990234375,4530.0,4374.0,4392.85009765625,4113.34716796875,5302
2019-10-07,4393.9501953125,4590.0,4310.85009765625,4479.5498046875,4194.5302734375,8453
2019-10-09,4439.0,4530.0,4439.0,4518.0,4230.53369140625,6283
2019-10-10,4545.0,4545.0,4435.0,4487.75,4202.208984375,3387
2019-10-11,4451.25,4545.0,4415.39990234375,4520.25,4232.640625,4774
2019-10-14,4524.9501953125,4568.0,4462.0,4475.75,4190.97216796875,10280
2019-10-15,4475.7998046875,4520.0,4470.2998046875,4505.2001953125,4218.54833984375,6476
2019-10-16,4451.35009765625,4550.0,4450.10009765625,4536.7001953125,4248.04443359375,8397
2019-10-17,4549.9501953125,4665.0,4517.85009765625,4596.89990234375,4304.4140625,20616
2019-10-18,4598.0,4685.0,4580.0498046875,4641.60009765625,4346.27001953125,12166
2019-10-22,4720.0,4746.0,4550.0,4569.10009765625,4278.3828125,8569
2019-10-23,4572.0,4620.0,4470.14990234375,4555.10009765625,4265.2734375,10359
2019-10-24,4551.0498046875,4629.89990234375,4540.0,4567.25,4276.650390625,4313
2019-10-25,4514.7001953125,4629.0,4505.5,4547.35009765625,4258.01708984375,4213
2019-10-27,4549.5,4619.0,4549.5,4599.14990234375,4306.5205078125,2139
2019-10-29,4600.0,4615.0,4512.0498046875,4600.2001953125,4307.50390625,4290
2019-10-30,4565.85009765625,4615.0,4565.0,4575.39990234375,4284.2822265625,3306
2019-10-31,4531.10009765625,4625.0,4531.10009765625,4612.0,4318.55322265625,3967
2019-11-01,4586.35009765625,4620.0,4536.0498046875,4575.89990234375,4284.75,9294
2019-11-04,4597.39990234375,4723.85009765625,4580.0,4610.60009765625,4317.2421875,9610
2019-11-05,4612.89990234375,4725.0,4606.10009765625,4706.14990234375,4406.71240234375,6573
2019-11-06,4706.5498046875,4877.0,4620.2998046875,4810.5498046875,4504.47021484375,8054
2019-11-07,4840.0,4923.0,4821.0,4870.39990234375,4560.51220703125,6649
2019-11-08,4872.0,4950.0,4833.60009765625,4913.9501953125,4601.29150390625,5346
2019-11-11,4930.0,4949.0,4770.0,4794.7998046875,4489.72216796875,18449
2019-11-13,4802.0,4840.0,4730.0,4802.2001953125,4496.65087890625,5928
2019-11-14,4821.5498046875,4855.0498046875,4748.0,4821.4501953125,4514.67724609375,5320
2019-11-15,4844.9501953125,4855.0,4812.7998046875,4822.64990234375,4515.7998046875,3491
2019-11-18,4850.0,4859.0,4803.0,4844.7001953125,4536.447265625,1879
2019-11-19,4810.5498046875,4874.89990234375,4772.2998046875,4834.60009765625,4526.98974609375,3706
2019-11-20,4849.9501953125,4860.0,4790.0,4811.0498046875,4504.93798828125,2430
2019-11-21,4848.2998046875,4850.0,4753.0,4771.7001953125,4468.09228515625,3341
2019-11-22,4755.0,4814.7001953125,4692.64990234375,4731.89990234375,4430.82421875,2261
2019-11-25,4801.14990234375,4801.2001953125,4718.0498046875,4783.14990234375,4478.81298828125,4861
2019-11-26,4775.0498046875,4820.89990234375,4725.2001953125,4783.85009765625,4479.46923828125,3486
2019-11-27,4790.0498046875,4820.0,4759.9501953125,4804.39990234375,4498.71044921875,3073
2019-11-28,4825.89990234375,4838.0,4752.0,4777.60009765625,4473.61669921875,1396
2019-11-29,4789.5,4899.5,4727.5498046875,4742.7001953125,4440.93701171875,2677
2019-12-02,4742.7001953125,4751.9501953125,4625.0,4646.89990234375,4351.232421875,4983
2019-12-03,4650.0,4678.0,4601.10009765625,4617.35009765625,4323.5625,1714
2019-12-04,4610.10009765625,4689.89990234375,4512.39990234375,4553.0,4263.30712890625,6728
2019-12-05,4533.2998046875,4555.14990234375,4356.2001953125,4394.35009765625,4114.751953125,12363
2019-12-06,4420.0,4545.0,4401.0,4468.2001953125,4183.90283203125,3647
2019-12-09,4468.35009765625,4545.0,4350.2001953125,4479.5498046875,4194.5302734375,15405
2019-12-10,4480.0,4514.89990234375,4401.10009765625,4426.35009765625,4144.7158203125,963
2019-12-11,4426.2998046875,4464.0,4395.0,4404.2001953125,4123.97509765625,3432
2019-12-12,4400.0498046875,4480.0,4381.14990234375,4458.35009765625,4174.67919921875,4652
2019-12-13,4430.85009765625,4571.35009765625,4409.0,4512.39990234375,4225.291015625,4048
2019-12-16,4530.0,4553.75,4363.25,4408.85009765625,4128.3291015625,3339
2019-12-17,4408.60009765625,4449.0,4371.14990234375,4434.0498046875,4151.92529296875,6049
2019-12-18,4428.5498046875,4524.60009765625,4395.0498046875,4489.2998046875,4203.66015625,3052
2019-12-19,4534.5498046875,4545.0,4470.0,4486.2998046875,4200.8505859375,2944
2019-12-20,4472.10009765625,4472.10009765625,4350.0,4374.5,4096.1650390625,4712
2019-12-23,4394.9501953125,4495.0,4365.2001953125,4480.14990234375,4195.09228515625,2837
2019-12-24,4485.89990234375,4485.9501953125,4400.2998046875,4432.4501953125,4150.42724609375,3607
2019-12-26,4471.0,4500.0,4410.0,4427.7001953125,4145.9794921875,7559
2019-12-27,4440.0,4473.0,4408.85009765625,4446.5498046875,4163.6298828125,1886
2019-12-30,4446.5498046875,4520.0,4411.0,4426.10009765625,4144.4814453125,6144
2019-12-31,4428.0,4484.89990234375,4406.7001953125,4449.14990234375,4166.064453125,5299
2020-01-01,4458.0,4468.0,4411.14990234375,4440.7998046875,4158.24560546875,1452
2020-01-02,4474.0,4490.10009765625,4428.89990234375,4458.0498046875,4174.3984375,3648
2020-01-03,4449.9501953125,4455.0,4431.60009765625,4445.64990234375,4162.78759765625,802
2020-01-06,4435.0498046875,4442.0498046875,4252.60009765625,4280.10009765625,4007.771484375,3421
2020-01-07,4300.0,4395.0,4300.0,4348.7001953125,4072.006591796875,929
2020-01-08,4325.89990234375,4415.0,4320.0,4352.75,4075.798583984375,3423
2020-01-09,4352.75,4403.0,4352.75,4367.4501953125,4089.5634765625,1543
2020-01-10,4350.0,4400.0,4350.0,4368.60009765625,4090.640380859375,651
2020-01-13,4399.4501953125,4399.7998046875,4309.9501953125,4329.85009765625,4054.35546875,2063
2020-01-14,4335.0,4340.0,4305.0,4316.7998046875,4042.1357421875,1304
2020-01-15,4367.25,4380.0,4315.10009765625,4324.2001953125,4049.065185546875,976
2020-01-16,4394.9501953125,4395.0,4290.0,4306.0498046875,4032.06982421875,948
2020-01-17,4300.10009765625,4374.9501953125,4300.10009765625,4333.39990234375,4057.678955078125,3099
2020-01-20,4320.0,4350.0,4310.0,4334.0498046875,4058.288330078125,3767
2020-01-21,4379.9501953125,4379.9501953125,4302.25,4329.5,4054.02783203125,5864
2020-01-22,4337.25,4370.0,4310.0,4346.2001953125,4069.665283203125,1330
2020-01-23,4374.9501953125,4395.0,4315.0,4332.5498046875,4056.8837890625,1271
2020-01-24,4374.0,4386.0498046875,4340.0,4359.9501953125,4082.540283203125,1297
2020-01-27,4390.0,4394.5,4240.0,4255.39990234375,3984.642333984375,4518
2020-01-28,4260.0,4295.0,4240.0,4261.75,3990.588134765625,3793
2020-01-29,4308.60009765625,4450.0,4280.0,4417.89990234375,4136.802734375,6239
2020-01-30,4411.0498046875,4450.0,4315.14990234375,4353.39990234375,4076.407470703125,2094
2020-01-31,4375.0,4394.0,4325.0498046875,4366.10009765625,4088.298583984375,940
2020-02-03,4299.0,4475.0498046875,4298.35009765625,4372.2001953125,4094.0107421875,6741
2020-02-04,4370.0,4447.85009765625,4312.35009765625,4368.0,4090.077880859375,43136
2020-02-05,4392.0,4500.0,4375.89990234375,4436.0498046875,4153.7978515625,5382
2020-02-06,4427.10009765625,4538.0,4427.10009765625,4518.7998046875,4231.283203125,4814
2020-02-07,4535.0,4579.14990234375,4501.0498046875,4519.10009765625,4231.56396484375,1944
2020-02-10,4525.0,4600.0,4525.0,4578.9501953125,4287.6064453125,4308
2020-02-11,4620.0,4650.0,4609.60009765625,4640.10009765625,4344.865234375,1756
2020-02-12,4650.0,4713.7998046875,4642.0498046875,4702.4501953125,4403.24853515625,3442
2020-02-13,4737.9501953125,4799.0,4703.4501953125,4771.14990234375,4467.5771484375,3067
2020-02-14,4725.0,4800.0,4724.89990234375,4785.9501953125,4481.435546875,2925
2020-02-17,4785.9501953125,4830.0,4715.10009765625,4806.64990234375,4500.818359375,5746
2020-02-18,4806.64990234375,4833.2001953125,4651.2001953125,4666.4501953125,4369.5390625,3616
2020-02-19,4621.0,4767.60009765625,4621.0,4732.25,4431.15234375,4690
2020-02-20,4701.60009765625,4775.0,4701.60009765625,4727.4501953125,4426.65771484375,3659
2020-02-24,4757.4501953125,4774.7998046875,4610.0,4633.7998046875,4338.9658203125,3162
2020-02-25,4600.10009765625,4643.75,4585.10009765625,4610.64990234375,4317.2890625,1566
2020-02-26,4610.64990234375,4629.0,4553.0,4557.60009765625,4267.6142578125,1638
2020-02-27,4550.0,4627.7001953125,4484.0,4543.9501953125,4254.8330078125,808
2020-02-28,4500.9501953125,4500.9501953125,4210.14990234375,4279.39990234375,4007.115478515625,6196
2020-03-02,4300.0498046875,4448.85009765625,4201.10009765625,4265.2001953125,3993.8193359375,3875
2020-03-03,4379.64990234375,4444.0,4211.0,4231.75,4009.499755859375,3215
2020-03-04,4296.7001953125,4375.0,4104.85009765625,4269.7001953125,4045.456787109375,4822
2020-03-05,4325.0,4329.89990234375,4201.35009765625,4249.64990234375,4026.45947265625,2519
2020-03-06,4127.0,4179.9501953125,4002.35009765625,4044.10009765625,3831.705322265625,5675
2020-03-09,4096.64990234375,4096.7001953125,3753.64990234375,3820.050048828125,3619.42236328125,4761
2020-03-11,3818.0,3898.85009765625,3751.199951171875,3776.35009765625,3578.017578125,4772
2020-03-12,3700.0,3700.449951171875,3185.0,3211.800048828125,3043.1171875,25705
2020-03-13,3115.0,3375.949951171875,2700.0,3293.60009765625,3120.621337890625,13277
2020-03-16,3276.0,3276.0,3114.5,3144.0,2978.878173828125,5127
2020-03-17,3120.0,3224.699951171875,3055.5,3159.300048828125,2993.37451171875,4815
2020-03-18,3196.64990234375,3293.60009765625,2679.949951171875,2784.300048828125,2638.069580078125,13708
2020-03-19,2800.0,2800.0,2302.300048828125,2417.14990234375,2290.2021484375,24944
2020-03-20,2417.14990234375,2570.050048828125,2410.0,2493.14990234375,2362.21044921875,8924
2020-03-23,2250.0,2380.449951171875,2243.85009765625,2243.85009765625,2126.00390625,3618
2020-03-24,2280.0,2335.0,2019.5,2021.949951171875,1915.7576904296875,10881
2020-03-25,2020.0,2038.0,1819.800048828125,1920.3499755859375,1819.4937744140625,18376
2020-03-26,1997.050048828125,2112.35009765625,1900.050048828125,2112.35009765625,2001.41015625,9914
2020-03-27,2270.0,2323.550048828125,2126.0,2166.0,2052.242431640625,13303
2020-03-30,2160.0,2160.0,2000.0,2020.6500244140625,1914.526123046875,10673
2020-03-31,2060.050048828125,2215.0,1825.1500244140625,2050.449951171875,1942.760986328125,15048
2020-04-01,2011.0,2098.0,2010.050048828125,2076.64990234375,1967.5848388671875,4286
2020-04-03,2092.0,2149.0,2056.0,2092.85009765625,1982.934326171875,3438
2020-04-07,2072.0,2209.949951171875,2072.0,2198.64990234375,2083.177490234375,5250
2020-04-08,2200.0,2347.89990234375,2155.60009765625,2249.550048828125,2131.404296875,6712
2020-04-09,2290.0,2349.0,2275.0,2328.0,2205.734130859375,6093
2020-04-13,2335.0,2415.0,2242.199951171875,2254.75,2136.331298828125,3734
2020-04-15,2322.949951171875,2322.949951171875,2218.0,2248.10009765625,2130.030517578125,16949
2020-04-16,2246.0,2246.0,2080.0,2118.300048828125,2007.0477294921875,10802
2020-04-17,2170.0,2245.0,2122.449951171875,2146.5,2033.7666015625,16970
2020-04-20,2180.0,2198.949951171875,2091.050048828125,2116.35009765625,2005.2000732421875,7209
2020-04-21,2100.0,2100.0,1987.8499755859375,1995.9000244140625,1891.075927734375,11003
2020-04-22,1995.9000244140625,2095.0,1961.0999755859375,2059.550048828125,1951.383056640625,5082
2020-04-23,2134.949951171875,2134.949951171875,2030.050048828125,2048.60009765625,1941.00830078125,7411
2020-04-24,2040.0,2040.0,1937.75,1946.4000244140625,1844.17578125,11512
2020-04-27,1950.050048828125,2007.449951171875,1930.199951171875,2000.0,1894.960693359375,9545
2020-04-28,2009.0,2149.0,1994.0999755859375,2117.800048828125,2006.573974609375,9002
2020-04-29,2148.0,2269.0,2120.0,2210.949951171875,2094.83154296875,14073
2020-04-30,2230.050048828125,2315.0,2230.050048828125,2247.75,2129.698974609375,12674
2020-05-04,2130.050048828125,2199.949951171875,2023.0,2041.5999755859375,1934.375732421875,10614
2020-05-05,2051.85009765625,2106.699951171875,1993.550048828125,2002.1500244140625,1896.9976806640625,6013
2020-05-06,2002.050048828125,2050.0,1973.449951171875,2037.25,1930.2542724609375,18446
2020-05-07,2079.0,2079.0,2000.0,2013.300048828125,1907.562255859375,2647
2020-05-08,2035.0,2089.949951171875,1970.0,1990.25,1885.7227783203125,4481
2020-05-11,2000.199951171875,2022.0,1990.0,1997.300048828125,1892.4024658203125,3066
2020-05-12,1980.050048828125,2007.300048828125,1970.0,1988.3499755859375,1883.9224853515625,4462
2020-05-13,2064.0,2111.85009765625,2025.0,2058.5,1950.38818359375,4041
2020-05-14,2025.0,2068.800048828125,2016.050048828125,2035.949951171875,1929.0224609375,2398
2020-05-15,2016.050048828125,2037.4000244140625,1990.0,1995.6500244140625,1890.839111328125,3317
2020-05-18,1999.0,1999.0,1862.0,1870.449951171875,1772.2144775390625,11327
2020-05-19,1918.8499755859375,1999.0,1850.0,1883.9000244140625,1784.9581298828125,16972
2020-05-20,1920.0,1945.0,1889.1500244140625,1911.199951171875,1810.8243408203125,9158
2020-05-21,1914.0,1988.0,1850.0,1891.300048828125,1791.969482421875,14696
2020-05-22,1890.0,1917.0,1852.1500244140625,1884.550048828125,1785.5740966796875,9595
2020-05-26,1885.4000244140625,1895.0,1854.050048828125,1855.699951171875,1758.2392578125,7179
2020-05-27,1865.0,1923.699951171875,1831.699951171875,1906.4000244140625,1806.2764892578125,9249
2020-05-28,1915.949951171875,1948.0,1896.5,1918.449951171875,1817.6934814453125,6200
2020-05-29,1879.3499755859375,1935.0,1813.0,1840.9000244140625,1744.216552734375,45546
2020-06-01,1873.800048828125,2024.949951171875,1873.800048828125,2015.800048828125,1909.9307861328125,37495
2020-06-02,2025.0,2217.35009765625,2015.800048828125,2217.35009765625,2100.8955078125,34374
2020-06-03,2399.0,2439.050048828125,2330.0,2360.050048828125,2236.10107421875,60412
2020-06-04,2425.0,2489.0,2235.0,2285.050048828125,2165.0400390625,30127
2020-06-05,2290.0,2400.0,2273.0,2376.449951171875,2251.6396484375,24726
2020-06-08,2489.0,2588.0,2467.300048828125,2508.699951171875,2376.94384765625,60492
2020-06-09,2550.0,2569.949951171875,2430.0,2456.300048828125,2327.2958984375,20706
2020-06-10,2478.0,2492.35009765625,2381.949951171875,2412.449951171875,2285.748779296875,20225
2020-06-11,2415.0,2415.0,2301.39990234375,2312.550048828125,2191.095703125,12569
2020-06-12,2205.0,2444.0,2135.75,2418.85009765625,2291.81298828125,25302
2020-06-15,2400.0,2400.0,2308.050048828125,2341.35009765625,2218.383056640625,11805
2020-06-16,2380.0,2440.75,2285.050048828125,2332.550048828125,2210.045166015625,14567
2020-06-17,2280.050048828125,2370.0,2280.050048828125,2315.800048828125,2194.175048828125,10399
2020-06-18,2304.25,2400.0,2304.10009765625,2376.60009765625,2251.78173828125,11307
2020-06-19,2401.0,2500.0,2380.0,2472.14990234375,2342.3134765625,38862
2020-06-22,2525.0,2599.0,2510.5,2525.35009765625,2392.719482421875,50818
2020-06-23,2540.0,2650.0,2540.0,2640.10009765625,2501.44287109375,35044
2020-06-24,2700.0,2750.0,2555.5,2589.949951171875,2453.926513671875,45518
2020-06-25,2575.0,2589.199951171875,2516.10009765625,2571.89990234375,2436.824462890625,36945
2020-06-26,2590.0,2625.0,2571.0,2602.64990234375,2465.95947265625,16994
2020-06-29,2600.0,2600.0,2501.0,2551.14990234375,2417.164306640625,20626
2020-06-30,2555.0,2580.0,2481.199951171875,2504.550048828125,2373.011962890625,11025
2020-07-01,2504.550048828125,2558.14990234375,2498.0,2534.0,2400.915283203125,21046
2020-07-02,2550.0,2569.89990234375,2510.0,2521.050048828125,2388.645263671875,14692
2020-07-03,2532.949951171875,2549.0,2512.0,2545.75,2412.0478515625,11993
2020-07-06,2548.0,2677.0,2548.0,2637.300048828125,2498.7900390625,26913
2020-07-07,2671.0,3164.75,2650.0,3062.0,2901.18505859375,165456
2020-07-08,3085.0,3380.0,3085.0,3149.14990234375,2983.757568359375,136269
2020-07-09,3189.0,3301.449951171875,3180.0,3241.0,3070.78369140625,41350
2020-07-10,3202.0,3232.75,3150.0,3181.35009765625,3014.266845703125,15202
2020-07-13,3268.949951171875,3280.0,2934.800048828125,3086.64990234375,2924.5400390625,12825
2020-07-14,3099.800048828125,3099.800048828125,2970.0,2998.449951171875,2840.972412109375,11146
2020-07-15,3000.0,3150.0,3000.0,3038.85009765625,2879.250732421875,9426
2020-07-16,3038.85009765625,3090.0,2969.949951171875,3034.25,2874.892333984375,5609
2020-07-17,3058.0,3088.0,3019.949951171875,3051.60009765625,2891.3310546875,7348
2020-07-20,3115.0,3300.0,3080.10009765625,3236.050048828125,3066.09375,18110
2020-07-21,3156.0,3325.0,3142.0,3158.75,2992.853515625,33739
2020-07-22,3200.0,3224.5,3068.64990234375,3095.300048828125,2932.73583984375,17665
2020-07-23,3140.949951171875,3178.0,3098.75,3118.14990234375,2954.3857421875,9640
2020-07-24,3108.0,3134.949951171875,3063.0,3086.699951171875,2924.58740234375,6674
2020-07-27,3040.0,3140.0,3025.0,3056.39990234375,2895.878662109375,12006
2020-07-28,3040.0,3097.0,3026.050048828125,3075.199951171875,2913.69140625,8704
2020-07-29,3096.949951171875,3125.0,3040.0,3051.14990234375,2890.904541015625,8082
2020-07-30,3060.0,3091.14990234375,2917.10009765625,2996.64990234375,2839.266845703125,5585
2020-07-31,2996.64990234375,3015.699951171875,2972.0,3004.300048828125,2846.51513671875,8215
2020-08-03,3015.0,3015.0,2951.050048828125,2973.199951171875,2817.048583984375,4454
2020-08-04,2973.199951171875,2997.699951171875,2956.5,2962.85009765625,2807.2421875,3962
2020-08-05,2989.949951171875,3069.75,2965.10009765625,3042.0,2882.235107421875,11371
2020-08-06,3068.0,3095.0,2991.0,3048.0,2887.919921875,6904
2020-08-07,3050.0,3149.89990234375,3046.0,3121.699951171875,2957.749267578125,11739
2020-08-10,3150.0,3182.449951171875,3075.300048828125,3105.60009765625,2942.494873046875,11788
2020-08-11,3105.60009765625,3138.0,3006.0,3039.050048828125,2879.440185546875,10612
2020-08-12,3035.0,3058.0,3001.050048828125,3026.85009765625,2867.881103515625,3291
2020-08-13,3047.949951171875,3047.949951171875,2973.800048828125,2997.199951171875,2839.787841796875,9772
2020-08-14,3019.949951171875,3019.949951171875,2975.10009765625,2984.050048828125,2827.32861328125,5069
2020-08-17,2983.0,3029.0,2983.0,3014.0,2855.705810546875,3877
2020-08-18,3014.0,3041.550048828125,2991.0,2999.949951171875,2842.393798828125,4446
2020-08-19,3000.0,3073.949951171875,2999.050048828125,3003.85009765625,2846.0888671875,8103
2020-08-20,2973.050048828125,3039.0,2969.0,3012.10009765625,2853.90576171875,3166
2020-08-21,3020.0,3069.0,3006.0,3016.35009765625,2857.932373046875,6325
2020-08-24,3037.0,3070.0,3006.050048828125,3030.35009765625,2871.197021484375,14815
2020-08-25,3059.0,3250.0,3012.14990234375,3198.199951171875,3030.231689453125,38848
2020-08-26,3220.0,3318.949951171875,3205.0,3229.050048828125,3059.46142578125,30951
2020-08-27,3268.0,3268.0,3149.949951171875,3174.85009765625,3008.108154296875,22249
2020-08-28,3182.0,3219.0,3110.0,3135.35009765625,2970.682373046875,11377
2020-08-31,3155.0,3200.0,2965.550048828125,3046.300048828125,2886.309326171875,13119
2020-09-01,3011.0,3149.0,3002.25,3085.550048828125,2923.497802734375,7883
2020-09-02,3050.0,3111.85009765625,3040.0,3081.5,2919.66064453125,3908
2020-09-03,3108.949951171875,3138.300048828125,3036.0,3119.199951171875,2955.380615234375,4267
2020-09-04,3052.050048828125,3093.89990234375,3021.550048828125,3035.35009765625,2875.9345703125,4642
2020-09-07,3001.300048828125,3084.85009765625,2981.5,2995.64990234375,2838.3193359375,5028
2020-09-08,3010.0,3037.949951171875,2982.10009765625,2984.25,2827.51806640625,3945
2020-09-09,2952.0,2984.0,2840.0,2877.89990234375,2726.753662109375,8668
2020-09-10,2895.0,2969.0,2895.0,2919.199951171875,2765.884521484375,4725
2020-09-11,2891.050048828125,2950.0,2891.0,2923.39990234375,2769.864013671875,2136
2020-09-14,2974.949951171875,3019.949951171875,2926.0,2941.75,2787.250244140625,7631
2020-09-15,2941.75,3065.0,2925.050048828125,3021.39990234375,2862.717041015625,8150
2020-09-16,3021.199951171875,3059.949951171875,3014.050048828125,3028.800048828125,2869.728515625,5650
2020-09-17,3030.050048828125,3053.550048828125,3014.5,3023.35009765625,2864.564697265625,4233
2020-09-18,3050.0,3075.0,3021.39990234375,3056.949951171875,2896.399658203125,6638
2020-09-21,3080.0,3080.0,3021.39990234375,3022.64990234375,2863.901123046875,9805
2020-09-22,3000.0,3000.0,2857.800048828125,2897.0,2744.850341796875,5837
2020-09-23,2890.0,2950.0,2835.699951171875,2867.300048828125,2716.71044921875,4052
2020-09-24,2820.0,2820.14990234375,2737.050048828125,2767.60009765625,2622.24658203125,3603
2020-09-25,2810.75,2880.0,2767.050048828125,2871.85009765625,2721.021484375,4077
2020-09-28,2949.0,2988.85009765625,2902.0,2972.10009765625,2816.00634765625,2258
2020-09-29,2992.85009765625,2992.85009765625,2851.0,2880.25,2728.980224609375,3770
2020-09-30,2877.0,2903.10009765625,2850.0,2856.39990234375,2706.3828125,2391
2020-10-01,2875.0,3133.0,2875.0,3084.449951171875,2922.45556640625,17819
2020-10-05,3118.800048828125,3128.0,2950.0,2963.64990234375,2808.0,17617
2020-10-06,2975.0,3012.75,2935.10009765625,2976.14990234375,2819.843505859375,7266
2020-10-07,2972.050048828125,2982.0,2921.10009765625,2930.449951171875,2776.543701171875,3837
2020-10-08,2965.0,2969.10009765625,2901.5,2920.10009765625,2766.7373046875,2463
2020-10-09,2922.0,2967.449951171875,2894.60009765625,2903.39990234375,2750.9140625,4426
2020-10-12,2925.699951171875,2935.0,2875.75,2884.199951171875,2732.722900390625,2439
2020-10-13,2887.050048828125,2905.0,2857.0,2873.550048828125,2722.632080078125,2141
2020-10-14,2851.0,2910.0,2832.0,2889.449951171875,2737.697021484375,3040
2020-10-15,2910.0,2914.85009765625,2850.0,2852.449951171875,2702.640380859375,3640
2020-10-16,2870.0,2897.449951171875,2848.0,2875.25,2724.242919921875,2844
2020-10-19,2880.050048828125,2927.550048828125,2871.699951171875,2887.0,2735.375732421875,2470
2020-10-20,2887.0,2928.0,2860.0,2872.89990234375,2722.01611328125,4690
2020-10-21,2855.050048828125,2893.85009765625,2815.10009765625,2843.800048828125,2694.4443359375,3405
2020-10-22,2840.0,2900.0,2836.0,2859.89990234375,2709.698974609375,2730
2020-10-23,2859.949951171875,2900.0,2846.0,2854.39990234375,2704.488037109375,4639
2020-10-26,2854.39990234375,2865.0,2809.699951171875,2821.10009765625,2672.93701171875,2418
2020-10-27,2829.85009765625,2888.5,2806.75,2877.89990234375,2726.753662109375,2704
2020-10-28,2877.89990234375,2940.0,2818.64990234375,2832.949951171875,2684.16455078125,3271
2020-10-29,2833.0,2849.949951171875,2805.0,2827.14990234375,2678.6689453125,1515
2020-10-30,2829.050048828125,2847.949951171875,2750.0,2788.300048828125,2641.859619140625,3725
2020-11-02,2782.050048828125,2839.0,2751.0,2795.60009765625,2648.77587890625,3041
2020-11-03,2810.0,2863.89990234375,2810.0,2823.75,2675.447509765625,2088
2020-11-04,2822.0,2884.89990234375,2820.300048828125,2861.050048828125,2710.78857421875,1799
2020-11-05,2880.0,2955.0,2830.0,2937.949951171875,2783.649658203125,7381
2020-11-06,2948.0,3080.0,2924.60009765625,3064.949951171875,2903.97998046875,14681
2020-11-09,3064.949951171875,3110.0,3012.35009765625,3072.800048828125,2911.41748046875,9059
2020-11-10,3070.0,3252.0,3048.14990234375,3211.449951171875,3042.785400390625,31759
2020-11-11,3248.10009765625,3300.0,3161.0,3273.85009765625,3101.908447265625,23095
2020-11-12,3273.85009765625,3298.10009765625,3230.050048828125,3261.5,3090.20703125,5179
2020-11-13,3274.0,3539.89990234375,3266.0,3493.85009765625,3310.354248046875,23434
2020-11-14,3550.0,3599.75,3504.949951171875,3560.89990234375,3373.8828125,6962
2020-11-17,3571.0,3823.10009765625,3571.0,3744.14990234375,3547.508544921875,24152
2020-11-18,3780.0,3910.0,3761.0,3824.300048828125,3623.44921875,23078
2020-11-19,3840.0,3941.0,3689.949951171875,3714.300048828125,3519.226318359375,21862
2020-11-20,3744.050048828125,3862.89990234375,3708.0,3820.199951171875,3619.564208984375,11676
2020-11-23,3859.0,3981.800048828125,3859.0,3957.0,3749.179443359375,14819
2020-11-24,4009.949951171875,4009.949951171875,3847.800048828125,3874.25,3670.775634765625,9018
2020-11-25,3910.0,3920.300048828125,3751.0,3773.050048828125,3574.890869140625,7160
2020-11-26,3717.800048828125,3792.35009765625,3645.449951171875,3772.800048828125,3574.65380859375,7311
2020-11-27,3787.0,3860.0,3715.050048828125,3834.550048828125,3633.160888671875,5575
2020-12-01,3834.550048828125,3839.10009765625,3670.0,3683.39990234375,3489.94873046875,22632
2020-12-02,3690.0,3739.949951171875,3643.25,3650.25,3458.540283203125,9640
2020-12-03,3730.0,3730.0,3626.300048828125,3639.800048828125,3448.63916015625,13409
2020-12-04,3695.0,3708.949951171875,3626.300048828125,3649.25,3457.592529296875,13462
2020-12-07,3649.25,3675.0,3628.0,3646.10009765625,3454.608154296875,5273
2020-12-08,3603.10009765625,3690.0,3603.10009765625,3632.699951171875,3441.91162109375,5121
2020-12-09,3620.0,3633.5,3580.050048828125,3606.89990234375,3417.466552734375,10635
2020-12-10,3600.0,3662.0,3541.10009765625,3633.25,3442.432861328125,10097
2020-12-11,3658.0,3705.0,3601.199951171875,3627.800048828125,3437.269287109375,8456
2020-12-14,3645.0,3650.0,3600.0,3609.699951171875,3420.11962890625,4045
2020-12-15,3615.0,3782.10009765625,3600.699951171875,3768.699951171875,3570.76904296875,14041
2020-12-16,3849.0,3849.0,3781.25,3830.5,3629.323486328125,17386
2020-12-17,3840.0,3945.0,3755.0,3901.89990234375,3696.973388671875,12808
2020-12-18,3900.0,3900.0,3805.5,3846.35009765625,3644.3408203125,3640
2020-12-21,3849.0,3850.0,3510.0,3678.85009765625,3485.637939453125,7626
2020-12-22,3631.0,3696.949951171875,3503.64990234375,3655.39990234375,3463.41943359375,9922
2020-12-23,3679.0,3755.0,3660.0,3668.89990234375,3476.21044921875,6030
2020-12-24,3687.25,3765.0,3687.25,3731.800048828125,3535.80712890625,4521
2020-12-28,3755.0,3885.0,3745.0,3848.60009765625,3646.472900390625,6921
2020-12-29,3865.0,3899.949951171875,3750.050048828125,3774.39990234375,3576.169921875,4330
2020-12-30,3793.300048828125,3887.800048828125,3728.0,3847.64990234375,3645.57275390625,9180
2020-12-31,3855.0,3901.800048828125,3760.35009765625,3794.25,3594.977294921875,6067
2021-01-01,3799.0,3837.050048828125,3748.60009765625,3806.050048828125,3606.157470703125,6600
2021-01-04,3839.89990234375,3898.89990234375,3796.050048828125,3820.60009765625,3619.943603515625,5746
2021-01-05,3830.0,3839.75,3758.0,3776.699951171875,3578.3486328125,3100
2021-01-06,3778.0,3815.0,3725.0,3739.75,3543.339599609375,4277
2021-01-07,3748.0,3809.85009765625,3700.0,3724.699951171875,3529.079833984375,6160
2021-01-08,3743.35009765625,3784.0,3691.85009765625,3735.550048828125,3539.360107421875,7375
2021-01-11,3754.25,3784.0,3683.449951171875,3694.0,3499.992431640625,5357
2021-01-12,3675.0,3724.449951171875,3641.050048828125,3681.35009765625,3488.0068359375,7727
2021-01-13,3687.949951171875,3744.89990234375,3660.0,3674.10009765625,3481.1376953125,4525
2021-01-14,3671.85009765625,3722.10009765625,3660.0,3679.64990234375,3486.39599609375,2732
2021-01-15,3720.0,3720.0,3622.64990234375,3652.60009765625,3460.7666015625,2855
2021-01-18,3687.85009765625,3725.0,3531.0,3550.5,3364.02880859375,5467
2021-01-19,3568.300048828125,3648.0,3560.300048828125,3585.550048828125,3397.238037109375,8201
2021-01-20,3586.0,3687.050048828125,3565.0,3627.050048828125,3436.55859375,10531
2021-01-21,3642.0,3825.0,3641.949951171875,3726.800048828125,3531.069580078125,23078
2021-01-22,3745.449951171875,3940.0,3738.10009765625,3801.050048828125,3601.419921875,41988
2021-01-25,3858.10009765625,3878.0,3711.10009765625,3778.300048828125,3579.86474609375,10555
2021-01-27,3800.0,3800.0,3625.0,3659.14990234375,3466.97265625,7883
2021-01-28,3665.60009765625,3713.75,3602.0,3617.14990234375,3427.17822265625,3154
2021-01-29,3605.0,3699.0,3575.050048828125,3604.25,3414.955810546875,5214
2021-02-01,3576.14990234375,3820.0,3550.050048828125,3762.199951171875,3564.6103515625,10658
2021-02-02,3825.0,4399.9501953125,3802.0,3835.550048828125,3634.108154296875,31225
2021-02-03,3900.0,3930.0,3740.0,3764.300048828125,3566.60009765625,15615
2021-02-04,3782.89990234375,3870.949951171875,3774.949951171875,3845.64990234375,3643.677490234375,7582
2021-02-05,3890.0,3972.5,3831.0,3859.39990234375,3656.70556640625,12157
2021-02-08,3878.64990234375,3965.0,3870.85009765625,3911.800048828125,3706.353515625,11306
2021-02-09,3970.0,3970.0,3865.0,3869.25,3666.038330078125,4886
2021-02-10,3887.0,3925.0,3884.949951171875,3890.300048828125,3685.98291015625,5184
2021-02-11,3890.35009765625,3949.0,3860.10009765625,3901.550048828125,3696.64208984375,6279
2021-02-12,3866.300048828125,3920.25,3830.050048828125,3846.14990234375,3644.151123046875,5653
2021-02-15,3865.0,3935.75,3858.85009765625,3906.39990234375,3701.237060546875,11920
2021-02-16,3885.0,3938.25,3874.949951171875,3917.39990234375,3711.6591796875,6269
2021-02-17,3919.0,3940.050048828125,3850.0,3889.199951171875,3684.940673828125,4068
2021-02-18,3891.10009765625,3900.0,3815.050048828125,3838.449951171875,3636.85595703125,2166
2021-02-19,3859.0,3859.0,3752.89990234375,3784.800048828125,3586.023681640625,4874
2021-02-22,3800.0,3820.0,3660.050048828125,3674.449951171875,3481.46875,6386
2021-02-23,3691.0,3725.35009765625,3683.35009765625,3699.14990234375,3504.87158203125,5647
2021-02-24,3717.64990234375,3750.0,3688.64990234375,3715.85009765625,3520.69482421875,2295
2021-02-25,3750.0,3790.0,3735.0,3742.0,3545.47119140625,4875
2021-02-26,3742.0,3760.0,3640.39990234375,3671.0,3478.2001953125,4060
2021-03-01,3750.0,3781.39990234375,3660.0,3676.300048828125,3483.221923828125,4323
2021-03-02,3708.0,3741.64990234375,3650.0,3686.89990234375,3493.265380859375,7097
2021-03-03,3719.0,3729.5,3686.89990234375,3705.25,3510.6513671875,10857
2021-03-04,3699.89990234375,3743.14990234375,3639.050048828125,3691.39990234375,3497.52880859375,9058
2021-03-05,3690.0,3779.949951171875,3651.699951171875,3703.75,3509.230224609375,7379
2021-03-08,3703.75,3749.699951171875,3646.0,3668.800048828125,3476.115966796875,5898
2021-03-09,3700.0,3711.89990234375,3669.0,3679.5,3486.254150390625,2352
2021-03-10,3740.0,3740.0,3668.449951171875,3676.25,3483.174560546875,2541
2021-03-12,3730.0,3730.0,3661.0,3697.64990234375,3503.450439453125,4217
2021-03-15,3730.64990234375,3730.64990234375,3614.949951171875,3630.35009765625,3439.685546875,10420
2021-03-16,3613.0,3690.0,3613.0,3661.10009765625,3468.820556640625,16178
2021-03-17,3662.85009765625,3699.0,3442.0,3540.050048828125,3354.127685546875,4289
2021-03-18,3593.800048828125,3620.10009765625,3459.25,3602.14990234375,3412.966064453125,6771
2021-03-19,3600.0,3672.75,3547.25,3640.25,3449.065185546875,8391
2021-03-22,3650.050048828125,3687.449951171875,3580.0,3640.5,3449.302001953125,4262
2021-03-23,3699.949951171875,3715.0,3661.5,3687.75,3494.070556640625,8941
2021-03-24,3709.0,3729.449951171875,3635.0,3653.050048828125,3461.19287109375,4993
2021-03-25,3672.300048828125,3686.89990234375,3593.64990234375,3607.35009765625,3417.893310546875,5672
2021-03-26,3590.0,3702.0,3353.949951171875,3519.050048828125,3334.230712890625,17679
2021-03-30,3537.60009765625,3603.10009765625,3490.0,3579.800048828125,3391.7900390625,6231
2021-03-31,3594.949951171875,3594.949951171875,3547.550048828125,3567.550048828125,3380.18359375,5754
2021-04-01,3565.0,3649.0,3565.0,3604.949951171875,3415.619140625,2982
2021-04-05,3630.0,3630.0,3445.64990234375,3467.89990234375,3285.76708984375,11769
2021-04-06,3485.10009765625,3559.89990234375,3447.050048828125,3552.949951171875,3366.35009765625,6209
2021-04-07,3571.60009765625,3600.0,3557.14990234375,3595.14990234375,3406.333740234375,2109
2021-04-08,3614.10009765625,3616.949951171875,3592.85009765625,3602.949951171875,3413.724365234375,3272
2021-04-09,3590.10009765625,3620.0,3501.0,3527.10009765625,3341.858154296875,5166
2021-04-12,3527.10009765625,3527.10009765625,3310.0,3359.14990234375,3182.728515625,7668
2021-04-13,3375.949951171875,3508.949951171875,3375.949951171875,3496.0,3312.391357421875,4541
2021-04-15,3490.0,3490.0,3398.0,3461.14990234375,3279.371337890625,6332
2021-04-16,3479.39990234375,3529.550048828125,3408.35009765625,3471.10009765625,3288.799072265625,5982
2021-04-19,3425.0,3425.050048828125,3275.0,3349.800048828125,3173.86962890625,12077
2021-04-20,3350.0,3429.89990234375,3309.050048828125,3367.10009765625,3190.26123046875,14893
2021-04-22,3325.0,3420.0,3325.0,3402.199951171875,3223.517333984375,10289
2021-04-23,3469.949951171875,3474.0,3349.25,3425.5,3245.59375,5877
2021-04-26,3443.5,3539.89990234375,3410.0,3454.0,3272.59716796875,6152
2021-04-27,3469.5,3535.050048828125,3445.0,3465.89990234375,3283.8720703125,10916
2021-04-28,3480.0,3665.0,3361.14990234375,3638.550048828125,3447.454345703125,14998
2021-04-29,3695.0,3695.0,3601.85009765625,3665.89990234375,3473.367919921875,9489
2021-04-30,3691.89990234375,3691.89990234375,3569.449951171875,3595.800048828125,3406.949951171875,3476
2021-05-03,3610.0,3610.0,3516.0,3534.60009765625,3348.964111328125,5436
2021-05-04,3538.0,3595.0,3538.0,3576.5,3388.663330078125,27017
2021-05-05,3619.0,3624.949951171875,3533.60009765625,3554.35009765625,3367.6767578125,1644
2021-05-06,3588.0,3588.0,3529.949951171875,3537.050048828125,3351.285400390625,3898
2021-05-07,3534.449951171875,3570.0,3519.14990234375,3541.949951171875,3355.927734375,3596
2021-05-10,3541.949951171875,3568.949951171875,3505.25,3520.050048828125,3335.17822265625,4114
2021-05-11,3501.050048828125,3517.85009765625,3480.0,3486.75,3303.626953125,4359
2021-05-12,3480.0,3501.60009765625,3451.10009765625,3456.14990234375,3274.634033203125,3087
2021-05-14,3460.0,3499.89990234375,3368.550048828125,3377.10009765625,3199.73583984375,8163
2021-05-17,3370.14990234375,3468.0,3370.14990234375,3401.699951171875,3223.043701171875,6221
2021-05-18,3418.75,3600.0,3410.0,3538.35009765625,3352.516845703125,26690
2021-05-19,3559.89990234375,3589.89990234375,3530.0,3566.300048828125,3378.999267578125,4204
2021-05-20,3597.89990234375,3632.199951171875,3526.5,3540.10009765625,3354.175048828125,2686
2021-05-21,3548.800048828125,3603.14990234375,3533.14990234375,3567.89990234375,3380.51513671875,5269
2021-05-24,3530.35009765625,3600.0,3530.35009765625,3586.199951171875,3397.853759765625,5106
2021-05-25,3600.0,3600.0,3535.0,3547.199951171875,3360.902099609375,1807
2021-05-26,3564.0,3840.0,3555.10009765625,3779.300048828125,3580.8125,33461
2021-05-27,3806.89990234375,3899.0,3735.0,3765.699951171875,3567.926513671875,21904
2021-05-28,3858.89990234375,3870.10009765625,3701.14990234375,3735.75,3539.549560546875,9455
2021-05-31,3735.75,3800.0,3718.0,3734.64990234375,3538.50732421875,6869
2021-06-01,3787.85009765625,3811.449951171875,3705.10009765625,3750.0,3553.05126953125,4427
2021-06-02,3765.0,3782.949951171875,3742.050048828125,3761.39990234375,3563.852294921875,3957
2021-06-03,3761.39990234375,3850.0,3761.39990234375,3798.60009765625,3599.098876953125,9733
2021-06-04,3819.64990234375,3899.0,3803.0,3878.10009765625,3674.42333984375,13105
2021-06-07,3900.0,3900.0,3844.85009765625,3889.35009765625,3685.082763671875,6619
2021-06-08,3889.0,3889.0,3832.64990234375,3851.60009765625,3649.3154296875,4744
2021-06-09,3870.89990234375,3876.60009765625,3702.14990234375,3762.699951171875,3565.083984375,5877
2021-06-10,3770.0,3885.0,3745.0,3849.35009765625,3647.18359375,9032
2021-06-11,3880.0,3950.0,3821.14990234375,3873.75,3670.302001953125,14012
2021-06-14,3897.0,3897.0,3790.0,3837.60009765625,3636.050537109375,4286
2021-06-15,3850.0,3897.0,3808.25,3812.199951171875,3611.984375,5205
2021-06-16,3825.0,3841.14990234375,3765.0,3800.39990234375,3600.80419921875,2194
2021-06-17,3783.949951171875,3800.0,3720.0,3729.14990234375,3533.29638671875,3885
2021-06-18,3744.85009765625,3775.0,3661.0,3689.949951171875,3496.1552734375,5349
2021-06-21,3660.0,3722.949951171875,3660.0,3690.699951171875,3496.86572265625,2513
2021-06-22,3709.199951171875,3770.10009765625,3699.949951171875,3742.5,3545.945068359375,2156
2021-06-23,3735.10009765625,3775.0,3700.0,3721.89990234375,3526.427001953125,3937
2021-06-24,3690.050048828125,3748.75,3690.050048828125,3733.050048828125,3536.9912109375,2612
2021-06-25,3751.75,3787.0,3738.25,3760.5,3563.0,3775
2021-06-28,3777.0,3820.0,3757.550048828125,3794.39990234375,3595.119140625,2842
2021-06-29,3777.0,3799.0,3720.0,3737.10009765625,3540.828857421875,2735
2021-06-30,3720.0,3755.0,3715.0,3734.10009765625,3537.986572265625,4281
2021-07-01,3746.75,3788.35009765625,3721.300048828125,3770.199951171875,3572.1904296875,4429
2021-07-02,3775.050048828125,3847.0,3775.050048828125,3800.64990234375,3601.040771484375,6695
2021-07-05,3848.0,3850.0,3788.35009765625,3799.949951171875,3600.3779296875,4473
2021-07-06,3810.0,3895.0,3802.0,3828.5,3627.428466796875,11357
2021-07-07,3850.0,3899.0,3843.0,3873.60009765625,3670.159912109375,8513
2021-07-08,3863.300048828125,3875.0,3800.25,3813.75,3660.705078125,4048
2021-07-09,3813.800048828125,3829.949951171875,3729.0,3736.75,3586.794921875,6426
2021-07-12,3739.949951171875,3771.550048828125,3681.0,3700.449951171875,3551.95166015625,9660
2021-07-13,3705.0,3802.0,3705.0,3782.949951171875,3631.140869140625,6225
2021-07-14,3803.0,3824.949951171875,3761.0,3797.0,3644.627197265625,8074
2021-07-15,3805.0,3810.050048828125,3727.14990234375,3735.60009765625,3585.69140625,3005
2021-07-16,3701.050048828125,3825.0,3701.0,3809.25,3656.385498046875,6287
2021-07-19,3791.0,3850.0,3779.0,3789.699951171875,3637.619873046875,3434
2021-07-20,3770.0,3804.949951171875,3701.25,3736.699951171875,3586.7470703125,2261
2021-07-22,3775.0,3829.0,3743.300048828125,3822.14990234375,3668.767822265625,7267
2021-07-23,3822.0,4140.0,3811.89990234375,4028.35009765625,3866.693359375,83894
2021-07-26,4131.9501953125,4250.0,4125.0,4165.64990234375,3998.483154296875,57644
2021-07-27,4239.0,4243.0,4080.0,4104.10009765625,3939.4033203125,17638
2021-07-28,4104.10009765625,4319.75,4044.75,4077.10009765625,3913.48681640625,15690
2021-07-29,4119.89990234375,4254.0,4065.60009765625,4245.60009765625,4075.224853515625,17257
2021-07-30,4259.0,4298.0,4160.0,4221.5,4052.092041015625,8842
2021-08-02,4221.5,4299.4501953125,4171.0498046875,4242.4501953125,4072.20166015625,16008
2021-08-03,4212.4501953125,4299.0,4192.2998046875,4287.2001953125,4115.15576171875,11216
2021-08-04,4287.2001953125,4379.9501953125,4287.2001953125,4348.5,4173.99560546875,19351
2021-08-05,4351.0498046875,4379.0,4200.0,4252.75,4082.087890625,7886
2021-08-06,4259.0,4323.0498046875,4200.25,4215.0498046875,4045.900634765625,3397
2021-08-09,4300.0,4300.0,4017.0,4042.85009765625,3880.611328125,8494
2021-08-10,4050.0,4108.9501953125,3862.0,3888.39990234375,3732.359130859375,11569
2021-08-11,3959.0,3959.0,3742.050048828125,3843.050048828125,3688.829345703125,11399
2021-08-12,3830.0,4564.9501953125,3830.0,4486.9501953125,4306.8896484375,219424
2021-08-13,4400.0,4670.0,4300.0,4382.4501953125,4206.58349609375,161229
2021-08-16,4450.0,4487.75,4347.5,4438.4501953125,4260.3359375,30365
2021-08-17,4438.4501953125,4465.0,4352.7001953125,4389.35009765625,4213.20654296875,12373
2021-08-18,4399.9501953125,4500.0,4350.0,4365.14990234375,4189.97705078125,16577
2021-08-20,4305.0,4459.9501953125,4270.0,4373.25,4197.75244140625,18844
2021-08-23,4395.14990234375,4411.0,4110.0,4170.7998046875,4003.426513671875,12330
2021-08-24,4120.0,4370.0,4070.300048828125,4307.75,4134.880859375,32726
2021-08-25,4400.0,4400.0,4225.0,4287.2998046875,4115.25146484375,11740
2021-08-26,4309.89990234375,4364.0,4275.0,4295.7998046875,4123.41015625,6840
2021-08-27,4317.25,4373.9501953125,4285.75,4352.2001953125,4177.546875,5638
2021-08-30,4347.75,4473.0,4345.5498046875,4410.64990234375,4233.6513671875,8819
2021-08-31,4400.0,4672.0,4377.75,4622.4501953125,4436.9521484375,41385
2021-09-01,4619.2001953125,4730.9501953125,4545.0,4572.4501953125,4388.95849609375,17742
2021-09-02,4595.35009765625,4630.5,4500.0,4512.25,4331.17431640625,7124
2021-09-03,4525.0,4615.0,4512.25,4560.35009765625,4377.34423828125,6204
2021-09-06,4565.0,4649.9501953125,4500.0,4542.0498046875,4359.77783203125,12725
2021-09-07,4550.10009765625,4600.0,4520.0498046875,4536.25,4354.21142578125,4154
2021-09-08,4558.89990234375,4586.89990234375,4535.0,4537.7001953125,4355.60302734375,3930
2021-09-09,4558.9501953125,4559.0,4425.0,4458.4501953125,4279.533203125,6125
2021-09-13,4458.4501953125,4468.9501953125,4428.9501953125,4446.75,4268.30322265625,7706
2021-09-14,4450.7998046875,4530.0,4425.0,4449.7998046875,4271.23046875,10197
2021-09-15,4449.7998046875,4466.35009765625,4387.5498046875,4417.2998046875,4240.03466796875,7327
2021-09-16,4439.0,4439.0,4376.0498046875,4391.5498046875,4215.31787109375,5358
2021-09-17,4409.85009765625,4549.0,4389.35009765625,4431.75,4253.90478515625,40334
2021-09-20,4431.75,4579.14990234375,4406.4501953125,4493.9501953125,4313.60888671875,27114
2021-09-21,4455.0498046875,4680.0,4455.0498046875,4651.10009765625,4464.4521484375,22250
2021-09-22,4675.0,4802.4501953125,4561.5498046875,4600.60009765625,4415.978515625,24241
2021-09-23,4659.85009765625,4843.0,4625.0,4726.85009765625,4537.162109375,22355
2021-09-24,4798.0,4799.0,4670.0,4680.25,4492.4326171875,6626
2021-09-27,4757.0,4779.89990234375,4630.0,4748.64990234375,4558.08740234375,9503
2021-09-28,4777.0,4878.7998046875,4690.0498046875,4729.5498046875,4539.75390625,15125
2021-09-29,4753.0,4753.0,4526.0,4598.2998046875,4413.77099609375,10698
2021-09-30,4601.0,4680.0,4601.0,4653.9501953125,4467.18798828125,3770
2021-10-01,4648.60009765625,4695.0,4616.5,4672.60009765625,4485.08984375,3707
2021-10-04,4699.9501953125,4780.0,4662.5,4733.10009765625,4543.16162109375,5177
2021-10-05,4681.0,4806.0,4679.85009765625,4694.75,4506.3505859375,7069
2021-10-06,4699.0,4786.0,4655.0,4695.5498046875,4507.1181640625,4894
2021-10-07,4701.7998046875,4775.0,4690.0,4705.2998046875,4516.47705078125,3138
2021-10-08,4748.0,4748.0,4688.75,4700.14990234375,4511.5341796875,2253
2021-10-11,4700.14990234375,4769.0,4681.0498046875,4709.75,4520.74853515625,3770
2021-10-12,4717.85009765625,4808.9501953125,4662.5,4730.60009765625,4540.76171875,6968
2021-10-13,4754.2998046875,4880.0,4754.2998046875,4814.64990234375,4621.43896484375,6945
2021-10-14,4849.39990234375,4879.9501953125,4739.9501953125,4751.89990234375,4561.20703125,4813
2021-10-18,4775.7001953125,4859.35009765625,4751.89990234375,4771.35009765625,4579.87646484375,4878
2021-10-19,4771.89990234375,5050.0,4675.0,4760.14990234375,4569.1259765625,18502
2021-10-20,4799.9501953125,4811.0,4625.0,4677.7001953125,4489.98486328125,7078
2021-10-21,4700.0,4704.85009765625,4600.0,4649.35009765625,4462.7724609375,3344
2021-10-22,4658.2998046875,4735.0,4593.7998046875,4626.2998046875,4440.64697265625,6433
2021-10-25,4649.4501953125,4650.0,4452.0,4507.5,4326.615234375,5494
2021-10-26,4585.0,4650.0,4472.5498046875,4549.10009765625,4366.5458984375,8358
2021-10-27,4549.10009765625,4637.0,4515.0498046875,4530.4501953125,4348.64404296875,3861
2021-10-28,4575.9501953125,4576.0498046875,4401.0,4434.89990234375,4256.92822265625,5931
2021-10-29,4442.35009765625,4517.0,4337.14990234375,4413.75,4236.626953125,7356
2021-11-01,4446.0,4446.0,4325.0,4339.64990234375,4165.5009765625,9928
2021-11-02,4361.2998046875,4380.0,4321.0,4331.5498046875,4157.7255859375,3541
2021-11-03,4334.10009765625,4465.85009765625,4334.10009765625,4354.7001953125,4179.94677734375,3070
2021-11-04,4395.0,4416.9501953125,4305.10009765625,4372.2001953125,4196.74462890625,1331
2021-11-08,4340.10009765625,4420.0,4332.0498046875,4377.75,4202.07177734375,6999
2021-11-09,4409.9501953125,4444.75,4400.0,4424.14990234375,4246.60986328125,4220
2021-11-10,4425.0,4444.5,4398.85009765625,4435.7001953125,4257.6962890625,2282
2021-11-11,4455.9501953125,4487.9501953125,4425.0,4446.64990234375,4268.20654296875,3908
2021-11-12,4446.64990234375,4510.0498046875,4425.0,4436.85009765625,4258.80029296875,3911
2021-11-15,4499.9501953125,4505.0,4405.5498046875,4425.2998046875,4247.71337890625,4222
2021-11-16,4425.39990234375,4450.0,4366.0,4399.64990234375,4223.0927734375,2034
2021-11-17,4421.60009765625,4450.0,4367.89990234375,4378.75,4203.03173828125,3437
2021-11-18,4389.5498046875,4391.9501953125,4335.10009765625,4347.5498046875,4173.08349609375,2999
2021-11-22,4347.60009765625,4356.60009765625,4146.9501953125,4161.35009765625,3994.35595703125,8693
2021-11-23,4100.0,4237.0,4068.050048828125,4223.4501953125,4053.964111328125,2069
2021-11-24,4223.4501953125,4275.0498046875,4115.0498046875,4182.7998046875,4014.94482421875,4319
2021-11-25,4125.0,4200.0,4125.0,4193.75,4025.455810546875,1134
2021-11-26,4180.35009765625,4193.9501953125,4090.0,4104.39990234375,3939.691162109375,4323
2021-11-29,4085.10009765625,4170.89990234375,3985.10009765625,4093.25,3928.988525390625,5053
2021-11-30,4086.35009765625,4250.0,3960.0,4126.14990234375,3960.568359375,4049
2021-12-01,4122.5498046875,4280.0,4121.0,4238.0498046875,4067.9775390625,5526
2021-12-02,4280.0,4314.75,4204.0,4278.0,4106.32470703125,13607
2021-12-03,4299.39990234375,4303.2998046875,4247.85009765625,4276.4501953125,4104.8369140625,22350
2021-12-06,4299.9501953125,4309.7998046875,4224.9501953125,4238.7001953125,4068.60205078125,3378
2021-12-07,4259.85009765625,4289.9501953125,4216.85009765625,4243.0498046875,4072.77734375,6064
2021-12-08,4217.85009765625,4307.7001953125,4217.85009765625,4293.2998046875,4121.01025390625,5875
2021-12-09,4279.60009765625,4325.0,4235.0498046875,4253.60009765625,4082.90380859375,5634
2021-12-10,4279.9501953125,4303.0,4225.7998046875,4292.4501953125,4120.19482421875,5564
2021-12-13,4299.89990234375,4320.0,4229.9501953125,4235.5498046875,4065.578125,4596
2021-12-14,4256.75,4279.9501953125,4158.10009765625,4250.89990234375,4080.31201171875,3341
2021-12-15,4250.7998046875,4259.5498046875,4040.0,4064.85009765625,3901.728515625,9118
2021-12-16,4129.9501953125,4129.9501953125,3999.0,4048.60009765625,3886.130615234375,11642
2021-12-17,4013.199951171875,4049.949951171875,4013.199951171875,4017.89990234375,3856.662353515625,2469
2021-12-20,4021.0,4021.0,3789.550048828125,3820.60009765625,3667.2802734375,9233
2021-12-21,3801.0,3932.050048828125,3790.0,3807.75,3654.94580078125,6545
2021-12-22,3819.949951171875,3897.0,3772.39990234375,3830.0,3676.302978515625,8081
2021-12-23,3849.14990234375,3865.35009765625,3775.0,3781.85009765625,3630.085205078125,26917
2021-12-24,3791.0,3809.89990234375,3695.0,3756.199951171875,3605.46435546875,32668
2021-12-27,3775.0,3821.0,3735.300048828125,3767.75,3616.55078125,24094
2021-12-28,3780.0,3818.0,3760.35009765625,3783.5,3631.6689453125,19998
2021-12-29,3785.0,3830.199951171875,3705.0,3714.199951171875,3565.149658203125,18188
2021-12-30,3769.89990234375,3794.949951171875,3730.10009765625,3787.050048828125,3635.076416015625,5441
2021-12-31,3796.949951171875,3834.949951171875,3770.0,3794.75,3642.467529296875,7507
2022-01-03,3819.949951171875,3836.199951171875,3780.0,3804.64990234375,3651.97021484375,12831
2022-01-04,3835.0,3847.449951171875,3801.14990234375,3812.0,3659.025146484375,6902
2022-01-05,3848.39990234375,3905.0,3839.050048828125,3872.800048828125,3717.385498046875,49418
2022-01-06,3872.800048828125,3988.0,3851.0,3978.300048828125,3818.651611328125,31383
2022-01-07,3985.0,4035.0,3960.0,3996.14990234375,3835.78515625,19042
2022-01-10,4044.0,4089.89990234375,3999.0,4008.5,3847.6396484375,18771
2022-01-11,4049.39990234375,4050.0,3986.050048828125,3999.800048828125,3839.288818359375,9749
2022-01-12,4047.0,4050.0,3990.0,3999.199951171875,3838.712890625,8266
2022-01-13,4001.0,4022.0,3985.0,3999.60009765625,3839.096923828125,5748
2022-01-14,4000.0,4019.0,3981.0,3995.699951171875,3835.353271484375,38076
2022-01-17,4033.89990234375,4064.949951171875,4000.0,4010.75,3849.79931640625,40736
2022-01-18,4022.0,4032.35009765625,3985.64990234375,4009.64990234375,3848.743408203125,22086
2022-01-19,4049.0,4075.0,3960.0,3995.35009765625,3835.017333984375,23925
2022-01-20,3996.0,4010.0,3928.300048828125,3954.14990234375,3795.470458984375,7015
2022-01-21,3954.14990234375,3973.0,3777.300048828125,3814.64990234375,3661.56884765625,9853
2022-01-24,3849.0,3849.0,3621.0,3645.050048828125,3498.77490234375,12882
2022-01-25,3663.300048828125,3685.0,3582.25,3644.699951171875,3498.43896484375,10828
2022-01-27,3645.0,3659.199951171875,3571.10009765625,3628.10009765625,3482.505126953125,9461
2022-01-28,3646.25,3704.35009765625,3609.75,3616.64990234375,3471.514404296875,5127
2022-01-31,3634.75,3720.64990234375,3634.75,3659.10009765625,3512.26123046875,7723
2022-02-01,3659.199951171875,3767.0,3659.199951171875,3692.64990234375,3544.464599609375,5098
2022-02-02,3700.0,3830.0,3694.800048828125,3804.050048828125,3651.394287109375,6712
2022-02-03,3804.050048828125,3840.0,3750.0,3763.199951171875,3612.183349609375,6301
2022-02-04,3774.550048828125,3774.550048828125,3687.14990234375,3695.35009765625,3547.056640625,5101
2022-02-07,3713.85009765625,3726.949951171875,3605.0,3620.550048828125,3475.258056640625,4162
2022-02-08,3638.0,3648.949951171875,3575.050048828125,3606.050048828125,3461.340087890625,4852
2022-02-09,3608.14990234375,3647.949951171875,3602.10009765625,3634.300048828125,3488.456298828125,7753
2022-02-10,3646.949951171875,3663.85009765625,3640.0,3652.39990234375,3505.829833984375,3893
2022-02-11,3551.0,3659.949951171875,3551.0,3649.60009765625,3503.142333984375,10184
2022-02-14,3629.0,3629.0,3553.0,3600.550048828125,3456.060791015625,17619
2022-02-15,3560.300048828125,3682.25,3560.300048828125,3648.199951171875,3501.798583984375,15451
2022-02-16,3647.5,3727.0,3647.5,3705.949951171875,3557.23095703125,21521
2022-02-17,3705.949951171875,3749.0,3701.949951171875,3724.5,3575.03662109375,8808
2022-02-18,3724.449951171875,3727.85009765625,3683.75,3705.800048828125,3557.087158203125,2435
2022-02-21,3651.0,3700.0,3535.0,3658.449951171875,3511.636962890625,3435
2022-02-22,3575.300048828125,3669.949951171875,3575.300048828125,3651.14990234375,3504.630126953125,16265
2022-02-23,3651.10009765625,3699.75,3645.199951171875,3654.0,3507.36572265625,3616
2022-02-24,3551.10009765625,3603.25,3409.199951171875,3481.949951171875,3342.219970703125,14221
2022-02-25,3499.39990234375,3615.0,3499.39990234375,3565.449951171875,3422.369140625,4794
2022-02-28,3565.449951171875,3565.449951171875,3459.550048828125,3516.800048828125,3375.671630859375,4568
2022-03-02,3534.39990234375,3534.449951171875,3440.39990234375,3466.25,3327.14990234375,3172
2022-03-03,3500.0,3515.050048828125,3465.050048828125,3499.75,3359.3056640625,6258
2022-03-04,3527.699951171875,3539.89990234375,3353.0,3414.550048828125,3277.524658203125,5749
2022-03-07,3411.0,3617.60009765625,3311.0,3432.75,3294.994384765625,12422
2022-03-08,3432.75,3432.75,3333.0,3377.35009765625,3241.817626953125,11676
2022-03-09,3366.300048828125,3434.14990234375,3325.0,3403.10009765625,3266.534423828125,16944
2022-03-10,3429.89990234375,3706.0,3385.0,3401.85009765625,3265.334716796875,12860
2022-03-11,3414.0,3440.39990234375,3389.25,3409.14990234375,3272.34130859375,57470
2022-03-14,3450.949951171875,3450.949951171875,3405.199951171875,3431.949951171875,3294.226318359375,3526
2022-03-15,3439.699951171875,3446.949951171875,3372.550048828125,3394.60009765625,3258.37548828125,5775
2022-03-16,3407.800048828125,3440.0,3393.0,3415.800048828125,3278.724609375,6003
2022-03-17,3429.89990234375,3458.199951171875,3426.050048828125,3435.14990234375,3297.298095703125,10369
2022-03-21,3452.35009765625,3474.949951171875,3436.0,3455.39990234375,3316.735595703125,14126
2022-03-22,3451.0,3474.949951171875,3421.0,3454.60009765625,3315.9677734375,7300
2022-03-23,3471.0,3519.89990234375,3440.050048828125,3468.85009765625,3329.64599609375,7873
2022-03-24,3428.0,3501.0,3428.0,3468.25,3329.06982421875,3365
2022-03-25,3462.89990234375,3538.0,3462.89990234375,3494.050048828125,3353.83447265625,24031
2022-03-28,3492.949951171875,3636.64990234375,3490.0,3622.89990234375,3477.513671875,9827
2022-03-29,3636.0,3690.0,3601.10009765625,3608.699951171875,3463.883544921875,14333
2022-03-30,3626.75,3700.0,3626.75,3690.85009765625,3542.73681640625,6496
2022-03-31,3700.0,3719.89990234375,3654.949951171875,3678.60009765625,3530.978759765625,5112
2022-04-01,3697.0,3755.0,3669.14990234375,3730.35009765625,3580.65185546875,7121
2022-04-04,3749.0,3840.0,3710.10009765625,3731.35009765625,3581.61181640625,19312
2022-04-05,3772.39990234375,4025.0,3772.35009765625,3988.10009765625,3828.05859375,37948
2022-04-06,4024.0,4024.0,3930.050048828125,3943.25,3785.00830078125,7730
2022-04-07,3935.0,3943.5,3861.35009765625,3900.35009765625,3743.829833984375,10531
2022-04-08,3900.35009765625,3932.699951171875,3890.199951171875,3909.39990234375,3752.516357421875,6283
2022-04-11,3909.39990234375,3945.0,3897.0,3916.14990234375,3758.99560546875,8356
2022-04-12,3916.050048828125,3916.050048828125,3806.10009765625,3827.10009765625,3673.519287109375,5349
2022-04-13,3826.949951171875,3887.050048828125,3822.10009765625,3860.25,3705.3388671875,9658
2022-04-18,3879.60009765625,3879.60009765625,3816.050048828125,3829.10009765625,3675.439208984375,9257
2022-04-19,3835.0,3945.60009765625,3801.050048828125,3869.39990234375,3714.12158203125,6422
2022-04-20,3898.0,3918.0,3836.10009765625,3898.050048828125,3741.6220703125,16161
2022-04-21,3950.0,3980.550048828125,3911.25,3939.800048828125,3781.69677734375,4266
2022-04-22,3930.0,3970.0,3900.0,3950.050048828125,3791.53515625,4687
2022-04-25,3981.0,3981.0,3902.64990234375,3951.89990234375,3793.31103515625,5246
2022-04-26,3880.0,3974.0,3819.89990234375,3946.60009765625,3788.2236328125,12976
2022-04-27,3946.60009765625,3955.949951171875,3881.85009765625,3946.10009765625,3787.743896484375,9786
2022-04-28,3955.0,3978.0,3907.10009765625,3945.699951171875,3787.359619140625,7844
2022-04-29,3950.0,3977.64990234375,3851.0,3879.699951171875,3724.008544921875,3047
2022-05-02,3869.0,3869.0,3765.10009765625,3850.550048828125,3696.0283203125,8314
2022-05-04,3858.449951171875,3886.75,3818.89990234375,3839.25,3685.181640625,10999
2022-05-05,3858.39990234375,3894.5,3841.050048828125,3869.10009765625,3713.833740234375,7120
2022-05-06,3851.0,3851.0,3725.0,3755.5,3604.792724609375,3601
2022-05-09,3703.050048828125,3770.0,3679.199951171875,3691.550048828125,3543.408935546875,4607
2022-05-10,3710.050048828125,3739.89990234375,3550.0,3566.85009765625,3423.713134765625,4748
2022-05-11,3560.10009765625,3635.64990234375,3512.0,3608.199951171875,3463.403564453125,4082
2022-05-12,3588.199951171875,3599.0,3449.89990234375,3468.800048828125,3329.59765625,5630
2022-05-13,3499.89990234375,3499.89990234375,3369.14990234375,3391.14990234375,3255.063720703125,3903
2022-05-16,3398.300048828125,3600.0,3370.0,3450.89990234375,3312.415771484375,4395
2022-05-17,3422.199951171875,3599.0,3422.199951171875,3547.85009765625,3405.4755859375,3797
2022-05-18,3565.60009765625,3700.0,3524.75,3600.5,3456.0126953125,4546
2022-05-19,3618.0,3618.0,3482.10009765625,3534.800048828125,3392.94921875,4191
2022-05-20,3587.75,3769.89990234375,3560.800048828125,3711.64990234375,3562.7021484375,7845
2022-05-23,3730.25,3854.75,3712.0,3818.449951171875,3665.21630859375,5446
2022-05-24,3850.0,3871.050048828125,3750.0,3764.10009765625,3613.047607421875,2800
2022-05-25,3820.550048828125,3820.550048828125,3725.050048828125,3754.14990234375,3603.49658203125,5147
2022-05-26,3765.60009765625,3847.449951171875,3663.050048828125,3778.39990234375,3626.7734375,4121
2022-05-27,3778.39990234375,3823.199951171875,3775.0,3795.0,3642.707275390625,7556
2022-05-30,3814.0,3865.949951171875,3768.89990234375,3851.39990234375,3696.843994140625,6020
2022-05-31,3837.199951171875,3874.0,3820.0,3830.35009765625,3676.638916015625,9844
2022-06-01,3830.699951171875,3850.0,3803.0,3836.199951171875,3682.25390625,1381
2022-06-02,3836.199951171875,3916.699951171875,3800.0,3865.64990234375,3710.52197265625,2144
2022-06-03,3885.0,3910.0,3846.75,3890.949951171875,3734.806884765625,3232
2022-06-06,3900.0,3900.0,3859.0,3875.85009765625,3720.31298828125,2143
2022-06-07,3860.0,3886.800048828125,3812.14990234375,3822.949951171875,3669.53564453125,750
2022-06-08,3810.949951171875,3879.550048828125,3720.199951171875,3759.60009765625,3608.72802734375,2465
2022-06-09,3760.10009765625,3804.949951171875,3716.64990234375,3758.0,3607.1923828125,1691
2022-06-10,3787.0,3850.050048828125,3687.85009765625,3708.800048828125,3559.966796875,4539
2022-06-13,3697.25,3697.25,3500.0,3625.199951171875,3479.721435546875,5600
2022-06-14,3627.89990234375,3680.10009765625,3590.0,3598.60009765625,3454.18896484375,2852
2022-06-15,3700.0,3743.25,3630.10009765625,3724.64990234375,3575.1806640625,2370
2022-06-16,3743.300048828125,3788.0,3620.0,3624.64990234375,3479.193359375,4631
2022-06-17,3616.35009765625,3688.89990234375,3602.0,3669.550048828125,3522.291748046875,3199
2022-06-20,3652.0,3687.89990234375,3600.0,3606.75,3462.01171875,2558
2022-06-21,3591.199951171875,3724.949951171875,3591.199951171875,3702.64990234375,3554.063232421875,2677
2022-06-22,3721.199951171875,3721.199951171875,3604.949951171875,3639.35009765625,3493.3037109375,1101
2022-06-23,3657.550048828125,3743.199951171875,3621.10009765625,3648.25,3501.846435546875,1651
2022-06-24,3702.949951171875,3739.050048828125,3671.14990234375,3725.35009765625,3575.8525390625,3121
2022-06-27,3750.0,3781.14990234375,3702.5,3737.5,3587.514892578125,3423
2022-06-28,3750.5,3793.699951171875,3730.0,3749.39990234375,3598.937255859375,1742
2022-06-29,3768.14990234375,3768.14990234375,3716.550048828125,3721.050048828125,3571.72509765625,1444
2022-06-30,3686.0,3734.0,3646.64990234375,3695.699951171875,3625.33447265625,1466
2022-07-01,3622.050048828125,3695.0,3622.050048828125,3678.60009765625,3608.560302734375,1178
2022-07-04,3693.449951171875,3693.5,3648.10009765625,3660.449951171875,3590.755615234375,904
2022-07-05,3678.800048828125,3726.449951171875,3653.25,3679.89990234375,3609.835205078125,2378
2022-07-06,3698.050048828125,3788.0,3698.050048828125,3746.050048828125,3674.72607421875,2080
2022-07-07,3746.949951171875,3800.0,3710.0,3738.050048828125,3666.878173828125,2436
2022-07-08,3755.050048828125,3764.60009765625,3660.0,3720.0,3649.171875,2585
2022-07-11,3738.550048828125,3765.0,3672.0,3683.5,3613.366943359375,2411
2022-07-12,3680.89990234375,3724.949951171875,3649.949951171875,3682.75,3612.631103515625,1267
2022-07-13,3679.10009765625,3690.0,3595.75,3623.39990234375,3554.4111328125,1277
2022-07-14,3641.550048828125,3641.550048828125,3611.0,3628.64990234375,3559.56103515625,1078
2022-07-15,3632.199951171875,3676.0,3611.5,3669.89990234375,3600.025634765625,1094
2022-07-18,3663.699951171875,3713.0,3658.5,3701.0,3630.53369140625,2822
2022-07-19,3685.0,3710.0,3685.0,3698.64990234375,3628.228271484375,465
2022-07-20,3715.0,3750.0,3643.0,3683.050048828125,3612.925537109375,2362
2022-07-21,3683.10009765625,3728.0,3683.050048828125,3720.10009765625,3649.27001953125,1013
2022-07-22,3724.5,3744.949951171875,3709.0,3722.050048828125,3651.182861328125,781
2022-07-25,3688.0,3828.5,3675.0,3702.0,3631.5146484375,2284
2022-07-26,3708.35009765625,3781.449951171875,3685.60009765625,3740.199951171875,3668.9873046875,3257
2022-07-27,3781.449951171875,3781.449951171875,3690.0,3719.300048828125,3648.4853515625,2403
2022-07-28,3737.85009765625,3909.0,3737.85009765625,3881.050048828125,3807.155517578125,18158
2022-07-29,3900.5,3949.0,3868.949951171875,3910.199951171875,3835.75048828125,7200
2022-08-01,3911.0,3972.14990234375,3880.0,3958.75,3883.376220703125,8341
2022-08-02,3965.0,3985.0,3949.0,3976.35009765625,3900.64111328125,5328
2022-08-03,3950.0,3975.550048828125,3941.25,3950.449951171875,3875.234130859375,4666
2022-08-04,3925.0,3965.0,3853.75,3895.550048828125,3821.379638671875,5177
2022-08-05,3898.050048828125,4164.0,3884.60009765625,4071.75,3994.224609375,29400
2022-08-08,4125.0,4150.0,4071.85009765625,4118.2001953125,4039.79052734375,6716
2022-08-10,4101.0,4147.75,4070.0,4083.550048828125,4005.800048828125,4023
2022-08-11,4104.0,4139.0,4075.0,4092.300048828125,4014.383544921875,2613
2022-08-12,4112.7998046875,4112.7998046875,4065.050048828125,4086.75,4008.93896484375,2678
2022-08-16,4100.0,4151.5498046875,4044.60009765625,4107.25,4029.048828125,6541
2022-08-17,4120.0498046875,4225.0,4101.0,4145.5498046875,4066.619384765625,11744
2022-08-18,4125.0,4190.14990234375,4102.35009765625,4108.4501953125,4030.22607421875,4351
2022-08-19,4124.0498046875,4270.0,4103.10009765625,4246.9501953125,4166.0888671875,23048
2022-08-22,4249.0,4340.0,4150.0,4324.5498046875,4242.21142578125,14228
2022-08-23,4250.0,4389.7998046875,4250.0,4365.0498046875,4281.93994140625,13559
2022-08-24,4351.0498046875,4389.7998046875,4251.0,4260.89990234375,4179.77294921875,4478
2022-08-25,4324.85009765625,4324.85009765625,4215.5,4248.2998046875,4167.4130859375,4338
2022-08-26,4245.0,4284.0,4100.0,4125.89990234375,4047.343505859375,6689
2022-08-29,4100.0,4106.2001953125,4050.300048828125,4081.10009765625,4003.396728515625,2660
2022-08-30,4061.10009765625,4181.0,4061.10009765625,4155.0,4075.8896484375,8531
2022-09-01,4150.0,4173.7001953125,4091.0,4152.7001953125,4073.633544921875,7939
2022-09-02,4149.39990234375,4170.0,4132.10009765625,4156.7998046875,4077.655029296875,3993
2022-09-05,4177.60009765625,4505.0,4177.60009765625,4484.39990234375,4399.017578125,35343
2022-09-06,4445.0,4559.89990234375,4360.0,4493.0498046875,4407.5029296875,12151
2022-09-07,4407.0,4519.89990234375,4407.0,4502.5,4416.7734375,6741
2022-09-08,4476.0,4624.7001953125,4475.0,4588.39990234375,4501.03759765625,12198
2022-09-09,4588.39990234375,4670.0,4570.0,4647.14990234375,4558.6689453125,12256
2022-09-12,4647.14990234375,4647.14990234375,4553.0,4569.14990234375,4482.154296875,6679
2022-09-13,4569.2001953125,5254.0,4569.2001953125,5130.2998046875,5032.61962890625,119959
2022-09-14,5049.89990234375,5327.7001953125,4950.0,5225.64990234375,5126.154296875,89240
2022-09-15,5350.0,5443.0,5211.0,5270.2001953125,5169.8564453125,46977
2022-09-16,5300.0,5300.0,5015.0,5044.14990234375,4948.1103515625,23972
2022-09-19,5103.5,5385.0,5070.0,5325.35009765625,5223.95654296875,26051
2022-09-20,5400.0,5529.0,5256.14990234375,5332.9501953125,5231.41162109375,26092
2022-09-21,5335.0,5476.60009765625,5220.0498046875,5252.14990234375,5152.14990234375,15596
2022-09-22,5244.0,5244.0,5156.0,5180.0498046875,5180.0498046875,8885
2022-09-23,5180.0498046875,5213.5498046875,5085.0498046875,5132.7998046875,5132.7998046875,11059
2022-09-26,5031.0,5076.35009765625,4860.0,5000.0,5000.0,11387
2022-09-27,5050.0,5160.25,4963.85009765625,5084.5498046875,5084.5498046875,8654
2022-09-28,5000.0,5157.0,5000.0,5073.2001953125,5073.2001953125,4393
2022-09-29,5095.0,5130.0,4950.0,4976.5,4976.5,7411
2022-09-30,4988.85009765625,5100.0,4951.39990234375,4998.0498046875,4998.0498046875,6011
2022-10-03,4998.0498046875,5008.0,4900.0498046875,4925.9501953125,4925.9501953125,5435
2022-10-04,4950.60009765625,5045.0,4910.0,4967.0498046875,4967.0498046875,10633
2022-10-06,4968.0,5044.75,4950.0,4971.10009765625,4971.10009765625,5944
2022-10-07,4925.10009765625,5090.0,4925.10009765625,5053.7001953125,5053.7001953125,5860
2022-10-10,5044.9501953125,5110.0,4932.0498046875,5049.35009765625,5049.35009765625,5340
2022-10-11,5049.35009765625,5198.89990234375,5015.0498046875,5125.75,5125.75,12829
2022-10-12,5125.75,5125.75,4961.14990234375,4989.14990234375,4989.14990234375,4882
2022-10-13,4966.0,5059.0,4940.0498046875,4969.64990234375,4969.64990234375,3703
2022-10-14,4971.0498046875,5079.75,4971.0498046875,5010.9501953125,5010.9501953125,3085
2022-10-17,5000.0,5087.7998046875,5000.0,5013.2998046875,5013.2998046875,3082
2022-10-18,5063.4501953125,5125.75,5021.64990234375,5066.85009765625,5066.85009765625,4216
2022-10-19,5092.2001953125,5195.0,5013.2001953125,5078.10009765625,5078.10009765625,7828
2022-10-20,5148.0,5280.0,5078.10009765625,5186.4501953125,5186.4501953125,15920
2022-10-21,5264.25,5270.9501953125,5100.0,5156.75,5156.75,8456
2022-10-24,5270.0,5270.0,5160.14990234375,5229.5498046875,5229.5498046875,1735
2022-10-25,5126.10009765625,5281.0,5126.10009765625,5243.85009765625,5243.85009765625,4309
2022-10-27,5250.0,5344.0,5223.10009765625,5260.5498046875,5260.5498046875,5770
2022-10-28,5270.0,5285.10009765625,5200.14990234375,5220.85009765625,5220.85009765625,3901
2022-10-31,5320.0,5320.0,5221.0498046875,5258.0498046875,5258.0498046875,6042
2022-11-01,5299.0,5299.0,5124.7998046875,5139.4501953125,5139.4501953125,6817
2022-11-02,5199.0,5199.0,5081.0,5091.14990234375,5091.14990234375,4119
2022-11-03,5115.0,5200.0,5050.25,5165.2998046875,5165.2998046875,5099
2022-11-04,5165.2998046875,5224.64990234375,5105.0498046875,5144.5498046875,5144.5498046875,4754
2022-11-07,5219.89990234375,5227.4501953125,5152.60009765625,5192.89990234375,5192.89990234375,3738
2022-11-09,5160.10009765625,5280.75,5144.10009765625,5223.60009765625,5223.60009765625,3094
2022-11-10,5145.25,5320.0,5145.25,5263.2998046875,5263.2998046875,9902
2022-11-11,5320.0,5449.89990234375,5250.10009765625,5344.14990234375,5344.14990234375,10574
2022-11-14,5370.89990234375,5549.0,5296.60009765625,5502.85009765625,5502.85009765625,13259
2022-11-15,5550.0,5602.0,5301.0,5314.25,5314.25,18915
2022-11-16,5393.9501953125,5395.0,5280.5,5380.7001953125,5380.7001953125,9644
2022-11-17,5353.5,5480.0498046875,5350.0498046875,5417.0,5417.0,8446
2022-11-18,5360.0498046875,5434.9501953125,5331.0,5345.5,5345.5,3970
2022-11-21,5372.25,5465.0498046875,5312.5498046875,5363.7998046875,5363.7998046875,8467
2022-11-22,5309.0,5424.4501953125,5152.14990234375,5193.75,5193.75,8785
2022-11-23,5270.0,5270.0,5150.0,5169.9501953125,5169.9501953125,3832
2022-11-24,5200.0,5449.0,5150.14990234375,5365.89990234375,5365.89990234375,15095
2022-11-25,5335.0,5395.39990234375,5230.0,5247.64990234375,5247.64990234375,6085
2022-11-28,5205.0,5237.7001953125,5155.5498046875,5166.35009765625,5166.35009765625,7032
2022-11-29,5166.35009765625,5195.89990234375,4951.0,4974.75,4974.75,10964
2022-11-30,4990.0,5049.0,4891.0,4990.39990234375,4990.39990234375,55169
2022-12-01,4999.9501953125,4999.9501953125,4946.0,4978.0,4978.0,4849
2022-12-02,5002.7998046875,5002.7998046875,4922.4501953125,4956.60009765625,4956.60009765625,3340
2022-12-05,4994.0,5000.35009765625,4756.2001953125,4784.7001953125,4784.7001953125,14757
2022-12-06,4834.7001953125,4861.35009765625,4755.60009765625,4840.5,4840.5,4423
2022-12-07,4832.2998046875,4943.64990234375,4661.60009765625,4790.7998046875,4790.7998046875,8122
2022-12-08,4790.0,4854.4501953125,4776.75,4807.14990234375,4807.14990234375,4800
2022-12-09,4807.14990234375,4844.60009765625,4751.0,4776.89990234375,4776.89990234375,4371
2022-12-12,4729.14990234375,4869.75,4729.14990234375,4835.7001953125,4835.7001953125,6712
2022-12-13,4859.89990234375,4941.5,4810.0,4886.7001953125,4886.7001953125,8230
2022-12-14,4890.5498046875,4965.0,4890.14990234375,4920.35009765625,4920.35009765625,4212
2022-12-15,4920.39990234375,4945.0,4880.0,4892.25,4892.25,2113
2022-12-16,4893.64990234375,4934.9501953125,4870.0,4877.14990234375,4877.14990234375,3311
2022-12-19,4850.0,4897.89990234375,4831.5,4850.4501953125,4850.4501953125,1151
2022-12-20,4874.75,4909.0498046875,4797.0498046875,4811.39990234375,4811.39990234375,1576
2022-12-21,4828.25,4848.35009765625,4649.9501953125,4676.7998046875,4676.7998046875,5150
2022-12-22,4677.0498046875,4740.0,4551.0,4574.0498046875,4574.0498046875,4484
2022-12-23,4581.25,4591.7001953125,4405.0,4413.64990234375,4413.64990234375,7356
2022-12-26,4355.0498046875,4461.75,4355.0,4455.5,4455.5,3525
2022-12-27,4468.89990234375,4501.0,4425.75,4447.25,4447.25,2828
2022-12-28,4464.64990234375,4511.85009765625,4448.64990234375,4476.64990234375,4476.64990234375,1840
2022-12-29,4430.14990234375,4563.2001953125,4430.14990234375,4524.25,4524.25,2002
2022-12-30,4540.0498046875,4623.0,4525.7998046875,4607.10009765625,4607.10009765625,2591
2023-01-02,4607.10009765625,4722.0,4576.64990234375,4705.25,4705.25,4854
2023-01-03,4728.7998046875,4772.4501953125,4662.0498046875,4689.89990234375,4689.89990234375,3059
2023-01-04,4651.25,4684.64990234375,4630.0,4657.5,4657.5,2055
2023-01-05,4680.7998046875,4680.7998046875,4544.39990234375,4580.4501953125,4580.4501953125,4509
2023-01-06,4590.89990234375,4599.0,4444.0,4476.2998046875,4476.2998046875,5628
2023-01-09,4480.0498046875,4578.4501953125,4453.39990234375,4505.2998046875,4505.2998046875,6981
2023-01-10,4526.9501953125,4544.9501953125,4427.0,4444.2998046875,4444.2998046875,2520
2023-01-11,4442.7001953125,4507.9501953125,4433.10009765625,4452.25,4452.25,2953
2023-01-12,4451.0,4476.5498046875,4428.0498046875,4461.75,4461.75,4719
2023-01-13,4484.10009765625,4484.10009765625,4429.9501953125,4449.39990234375,4449.39990234375,1072
2023-01-16,4516.14990234375,4516.14990234375,4404.0,4434.85009765625,4434.85009765625,1265
2023-01-17,4457.0498046875,4491.9501953125,4446.75,4471.64990234375,4471.64990234375,2591
2023-01-18,4442.0,4488.9501953125,4442.0,4462.0498046875,4462.0498046875,3762
2023-01-19,4449.85009765625,4465.0,4439.9501953125,4446.75,4446.75,894
2023-01-20,4444.75,4480.0,4444.75,4462.60009765625,4462.60009765625,2643
2023-01-23,4425.2001953125,4481.39990234375,4405.0,4426.25,4426.25,2144
2023-01-24,4423.89990234375,4458.9501953125,4326.10009765625,4411.39990234375,4411.39990234375,3750
2023-01-25,4407.10009765625,4530.0498046875,4357.0498046875,4496.0,4496.0,3055
2023-01-27,4517.0,4517.0,4358.39990234375,4446.10009765625,4446.10009765625,3902
2023-01-30,4468.35009765625,4511.89990234375,4376.0498046875,4466.85009765625,4466.85009765625,3563
2023-01-31,4489.2001953125,4489.2001953125,4413.10009765625,4432.60009765625,4432.60009765625,2428
2023-02-01,4442.64990234375,4546.0,4383.64990234375,4465.2001953125,4465.2001953125,3272
2023-02-02,4466.2001953125,4509.9501953125,4429.5,4461.4501953125,4461.4501953125,2101
2023-02-03,4476.2001953125,4476.2001953125,4419.7998046875,4459.85009765625,4459.85009765625,2134
2023-02-06,4459.9501953125,4475.0,4426.0,4447.89990234375,4447.89990234375,1190
2023-02-07,4430.2001953125,4470.0,4430.2001953125,4466.39990234375,4466.39990234375,2278
2023-02-08,4439.25,4520.39990234375,4439.25,4497.60009765625,4497.60009765625,2835
2023-02-09,4455.0,4553.75,4455.0,4521.9501953125,4521.9501953125,2172
2023-02-10,4544.60009765625,4599.0,4524.14990234375,4579.7001953125,4579.7001953125,2377
2023-02-13,4642.0,4642.0,4538.89990234375,4622.2001953125,4622.2001953125,2616
2023-02-14,4575.2001953125,4630.0,4560.10009765625,4621.64990234375,4621.64990234375,2978
2023-02-15,4644.7998046875,4644.7998046875,4602.5498046875,4631.25,4631.25,1122
2023-02-16,4631.0,4654.2001953125,4584.0,4595.4501953125,4595.4501953125,1201
2023-02-17,4610.0498046875,4618.4501953125,4515.5,4571.39990234375,4571.39990234375,2097
2023-02-20,4572.0498046875,4585.9501953125,4502.0,4518.0,4518.0,1441
2023-02-21,4518.0,4575.9501953125,4501.14990234375,4516.5,4516.5,1953
2023-02-22,4505.5498046875,4538.9501953125,4489.7998046875,4507.64990234375,4507.64990234375,1797
2023-02-23,4503.10009765625,4554.5498046875,4500.0,4540.9501953125,4540.9501953125,4452
2023-02-24,4563.7001953125,4598.9501953125,4483.10009765625,4496.64990234375,4496.64990234375,1948
2023-02-27,4498.0,4498.0,4372.85009765625,4386.2001953125,4386.2001953125,1815
2023-02-28,4386.2001953125,4481.5,4351.0,4455.0,4455.0,1122
2023-03-01,4388.2001953125,4475.9501953125,4388.2001953125,4452.0498046875,4452.0498046875,911
2023-03-02,4466.0,4475.75,4430.0,4443.85009765625,4443.85009765625,824
2023-03-03,4442.89990234375,4514.89990234375,4433.85009765625,4478.7998046875,4478.7998046875,1331
2023-03-06,4501.2001953125,4527.10009765625,4378.5498046875,4485.10009765625,4485.10009765625,4947
2023-03-08,4529.4501953125,4558.89990234375,4406.2001953125,4537.10009765625,4537.10009765625,3143
2023-03-09,4537.0498046875,4566.60009765625,4510.0498046875,4517.89990234375,4517.89990234375,2287
2023-03-10,4517.9501953125,4517.9501953125,4439.0498046875,4449.75,4449.75,2311
2023-03-13,4449.75,4469.9501953125,4405.10009765625,4425.7001953125,4425.7001953125,1974
2023-03-14,4436.0498046875,4457.89990234375,4260.0,4298.39990234375,4298.39990234375,3448
2023-03-15,4319.85009765625,4343.9501953125,4276.0,4287.0,4287.0,1289
2023-03-16,4300.0,4307.9501953125,4196.75,4220.7998046875,4220.7998046875,8982
2023-03-17,4241.9501953125,4280.0498046875,4241.9501953125,4271.5,4271.5,2405
2023-03-20,4102.25,4305.0498046875,4102.25,4265.89990234375,4265.89990234375,2259
2023-03-21,4238.89990234375,4265.9501953125,4224.10009765625,4245.4501953125,4245.4501953125,1119
2023-03-22,4252.0,4283.85009765625,4135.5498046875,4190.25,4190.25,5040
2023-03-23,4159.0498046875,4219.89990234375,4152.10009765625,4189.10009765625,4189.10009765625,1814
2023-03-24,4200.0,4220.0,4115.0,4143.5,4143.5,3033
2023-03-27,4120.0,4170.0,4100.0498046875,4102.25,4102.25,7004
2023-03-28,4100.0,4248.60009765625,4072.0,4133.5498046875,4133.5498046875,5005
2023-03-29,4133.5498046875,4180.0,4110.0498046875,4174.35009765625,4174.35009765625,2755
2023-03-31,4150.0,4249.9501953125,4150.0,4233.35009765625,4233.35009765625,1090
2023-04-03,4202.0,4275.85009765625,4142.0,4205.35009765625,4205.35009765625,3090
2023-04-05,4226.39990234375,4290.0,4201.0498046875,4278.64990234375,4278.64990234375,1543
2023-04-06,4248.75,4399.0,4248.75,4387.89990234375,4387.89990234375,2099
2023-04-10,4409.85009765625,4419.89990234375,4364.0,4377.5,4377.5,1195
2023-04-11,4377.5498046875,4477.60009765625,4377.5,4469.7001953125,4469.7001953125,2345
2023-04-12,4451.10009765625,4499.0,4446.0498046875,4477.35009765625,4477.35009765625,1802
2023-04-13,4498.9501953125,4499.0,4410.0498046875,4450.89990234375,4450.89990234375,1008
