Date,Open,High,Low,Close,Adj Close,Volume
2010-08-25,12.199999809265137,20.0,11.699999809265137,18.489999771118164,17.79766845703125,616342000
2010-08-26,18.899999618530273,20.8700008392334,17.825000762939453,18.40999984741211,17.720661163330078,294707160
2010-08-27,18.020000457763672,22.094999313354492,17.31999969482422,21.5,20.694961547851562,205363000
2010-08-30,21.700000762939453,24.385000228881836,21.235000610351562,22.350000381469727,21.51313591003418,295539840
2010-08-31,21.604999542236328,21.989999771118164,20.200000762939453,21.579999923706055,20.7719669342041,164715860
2010-09-01,21.5,22.270000457763672,21.334999084472656,21.7450008392334,20.930789947509766,75548210
2010-09-02,21.850000381469727,22.549999237060547,19.799999237060547,20.40999984741211,19.64577293395996,81185360
2010-09-03,20.40999984741211,20.530000686645508,16.354999542236328,18.209999084472656,17.52815055847168,111386310
2010-09-06,15.880000114440918,17.280000686645508,15.109999656677246,16.940000534057617,16.30570411682129,115477300
2010-09-07,17.100000381469727,17.790000915527344,16.420000076293945,17.280000686645508,16.63297462463379,61026520
2010-09-08,16.709999084472656,16.829999923706055,15.899999618530273,16.219999313354492,15.612662315368652,47603380
2010-09-09,16.200000762939453,16.389999389648438,15.699999809265137,16.114999771118164,15.51159381866455,19245950
2010-09-13,16.299999237060547,16.625,15.279999732971191,15.664999961853027,15.078444480895996,16057110
2010-09-14,15.59000015258789,16.3799991607666,15.404999732971191,16.1200008392334,15.516409873962402,31672220
2010-09-15,15.899999618530273,16.184999465942383,15.619999885559082,15.710000038146973,15.121760368347168,9443420
2010-09-16,15.710000038146973,15.979999542236328,15.505000114440918,15.640000343322754,15.054381370544434,8344290
2010-09-17,15.699999809265137,15.774999618530273,15.40999984741211,15.545000076293945,14.962937355041504,4893780
2010-09-20,15.619999885559082,15.675000190734863,15.114999771118164,15.529999732971191,14.94849967956543,5535980
2010-09-21,15.600000381469727,15.6850004196167,15.005000114440918,15.114999771118164,14.549038887023926,4612240
2010-09-22,15.270000457763672,15.300000190734863,14.649999618530273,14.869999885559082,14.313212394714355,6935250
2010-09-23,14.899999618530273,14.899999618530273,14.399999618530273,14.5649995803833,14.019632339477539,3408260
2010-09-24,14.414999961853027,15.779999732971191,14.100000381469727,14.755000114440918,14.202519416809082,17251850
2010-09-27,15.0,15.180000305175781,14.354999542236328,14.470000267028809,13.928190231323242,5333490
2010-09-28,14.510000228881836,14.680000305175781,14.319999694824219,14.430000305175781,13.889688491821289,4113110
2010-09-29,14.479999542236328,14.5649995803833,14.149999618530273,14.199999809265137,13.66830062866211,3130250
2010-09-30,14.300000190734863,14.600000381469727,14.005000114440918,14.0600004196167,13.53354263305664,3875930
2010-10-01,14.100000381469727,14.244999885559082,14.005000114440918,14.079999923706055,13.552793502807617,4010460
2010-10-04,14.045000076293945,14.239999771118164,14.020000457763672,14.114999771118164,13.586482048034668,3158920
2010-10-05,14.100000381469727,14.475000381469727,14.010000228881836,14.170000076293945,13.639424324035645,2809800
2010-10-06,14.289999961853027,14.399999618530273,14.005000114440918,14.029999732971191,13.504666328430176,1568360
2010-10-07,14.055000305175781,14.244999885559082,13.890000343322754,14.015000343322754,13.490227699279785,1558280
2010-10-08,14.149999618530273,14.149999618530273,13.760000228881836,13.829999923706055,13.312153816223145,2300900
2010-10-11,13.989999771118164,14.125,13.609999656677246,13.770000457763672,13.254402160644531,1595480
2010-10-12,13.704999923706055,14.024999618530273,13.704999923706055,13.859999656677246,13.341031074523926,2889760
2010-10-13,13.989999771118164,14.140000343322754,13.720000267028809,13.880000114440918,13.360282897949219,1970250
2010-10-14,13.970000267028809,14.085000038146973,13.619999885559082,13.734999656677246,13.220710754394531,3264970
2010-10-15,13.84000015258789,14.0,13.649999618530273,13.725000381469727,13.211084365844727,1781130
2010-10-18,13.609999656677246,13.899999618530273,13.515000343322754,13.694999694824219,13.182209014892578,1200230
2010-10-19,13.805000305175781,16.290000915527344,13.609999656677246,15.489999771118164,14.909997940063477,21813080
2010-10-20,15.619999885559082,15.949999809265137,15.305000305175781,15.585000038146973,15.00144100189209,6126580
2010-10-21,15.664999961853027,15.994999885559082,15.350000381469727,15.600000381469727,15.01587963104248,5113170
2010-10-22,15.645000457763672,15.880000114440918,15.029999732971191,15.359999656677246,14.784865379333496,3003620
2010-10-25,15.569999694824219,15.75,15.319999694824219,15.5,14.919622421264648,2515270
2010-10-26,15.210000038146973,15.779999732971191,15.210000038146973,15.375,14.799304008483887,1554360
2010-10-27,15.470000267028809,15.470000267028809,15.125,15.265000343322754,14.6934232711792,1078430
2010-10-28,15.25,15.4350004196167,14.789999961853027,14.914999961853027,14.356526374816895,1243620
2010-10-29,14.800000190734863,15.095000267028809,14.520000457763672,15.015000343322754,14.452783584594727,1475840
2010-11-01,14.725000381469727,15.479999542236328,14.725000381469727,15.079999923706055,14.515349388122559,2067600
2010-11-02,14.800000190734863,15.699999809265137,14.789999961853027,15.395000457763672,14.818554878234863,2505850
2010-11-03,15.399999618530273,15.489999771118164,15.0,15.149999618530273,14.582728385925293,1680050
2010-11-04,15.010000228881836,15.149999618530273,14.710000038146973,14.835000038146973,14.279523849487305,854100
2010-11-08,15.069999694824219,15.399999618530273,15.069999694824219,15.21500015258789,14.645294189453125,1015920
2010-11-09,15.345000267028809,15.649999618530273,15.020000457763672,15.4350004196167,14.857057571411133,1862260
2010-11-10,15.359999656677246,15.850000381469727,15.039999961853027,15.135000228881836,14.568290710449219,2103010
2010-11-11,15.270000457763672,15.359999656677246,14.864999771118164,14.949999809265137,14.390217781066895,1421330
2010-11-12,15.09000015258789,15.350000381469727,14.75,15.069999694824219,14.505724906921387,1366450
2010-11-15,14.864999771118164,17.489999771118164,14.864999771118164,17.114999771118164,16.474153518676758,33556230
2010-11-16,17.200000762939453,18.579999923706055,16.100000381469727,16.235000610351562,15.627103805541992,44181860
2010-11-18,16.5,17.200000762939453,15.800000190734863,16.225000381469727,15.617476463317871,18816770
2010-11-19,16.5,16.84000015258789,16.174999237060547,16.604999542236328,15.983247756958008,6655550
2010-11-22,16.69499969482422,16.899999618530273,16.010000228881836,16.274999618530273,15.665603637695312,1541540
2010-11-23,16.200000762939453,16.635000228881836,15.680000305175781,15.970000267028809,15.372025489807129,2383630
2010-11-24,16.100000381469727,16.389999389648438,15.399999618530273,15.6899995803833,15.102508544921875,1635220
2010-11-25,15.805000305175781,15.899999618530273,14.774999618530273,15.630000114440918,15.044755935668945,1258800
2010-11-26,15.5,15.71500015258789,14.699999809265137,15.255000114440918,14.683797836303711,771290
2010-11-29,14.8100004196167,15.699999809265137,14.8100004196167,15.34000015258789,14.76561450958252,1090600
2010-11-30,14.899999618530273,15.295000076293945,14.899999618530273,15.119999885559082,14.553852081298828,348930
2010-12-01,15.350000381469727,15.569999694824219,14.9350004196167,15.225000381469727,14.65492057800293,515630
2010-12-02,15.300000190734863,15.800000190734863,15.199999809265137,15.220000267028809,14.650108337402344,313370
2010-12-03,15.1899995803833,15.300000190734863,13.774999618530273,14.300000190734863,13.764555931091309,2446940
2010-12-06,14.300000190734863,14.75,13.800000190734863,14.260000228881836,13.726054191589355,396550
2010-12-07,14.300000190734863,14.300000190734863,13.699999809265137,13.800000190734863,13.28327751159668,512670
2010-12-08,13.699999809265137,13.970000267028809,13.21500015258789,13.505000114440918,12.999324798583984,1427930
2010-12-09,13.6899995803833,13.6899995803833,12.880000114440918,13.194999694824219,12.700931549072266,1123720
2010-12-10,13.494999885559082,13.800000190734863,12.850000381469727,13.15999984741211,12.667240142822266,428680
2010-12-13,13.274999618530273,13.699999809265137,13.1850004196167,13.539999961853027,13.033012390136719,231430
2010-12-14,13.350000381469727,14.300000190734863,13.350000381469727,13.649999618530273,13.138894081115723,1167810
2010-12-15,13.600000381469727,13.800000190734863,13.0,13.135000228881836,12.643177032470703,343540
2010-12-16,13.135000228881836,13.399999618530273,12.699999809265137,12.8100004196167,12.330348014831543,968410
2010-12-20,13.380000114440918,13.380000114440918,12.734999656677246,12.850000381469727,12.36884880065918,225940
2010-12-21,12.8100004196167,13.175000190734863,12.8100004196167,12.949999809265137,12.465104103088379,347700
2010-12-22,12.925000190734863,13.180000305175781,12.920000076293945,13.015000343322754,12.527670860290527,293590
2010-12-23,13.100000381469727,13.100000381469727,12.8149995803833,12.914999961853027,12.431415557861328,258580
2010-12-24,13.09000015258789,13.100000381469727,12.805000305175781,12.880000114440918,12.397725105285645,268030
2010-12-27,13.039999961853027,13.050000190734863,12.680000305175781,12.75,12.27259349822998,226540
2010-12-28,12.805000305175781,12.899999618530273,12.704999923706055,12.8100004196167,12.330348014831543,217080
2010-12-29,12.755000114440918,13.194999694824219,12.755000114440918,13.079999923706055,12.590237617492676,327270
2010-12-30,13.079999923706055,13.194999694824219,12.8100004196167,12.9399995803833,12.45547866821289,244790
2010-12-31,13.100000381469727,13.180000305175781,12.949999809265137,13.069999694824219,12.580611228942871,257880
2011-01-03,13.149999618530273,13.600000381469727,13.015000343322754,13.390000343322754,12.888629913330078,934070
2011-01-04,13.494999885559082,13.744999885559082,13.3100004196167,13.520000457763672,13.013762474060059,468230
2011-01-05,13.449999809265137,13.449999809265137,13.0649995803833,13.164999961853027,12.672054290771484,217160
2011-01-06,13.399999618530273,13.399999618530273,12.90999984741211,13.03499984741211,12.54692268371582,164950
2011-01-07,13.050000190734863,13.140000343322754,12.75,12.845000267028809,12.364036560058594,259340
2011-01-10,13.079999923706055,13.1899995803833,12.729999542236328,12.800000190734863,12.320721626281738,300110
2011-01-11,12.71500015258789,12.984999656677246,12.699999809265137,12.729999542236328,12.253342628479004,194370
2011-01-12,12.75,12.899999618530273,12.6850004196167,12.8149995803833,12.335159301757812,258990
2011-01-13,13.0,13.0,12.550000190734863,12.635000228881836,12.161900520324707,176460
2011-01-14,12.869999885559082,12.869999885559082,11.875,12.694999694824219,12.21965217590332,284250
2011-01-17,12.600000381469727,12.699999809265137,12.425000190734863,12.489999771118164,12.02232837677002,287170
2011-01-18,12.420000076293945,12.869999885559082,12.404999732971191,12.510000228881836,12.041581153869629,155230
2011-01-19,12.414999961853027,12.770000457763672,12.414999961853027,12.600000381469727,12.12821102142334,193410
2011-01-20,12.319999694824219,12.59000015258789,12.319999694824219,12.425000190734863,11.959761619567871,163570
2011-01-21,12.449999809265137,12.699999809265137,12.324999809265137,12.449999809265137,11.983826637268066,168980
2011-01-24,12.359999656677246,12.699999809265137,12.359999656677246,12.40999984741211,11.945324897766113,177230
2011-01-25,12.404999732971191,12.550000190734863,12.350000381469727,12.390000343322754,11.926074028015137,244290
2011-01-27,12.399999618530273,12.5,12.119999885559082,12.21500015258789,11.757625579833984,187890
2011-01-28,12.380000114440918,12.699999809265137,12.199999809265137,12.579999923706055,12.108959197998047,556110
2011-01-31,12.399999618530273,12.699999809265137,12.300000190734863,12.649999618530273,12.176338195800781,254890
2011-02-01,12.520000457763672,12.760000228881836,12.399999618530273,12.5,12.031954765319824,258170
2011-02-02,12.420000076293945,13.289999961853027,12.40999984741211,12.555000305175781,12.084896087646484,350610
2011-02-03,12.399999618530273,12.699999809265137,12.399999618530273,12.614999771118164,12.142647743225098,142950
2011-02-04,12.699999809265137,12.699999809265137,12.5,12.510000228881836,12.041581153869629,156490
2011-02-07,12.5,12.739999771118164,12.5,12.6850004196167,12.210026741027832,163730
2011-02-08,12.779999732971191,12.78499984741211,12.449999809265137,12.645000457763672,12.171525955200195,168620
2011-02-09,12.680000305175781,13.0,12.399999618530273,12.600000381469727,12.12821102142334,608530
2011-02-10,12.225000381469727,12.550000190734863,11.800000190734863,12.369999885559082,11.906822204589844,336450
2011-02-11,12.270000457763672,12.600000381469727,12.055000305175781,12.520000457763672,12.051204681396484,190040
2011-02-14,12.600000381469727,12.800000190734863,12.300000190734863,12.515000343322754,12.046393394470215,256870
2011-02-15,12.46500015258789,12.600000381469727,12.399999618530273,12.475000381469727,12.007890701293945,161510
2011-02-16,12.449999809265137,12.649999618530273,12.300000190734863,12.510000228881836,12.041581153869629,136600
2011-02-17,12.430000305175781,12.649999618530273,12.430000305175781,12.574999809265137,12.104146003723145,145060
2011-02-18,12.5600004196167,12.725000381469727,12.220000267028809,12.5649995803833,12.094520568847656,206820
2011-02-21,12.369999885559082,12.600000381469727,12.369999885559082,12.515000343322754,12.046393394470215,150140
2011-02-22,12.5,12.600000381469727,12.3100004196167,12.515000343322754,12.046393394470215,131940
2011-02-23,12.550000190734863,12.550000190734863,12.300000190734863,12.34000015258789,11.877945899963379,425830
2011-02-24,12.319999694824219,12.449999809265137,12.199999809265137,12.225000381469727,11.767251014709473,159340
2011-02-25,12.25,12.635000228881836,11.845000267028809,12.489999771118164,12.02232837677002,230010
2011-02-28,12.274999618530273,12.600000381469727,12.274999618530273,12.484999656677246,12.017516136169434,95760
2011-03-01,12.3100004196167,12.5600004196167,12.199999809265137,12.289999961853027,11.829817771911621,153230
2011-03-03,12.255000114440918,12.5,12.069999694824219,12.25,11.791315078735352,155860
2011-03-04,12.390000343322754,12.569999694824219,12.104999542236328,12.380000114440918,11.916447639465332,188870
2011-03-07,12.010000228881836,12.34000015258789,12.010000228881836,12.244999885559082,11.786502838134766,137600
2011-03-08,12.15999984741211,12.59000015258789,12.15999984741211,12.220000267028809,11.762438774108887,131470
2011-03-09,12.199999809265137,12.3100004196167,12.15999984741211,12.199999809265137,11.74318790435791,125470
2011-03-10,12.164999961853027,12.699999809265137,12.005000114440918,12.505000114440918,12.03676700592041,1296410
2011-03-11,12.305000305175781,12.6899995803833,12.305000305175781,12.53499984741211,12.065643310546875,491390
2011-03-14,12.324999809265137,13.5,12.324999809265137,12.899999618530273,12.416976928710938,746860
2011-03-15,12.510000228881836,12.989999771118164,12.404999732971191,12.84000015258789,12.359224319458008,194020
2011-03-16,12.850000381469727,13.494999885559082,12.704999923706055,13.460000038146973,12.956009864807129,389230
2011-03-17,13.600000381469727,15.074999809265137,12.399999618530273,13.505000114440918,12.999324798583984,11821610
2011-03-18,13.779999732971191,13.944999694824219,13.199999809265137,13.345000267028809,12.845314979553223,450100
2011-03-21,13.505000114440918,13.895000457763672,13.5,13.755000114440918,13.239961624145508,1820530
2011-03-22,13.960000038146973,14.100000381469727,13.635000228881836,13.984999656677246,13.461350440979004,339080
2011-03-23,14.079999923706055,14.5,13.899999618530273,14.4350004196167,13.894501686096191,411260
2011-03-24,14.489999771118164,14.75,14.114999771118164,14.670000076293945,14.120701789855957,482050
2011-03-25,14.600000381469727,14.800000190734863,14.3100004196167,14.789999961853027,14.23620891571045,1393950
2011-03-28,14.800000190734863,14.890000343322754,13.800000190734863,14.0649995803833,13.538354873657227,86870
2011-03-29,13.760000228881836,14.395000457763672,13.699999809265137,14.005000114440918,13.480602264404297,1379290
2011-03-30,14.300000190734863,14.53499984741211,14.0,14.045000076293945,13.51910400390625,236770
2011-03-31,14.104999542236328,15.789999961853027,14.104999542236328,14.835000038146973,14.279523849487305,1963570
2011-04-01,15.300000190734863,15.300000190734863,14.550000190734863,14.885000228881836,14.327651023864746,159370
2011-04-04,15.199999809265137,16.5,14.600000381469727,15.430000305175781,14.852245330810547,759820
2011-04-05,15.649999618530273,15.649999618530273,15.170000076293945,15.305000305175781,14.731925010681152,187300
2011-04-06,15.595000267028809,15.600000381469727,14.90999984741211,15.104999542236328,14.539413452148438,218160
2011-04-07,15.0,15.279999732971191,14.899999618530273,15.100000381469727,14.534601211547852,345200
2011-04-08,15.350000381469727,15.350000381469727,14.729999542236328,14.845000267028809,14.289148330688477,145460
2011-04-11,14.824999809265137,15.260000228881836,14.805000305175781,14.885000228881836,14.327651023864746,140730
2011-04-13,14.899999618530273,15.350000381469727,14.899999618530273,15.194999694824219,14.626043319702148,227990
2011-04-15,15.109999656677246,15.300000190734863,14.920000076293945,15.100000381469727,14.534601211547852,118070
2011-04-18,14.899999618530273,15.395000457763672,14.850000381469727,15.109999656677246,14.544225692749023,193970
2011-04-19,15.100000381469727,15.25,14.5600004196167,15.015000343322754,14.452783584594727,139280
2011-04-20,14.875,15.300000190734863,14.869999885559082,15.239999771118164,14.669358253479004,149870
2011-04-21,14.895000457763672,15.600000381469727,14.895000457763672,15.4399995803833,14.861868858337402,342240
2011-04-25,15.399999618530273,15.600000381469727,14.569999694824219,14.930000305175781,14.370965957641602,1017460
2011-04-26,14.800000190734863,15.28499984741211,14.739999771118164,14.760000228881836,14.207332611083984,182380
2011-04-27,15.09000015258789,15.09000015258789,14.625,14.675000190734863,14.12551498413086,136850
2011-04-28,14.710000038146973,14.800000190734863,14.25,14.34000015258789,13.803057670593262,192410
2011-04-29,14.399999618530273,14.675000190734863,14.204999923706055,14.5,13.957067489624023,605920
2011-05-02,14.680000305175781,14.885000228881836,14.199999809265137,14.399999618530273,13.860811233520508,126000
2011-05-03,14.5,14.989999771118164,14.210000038146973,14.795000076293945,14.241022109985352,161910
2011-05-04,14.489999771118164,14.744999885559082,14.300000190734863,14.505000114440918,13.96187973022461,160860
2011-05-05,14.9350004196167,14.9350004196167,14.300000190734863,14.505000114440918,13.96187973022461,183690
2011-05-06,14.359999656677246,14.875,14.050000190734863,14.154999732971191,13.624983787536621,89280
2011-05-09,14.010000228881836,14.890000343322754,14.010000228881836,14.649999618530273,14.101449966430664,140000
2011-05-10,14.265000343322754,14.699999809265137,14.25,14.395000457763672,13.855998992919922,156210
2011-05-11,14.324999809265137,15.5,14.324999809265137,14.454999923706055,13.913752555847168,130340
2011-05-12,14.800000190734863,14.800000190734863,14.164999961853027,14.404999732971191,13.86562442779541,82930
2011-05-13,14.699999809265137,14.899999618530273,14.300000190734863,14.694999694824219,14.144765853881836,68850
2011-05-16,14.699999809265137,14.699999809265137,14.34000015258789,14.529999732971191,13.985943794250488,20890
2011-05-17,14.34000015258789,14.595000267028809,14.0,14.170000076293945,13.639424324035645,40030
2011-05-18,14.489999771118164,14.5,13.899999618530273,13.930000305175781,13.408411026000977,116300
2011-05-19,14.100000381469727,14.5,13.899999618530273,13.984999656677246,13.461350440979004,234540
2011-05-20,14.0,14.279999732971191,13.899999618530273,13.90999984741211,13.389159202575684,160980
2011-05-23,13.850000381469727,14.069999694824219,13.470000267028809,13.635000228881836,13.124455451965332,150610
2011-05-24,13.550000190734863,14.199999809265137,13.550000190734863,13.989999771118164,13.466161727905273,192800
2011-05-25,14.0,14.079999923706055,13.729999542236328,13.975000381469727,13.451725006103516,332070
2011-05-26,14.21500015258789,14.21500015258789,13.625,13.734999656677246,13.220710754394531,106180
2011-05-27,13.800000190734863,13.899999618530273,13.649999618530273,13.704999923706055,13.191834449768066,6590
2011-05-30,14.1899995803833,15.390000343322754,14.1899995803833,14.779999732971191,14.226582527160645,2086390
2011-05-31,14.28499984741211,17.25,14.28499984741211,15.835000038146973,15.242079734802246,5961160
2011-06-01,15.800000190734863,15.949999809265137,15.005000114440918,15.710000038146973,15.121760368347168,1566740
2011-06-02,15.149999618530273,15.645000457763672,15.149999618530273,15.279999732971191,14.707860946655273,448570
2011-06-03,15.300000190734863,15.600000381469727,15.085000038146973,15.140000343322754,14.573102951049805,363480
2011-06-06,15.4399995803833,15.4399995803833,13.270000457763672,14.96500015258789,14.404655456542969,549600
2011-06-07,15.020000457763672,15.53499984741211,15.0,15.119999885559082,14.553852081298828,665920
2011-06-08,15.149999618530273,15.260000228881836,14.8100004196167,15.015000343322754,14.452783584594727,182550
2011-06-09,15.385000228881836,15.385000228881836,14.864999771118164,15.005000114440918,14.443157196044922,114830
2011-06-10,15.199999809265137,15.979999542236328,14.899999618530273,15.734999656677246,15.14582347869873,778780
2011-06-13,15.680000305175781,15.680000305175781,15.199999809265137,15.3100004196167,14.736738204956055,132450
2011-06-14,15.494999885559082,15.5,15.25,15.369999885559082,14.794490814208984,133710
2011-06-15,15.210000038146973,15.385000228881836,15.140000343322754,15.180000305175781,14.611604690551758,170660
2011-06-16,15.010000228881836,15.529999732971191,14.899999618530273,15.265000343322754,14.6934232711792,66320
2011-06-17,15.545000076293945,15.545000076293945,15.100000381469727,15.21500015258789,14.645294189453125,42700
2011-06-20,15.100000381469727,15.300000190734863,14.800000190734863,14.800000190734863,14.245834350585938,44780
2011-06-21,14.210000038146973,14.895000457763672,14.104999542236328,14.625,14.077386856079102,14950
2011-06-22,14.75,14.789999961853027,14.324999809265137,14.425000190734863,13.884876251220703,30810
2011-06-23,14.899999618530273,14.914999961853027,14.279999732971191,14.654999732971191,14.106263160705566,272700
2011-06-24,14.774999618530273,14.78499984741211,14.399999618530273,14.489999771118164,13.947441101074219,21970
2011-06-27,14.595000267028809,14.600000381469727,14.3100004196167,14.520000457763672,13.976318359375,29250
2011-06-28,14.430000305175781,14.600000381469727,14.010000228881836,14.104999542236328,13.576857566833496,54740
2011-06-29,14.34000015258789,14.600000381469727,13.8100004196167,14.4399995803833,13.899312973022461,151700
2011-06-30,14.199999809265137,14.895000457763672,13.805000305175781,14.375,13.836748123168945,31040
2011-07-01,14.199999809265137,14.600000381469727,14.199999809265137,14.279999732971191,13.745304107666016,34160
2011-07-04,14.210000038146973,14.399999618530273,14.210000038146973,14.359999656677246,13.822310447692871,106720
2011-07-05,14.390000343322754,14.4399995803833,14.210000038146973,14.220000267028809,13.687551498413086,10460
2011-07-06,14.199999809265137,14.399999618530273,14.114999771118164,14.194999694824219,13.663488388061523,29570
2011-07-07,14.300000190734863,14.545000076293945,14.109999656677246,14.234999656677246,13.70198917388916,22830
2011-07-08,14.145000457763672,15.0,14.145000457763672,14.390000343322754,13.851186752319336,214550
2011-07-11,14.300000190734863,14.505000114440918,14.130000114440918,14.265000343322754,13.730867385864258,16760
2011-07-12,13.8100004196167,14.300000190734863,12.694999694824219,14.194999694824219,13.663488388061523,67160
2011-07-13,14.100000381469727,14.800000190734863,14.024999618530273,14.555000305175781,14.010007858276367,136660
2011-07-14,14.550000190734863,14.550000190734863,14.220000267028809,14.3100004196167,13.774181365966797,167950
2011-07-15,14.399999618530273,14.470000267028809,14.069999694824219,14.175000190734863,13.64423656463623,50210
2011-07-18,14.399999618530273,14.5,14.100000381469727,14.210000038146973,13.677926063537598,46230
2011-07-19,14.369999885559082,14.369999885559082,14.114999771118164,14.210000038146973,13.677926063537598,20380
2011-07-20,14.199999809265137,14.279999732971191,14.079999923706055,14.119999885559082,13.591296195983887,12310
2011-07-21,14.300000190734863,14.300000190734863,13.9350004196167,14.005000114440918,13.480602264404297,26960
2011-07-22,13.805000305175781,14.444999694824219,13.805000305175781,14.0600004196167,13.53354263305664,26450
2011-07-25,14.100000381469727,14.234999656677246,14.0,14.085000038146973,13.557604789733887,10250
2011-07-26,14.279999732971191,14.300000190734863,14.029999732971191,14.045000076293945,13.51910400390625,18510
2011-07-27,13.819999694824219,14.1899995803833,13.8149995803833,14.010000228881836,13.485414505004883,8360
2011-07-28,13.949999809265137,14.1899995803833,13.90999984741211,14.005000114440918,13.480602264404297,9130
2011-07-29,13.920000076293945,14.59000015258789,13.5,13.960000038146973,13.437288284301758,670660
2011-08-01,13.805000305175781,13.994999885559082,13.805000305175781,13.914999961853027,13.393970489501953,12130
2011-08-02,13.899999618530273,13.944999694824219,13.800000190734863,13.8100004196167,13.292903900146484,36910
2011-08-03,13.619999885559082,14.095000267028809,13.619999885559082,13.920000076293945,13.398783683776855,63850
2011-08-04,13.729999542236328,14.0,13.725000381469727,13.835000038146973,13.316967964172363,16710
2011-08-05,13.625,13.984999656677246,13.300000190734863,13.614999771118164,13.105203628540039,69170
2011-08-08,13.199999809265137,13.949999809265137,13.140000343322754,13.4350004196167,13.027631759643555,33070
2011-08-09,13.149999618530273,13.479999542236328,12.5,13.175000190734863,12.775514602661133,68090
2011-08-10,13.300000190734863,13.680000305175781,13.204999923706055,13.404999732971191,12.998539924621582,338190
2011-08-11,13.125,13.5,13.010000228881836,13.300000190734863,12.896723747253418,31730
2011-08-12,13.494999885559082,13.579999923706055,12.369999885559082,13.395000457763672,12.98884391784668,53230
2011-08-16,13.300000190734863,13.399999618530273,13.005000114440918,13.09000015258789,12.69309139251709,9900
2011-08-17,13.09000015258789,13.550000190734863,12.654999732971191,13.045000076293945,12.649456024169922,747370
2011-08-18,13.020000457763672,13.024999618530273,12.65999984741211,12.8100004196167,12.421582221984863,34850
2011-08-19,12.550000190734863,12.890000343322754,12.489999771118164,12.515000343322754,12.135527610778809,68170
2011-08-22,12.25,13.0,11.555000305175781,12.854999542236328,12.465215682983398,161600
2011-08-23,12.989999771118164,12.989999771118164,12.600000381469727,12.6899995803833,12.305219650268555,68980
2011-08-24,12.600000381469727,12.845000267028809,12.520000457763672,12.640000343322754,12.256735801696777,9890
2011-08-25,12.569999694824219,12.699999809265137,12.505000114440918,12.600000381469727,12.217948913574219,19820
2011-08-26,12.515000343322754,12.65999984741211,12.114999771118164,12.194999694824219,11.825228691101074,85250
2011-08-29,12.149999618530273,12.680000305175781,11.824999809265137,12.050000190734863,11.684625625610352,82810
2011-08-30,12.199999809265137,12.295000076293945,12.005000114440918,12.045000076293945,11.679778099060059,26780
2011-09-02,12.100000381469727,12.399999618530273,12.005000114440918,12.015000343322754,11.650687217712402,70390
2011-09-05,12.050000190734863,12.699999809265137,12.005000114440918,12.319999694824219,11.94643783569336,169640
2011-09-06,12.399999618530273,12.399999618530273,12.180000305175781,12.25,11.878561973571777,47770
2011-09-07,12.5,12.5,12.25,12.260000228881836,11.88825798034668,15550
2011-09-08,12.149999618530273,12.699999809265137,12.149999618530273,12.470000267028809,12.091891288757324,43440
2011-09-09,12.300000190734863,12.899999618530273,12.300000190734863,12.614999771118164,12.23249340057373,50150
2011-09-12,12.399999618530273,12.640000343322754,12.199999809265137,12.430000305175781,12.05310344696045,63810
2011-09-13,12.199999809265137,12.699999809265137,12.199999809265137,12.489999771118164,12.111284255981445,48060
2011-09-14,12.399999618530273,12.635000228881836,12.354999542236328,12.545000076293945,12.164615631103516,11490
2011-09-15,12.5,12.5,12.350000381469727,12.4399995803833,12.062800407409668,21620
2011-09-16,12.404999732971191,12.600000381469727,12.279999732971191,12.4350004196167,12.057952880859375,29880
2011-09-19,12.595000267028809,13.0,12.255000114440918,12.664999961853027,12.280977249145508,61250
2011-09-20,12.899999618530273,12.899999618530273,12.420000076293945,12.550000190734863,12.169465065002441,29770
2011-09-21,12.5,12.800000190734863,12.46500015258789,12.649999618530273,12.266432762145996,24420
2011-09-22,12.449999809265137,12.489999771118164,12.1850004196167,12.279999732971191,11.907651901245117,11490
2011-09-23,12.1850004196167,12.454999923706055,12.1850004196167,12.359999656677246,11.985224723815918,31460
2011-09-26,12.494999885559082,12.494999885559082,12.100000381469727,12.154999732971191,11.786441802978516,20270
2011-09-27,12.300000190734863,12.399999618530273,12.079999923706055,12.109999656677246,11.742806434631348,17300
2011-09-28,12.300000190734863,12.380000114440918,12.055000305175781,12.100000381469727,11.733110427856445,18280
2011-09-29,12.220000267028809,12.220000267028809,12.005000114440918,12.045000076293945,11.679778099060059,38450
2011-09-30,12.145000457763672,12.145000457763672,12.005000114440918,12.005000114440918,11.640990257263184,17020
2011-10-03,12.100000381469727,12.59000015258789,12.005000114440918,12.260000228881836,11.88825798034668,40260
2011-10-04,12.399999618530273,12.399999618530273,12.039999961853027,12.095000267028809,11.72826099395752,66730
2011-10-05,12.149999618530273,12.364999771118164,12.100000381469727,12.170000076293945,11.80098819732666,48310
2011-10-07,12.154999732971191,12.279999732971191,12.074999809265137,12.100000381469727,11.733110427856445,33680
2011-10-10,12.074999809265137,12.289999961853027,12.005000114440918,12.010000228881836,11.64583969116211,18300
2011-10-11,12.100000381469727,12.149999618530273,11.904999732971191,12.0,11.636141777038574,31320
2011-10-12,12.029999732971191,12.085000038146973,12.005000114440918,12.029999732971191,11.665231704711914,6940
2011-10-13,12.015000343322754,12.170000076293945,11.90999984741211,12.010000228881836,11.64583969116211,20570
2011-10-14,12.279999732971191,12.289999961853027,12.005000114440918,12.020000457763672,11.655536651611328,9900
2011-10-17,12.279999732971191,12.279999732971191,12.010000228881836,12.010000228881836,11.64583969116211,7870
2011-10-18,12.005000114440918,12.5600004196167,12.005000114440918,12.1850004196167,11.815532684326172,1545420
2011-10-19,12.300000190734863,12.34000015258789,12.024999618530273,12.069999694824219,11.704018592834473,31390
2011-10-20,12.029999732971191,12.1850004196167,12.029999732971191,12.050000190734863,11.684625625610352,12490
2011-10-21,12.194999694824219,12.194999694824219,12.005000114440918,12.005000114440918,11.640990257263184,33940
2011-10-24,12.300000190734863,12.399999618530273,11.960000038146973,12.005000114440918,11.640990257263184,66900
2011-10-25,12.010000228881836,12.15999984741211,11.949999809265137,12.010000228881836,11.64583969116211,40090
2011-10-28,12.020000457763672,12.300000190734863,12.015000343322754,12.109999656677246,11.742806434631348,13530
2011-10-31,12.010000228881836,12.300000190734863,12.010000228881836,12.050000190734863,11.684625625610352,18270
2011-11-01,12.074999809265137,12.100000381469727,12.020000457763672,12.029999732971191,11.665231704711914,13400
2011-11-02,12.194999694824219,12.194999694824219,12.005000114440918,12.015000343322754,11.650687217712402,5710
2011-11-03,12.100000381469727,12.529999732971191,12.005000114440918,12.454999923706055,12.07734489440918,137120
2011-11-04,12.345000267028809,12.524999618530273,12.345000267028809,12.444999694824219,12.067648887634277,24530
2011-11-08,12.300000190734863,12.899999618530273,12.220000267028809,12.664999961853027,12.280977249145508,69770
2011-11-09,12.5,13.0,12.399999618530273,12.8149995803833,12.42642879486084,39680
2011-11-11,12.699999809265137,13.109999656677246,12.399999618530273,13.005000114440918,12.610669136047363,118030
2011-11-14,13.005000114440918,13.479999542236328,12.704999923706055,13.055000305175781,12.65915298461914,212270
2011-11-15,13.194999694824219,13.300000190734863,12.904999732971191,12.975000381469727,12.581578254699707,70050
2011-11-16,13.180000305175781,13.180000305175781,12.449999809265137,12.520000457763672,12.140374183654785,45560
2011-11-17,12.449999809265137,12.869999885559082,12.449999809265137,12.6899995803833,12.305219650268555,804750
2011-11-18,12.550000190734863,12.829999923706055,11.649999618530273,11.789999961853027,11.43250846862793,323090
2011-11-21,12.005000114440918,12.005000114440918,11.515000343322754,11.569999694824219,11.2191801071167,195530
2011-11-22,11.404999732971191,11.795000076293945,11.404999732971191,11.789999961853027,11.43250846862793,136890
2011-11-23,11.604999542236328,11.845000267028809,11.5,11.704999923706055,11.35008716583252,367060
2011-11-24,11.800000190734863,11.899999618530273,11.600000381469727,11.8100004196167,11.451902389526367,103240
2011-11-25,11.765000343322754,11.895000457763672,11.600000381469727,11.630000114440918,11.277360916137695,103250
2011-11-28,11.675000190734863,11.895000457763672,11.604999542236328,11.654999732971191,11.301602363586426,104380
2011-11-29,11.699999809265137,11.875,11.609999656677246,11.789999961853027,11.43250846862793,110030
2011-11-30,11.609999656677246,11.960000038146973,11.609999656677246,11.649999618530273,11.2967529296875,101250
2011-12-01,11.970000267028809,13.0,11.8149995803833,11.975000381469727,11.611900329589844,150280
2011-12-02,11.90999984741211,12.510000228881836,11.90999984741211,12.305000305175781,11.931894302368164,180430
2011-12-05,12.100000381469727,12.255000114440918,11.914999961853027,11.984999656677246,11.62159538269043,119540
2011-12-07,11.850000381469727,12.100000381469727,11.829999923706055,11.850000381469727,11.490690231323242,172300
2011-12-08,11.829999923706055,11.949999809265137,11.604999542236328,11.65999984741211,11.306450843811035,138790
2011-12-09,11.604999542236328,11.800000190734863,11.604999542236328,11.670000076293945,11.316147804260254,104940
2011-12-12,11.725000381469727,11.774999618530273,11.604999542236328,11.625,11.27251148223877,58030
2011-12-13,11.604999542236328,11.78499984741211,11.604999542236328,11.619999885559082,11.267664909362793,107340
2011-12-14,11.619999885559082,11.899999618530273,11.604999542236328,11.604999542236328,11.253118515014648,105710
2011-12-15,11.604999542236328,11.885000228881836,11.505000114440918,11.635000228881836,11.282210350036621,116900
2011-12-16,11.664999961853027,11.699999809265137,11.5,11.585000038146973,11.233724594116211,126590
2011-12-19,11.604999542236328,11.645000457763672,11.520000457763672,11.609999656677246,11.257966995239258,119000
2011-12-20,11.649999618530273,11.949999809265137,11.479999542236328,11.515000343322754,11.165848731994629,129770
2011-12-21,11.710000038146973,11.71500015258789,11.5,11.59000015258789,11.238574028015137,119970
2011-12-22,11.609999656677246,11.819999694824219,11.604999542236328,11.604999542236328,11.253118515014648,106810
2011-12-23,11.604999542236328,11.699999809265137,11.604999542236328,11.614999771118164,11.262815475463867,101930
2011-12-26,11.725000381469727,11.789999961853027,11.604999542236328,11.609999656677246,11.257966995239258,111370
2011-12-27,11.604999542236328,11.739999771118164,11.604999542236328,11.604999542236328,11.253118515014648,110030
2011-12-28,11.649999618530273,11.75,11.604999542236328,11.609999656677246,11.257966995239258,106110
2011-12-29,11.654999732971191,11.78499984741211,11.604999542236328,11.664999961853027,11.311299324035645,1141740
2011-12-30,11.649999618530273,11.869999885559082,11.614999771118164,11.619999885559082,11.267664909362793,109630
2012-01-02,11.729999542236328,11.734999656677246,11.604999542236328,11.645000457763672,11.291906356811523,117120
2012-01-03,11.75,11.75,11.664999961853027,11.6899995803833,11.335540771484375,105550
2012-01-04,11.609999656677246,11.779999732971191,11.609999656677246,11.694999694824219,11.340389251708984,106310
2012-01-05,11.704999923706055,11.729999542236328,11.604999542236328,11.604999542236328,11.253118515014648,116340
2012-01-06,11.779999732971191,11.779999732971191,11.604999542236328,11.635000228881836,11.282210350036621,106170
2012-01-09,11.75,11.960000038146973,11.604999542236328,11.694999694824219,11.340389251708984,165000
2012-01-10,11.710000038146973,11.850000381469727,11.664999961853027,11.670000076293945,11.316147804260254,105980
2012-01-11,11.779999732971191,12.0,11.739999771118164,11.864999771118164,11.505233764648438,164330
2012-01-12,11.90999984741211,12.100000381469727,11.71500015258789,11.979999542236328,11.616747856140137,124200
2012-01-13,12.0,12.0,11.704999923706055,11.729999542236328,11.374327659606934,124380
2012-01-16,11.664999961853027,11.994999885559082,11.65999984741211,11.914999961853027,11.553719520568848,142780
2012-01-17,11.850000381469727,12.0,11.71500015258789,11.869999885559082,11.51008415222168,100800
2012-01-18,11.899999618530273,11.930000305175781,11.75,11.835000038146973,11.47614574432373,109730
2012-01-19,11.850000381469727,12.305000305175781,11.755000114440918,12.270000457763672,11.897955894470215,405420
2012-01-20,12.199999809265137,12.850000381469727,12.029999732971191,12.364999771118164,11.99007511138916,324800
2012-01-23,12.100000381469727,12.5,11.890000343322754,12.489999771118164,12.111284255981445,106590
2012-01-24,12.449999809265137,12.699999809265137,12.25,12.600000381469727,12.217948913574219,292180
2012-01-25,12.619999885559082,12.850000381469727,12.5,12.604999542236328,12.222797393798828,132310
2012-01-27,12.720000267028809,12.78499984741211,12.5,12.670000076293945,12.285826683044434,206980
2012-01-30,12.699999809265137,12.930000305175781,12.305000305175781,12.694999694824219,12.310067176818848,252810
2012-01-31,12.600000381469727,12.890000343322754,12.600000381469727,12.774999618530273,12.387642860412598,185650
2012-02-01,12.699999809265137,12.899999618530273,12.619999885559082,12.6850004196167,12.300371170043945,166480
2012-02-02,12.720000267028809,13.539999961853027,12.699999809265137,13.199999809265137,12.799756050109863,234330
2012-02-03,13.319999694824219,13.329999923706055,12.904999732971191,13.149999618530273,12.75127124786377,165270
2012-02-06,13.199999809265137,13.59000015258789,12.914999961853027,12.994999885559082,12.600971221923828,161240
2012-02-07,13.0,13.289999961853027,12.510000228881836,12.640000343322754,12.256735801696777,272490
2012-02-08,12.795000076293945,12.800000190734863,12.609999656677246,12.654999732971191,12.271280288696289,160370
2012-02-09,12.699999809265137,12.720000267028809,12.600000381469727,12.609999656677246,12.227645874023438,144910
2012-02-10,12.649999618530273,12.859999656677246,12.574999809265137,12.625,12.24219036102295,241540
2012-02-13,12.649999618530273,12.739999771118164,12.555000305175781,12.604999542236328,12.222797393798828,169370
2012-02-14,12.649999618530273,12.899999618530273,12.545000076293945,12.864999771118164,12.47491455078125,182780
2012-02-15,12.899999618530273,12.975000381469727,12.600000381469727,12.6850004196167,12.300371170043945,160800
2012-02-16,12.789999961853027,13.09000015258789,12.630000114440918,12.694999694824219,12.310067176818848,216900
2012-02-17,12.600000381469727,12.869999885559082,12.470000267028809,12.5649995803833,12.18401050567627,200240
2012-02-21,12.649999618530273,13.079999923706055,12.40999984741211,12.699999809265137,12.31491756439209,211930
2012-02-22,12.800000190734863,13.390000343322754,12.520000457763672,13.145000457763672,12.746424674987793,242230
2012-02-23,13.199999809265137,13.199999809265137,12.710000038146973,13.045000076293945,12.649456024169922,155800
2012-02-24,13.0600004196167,13.074999809265137,12.710000038146973,12.800000190734863,12.411885261535645,77400
2012-02-27,12.890000343322754,13.1899995803833,12.354999542236328,12.8100004196167,12.421582221984863,85320
2012-02-28,12.75,12.859999656677246,12.515000343322754,12.579999923706055,12.198555946350098,22780
2012-02-29,12.6899995803833,12.800000190734863,12.5649995803833,12.630000114440918,12.247039794921875,39620
2012-03-01,12.510000228881836,12.864999771118164,12.40999984741211,12.75,12.36340045928955,39140
2012-03-02,12.699999809265137,12.725000381469727,12.399999618530273,12.430000305175781,12.05310344696045,16960
2012-03-05,12.404999732971191,12.5,12.225000381469727,12.255000114440918,11.88340950012207,30440
2012-03-06,12.199999809265137,12.4399995803833,12.199999809265137,12.414999961853027,12.038558006286621,70100
2012-03-07,12.350000381469727,12.479999542236328,12.229999542236328,12.305000305175781,11.931894302368164,310140
2012-03-09,12.220000267028809,12.850000381469727,12.220000267028809,12.675000190734863,12.290675163269043,81470
2012-03-12,12.649999618530273,13.15999984741211,12.375,13.03499984741211,12.63976001739502,195930
2012-03-13,13.100000381469727,13.199999809265137,12.710000038146973,13.164999961853027,12.765817642211914,277400
2012-03-14,12.954999923706055,13.199999809265137,12.914999961853027,13.164999961853027,12.765817642211914,142670
2012-03-15,12.90999984741211,13.479999542236328,12.850000381469727,13.345000267028809,12.940360069274902,358420
2012-03-16,13.229999542236328,13.375,12.960000038146973,13.085000038146973,12.68824291229248,268070
2012-03-19,13.0,13.774999618530273,13.0,13.529999732971191,13.119750022888184,430910
2012-03-20,13.59000015258789,14.369999885559082,13.59000015258789,14.015000343322754,13.590044021606445,440540
2012-03-21,14.029999732971191,14.270000457763672,13.819999694824219,14.045000076293945,13.619133949279785,319210
2012-03-22,14.055000305175781,14.300000190734863,13.600000381469727,13.699999809265137,13.284595489501953,520290
2012-03-23,13.850000381469727,14.175000190734863,13.800000190734863,14.024999618530273,13.599740982055664,344490
2012-03-26,14.09000015258789,14.425000190734863,13.925000190734863,13.949999809265137,13.527013778686523,436560
2012-03-27,14.0,14.265000343322754,13.899999618530273,14.039999961853027,13.614286422729492,380930
2012-03-28,14.484999656677246,14.654999732971191,13.949999809265137,14.5649995803833,14.123366355895996,773910
2012-03-29,14.425000190734863,14.84000015258789,13.859999656677246,14.720000267028809,14.273667335510254,824420
2012-03-30,14.529999732971191,15.449999809265137,14.0600004196167,14.960000038146973,14.506390571594238,876910
2012-04-02,14.96500015258789,15.470000267028809,14.925000190734863,15.430000305175781,14.962139129638672,329990
2012-04-03,15.425000190734863,16.084999084472656,15.395000457763672,15.930000305175781,15.446978569030762,495320
2012-04-04,16.3799991607666,16.3799991607666,15.829999923706055,16.010000228881836,15.524552345275879,361220
2012-04-09,16.09000015258789,16.389999389648438,15.930000305175781,16.024999618530273,15.53909683227539,627800
2012-04-10,16.0,16.274999618530273,15.979999542236328,16.045000076293945,15.558490753173828,350890
2012-04-11,16.09000015258789,16.385000228881836,15.904999732971191,16.045000076293945,15.558490753173828,402210
2012-04-12,16.030000686645508,16.2450008392334,16.0049991607666,16.15999984741211,15.670004844665527,556650
2012-04-13,16.18000030517578,16.399999618530273,15.40999984741211,15.734999656677246,15.257890701293945,543730
2012-04-16,16.350000381469727,16.5,15.71500015258789,15.755000114440918,15.277284622192383,452290
2012-04-17,15.895000457763672,16.190000534057617,15.725000381469727,15.9350004196167,15.451827049255371,460170
2012-04-18,16.0,16.280000686645508,15.920000076293945,16.010000228881836,15.524552345275879,535500
2012-04-19,16.440000534057617,16.440000534057617,15.930000305175781,15.984999656677246,15.500310897827148,528850
2012-04-20,16.200000762939453,16.200000762939453,15.40999984741211,15.805000305175781,15.32576847076416,1164180
2012-04-23,16.079999923706055,16.1299991607666,15.46500015258789,15.630000114440918,15.156075477600098,700720
2012-04-24,15.524999618530273,15.789999961853027,15.515000343322754,15.619999885559082,15.146377563476562,447910
2012-04-25,15.630000114440918,16.0,15.600000381469727,15.850000381469727,15.369404792785645,345770
2012-04-26,15.989999771118164,16.0049991607666,15.720000267028809,15.845000267028809,15.364556312561035,531200
2012-04-27,15.829999923706055,16.19499969482422,15.470000267028809,15.824999809265137,15.345162391662598,615540
2012-04-30,15.789999961853027,15.880000114440918,15.725000381469727,15.755000114440918,15.277284622192383,334610
2012-05-02,15.989999771118164,15.989999771118164,15.510000228881836,15.6850004196167,15.2094087600708,723520
2012-05-03,15.630000114440918,15.765000343322754,15.619999885559082,15.664999961853027,15.19001293182373,325380
2012-05-04,15.600000381469727,15.71500015258789,15.420000076293945,15.529999732971191,15.059106826782227,297380
2012-05-07,15.524999618530273,15.975000381469727,15.414999961853027,15.824999809265137,15.345162391662598,450770
2012-05-08,15.899999618530273,15.979999542236328,15.699999809265137,15.78499984741211,15.306374549865723,349380
2012-05-09,15.994999885559082,15.994999885559082,15.710000038146973,15.8149995803833,15.335464477539062,383700
2012-05-10,15.899999618530273,16.299999237060547,15.720000267028809,15.755000114440918,15.277284622192383,355650
2012-05-11,15.729999542236328,15.960000038146973,15.335000038146973,15.470000267028809,15.000926971435547,620510
2012-05-14,15.529999732971191,15.864999771118164,15.420000076293945,15.4399995803833,14.971835136413574,428600
2012-05-15,15.59000015258789,17.4950008392334,15.430000305175781,16.375,15.878485679626465,1184920
2012-05-16,16.25,16.674999237060547,16.014999389648438,16.094999313354492,15.606974601745605,384020
2012-05-17,16.549999237060547,16.684999465942383,16.024999618530273,16.3799991607666,15.883333206176758,414110
2012-05-18,16.225000381469727,16.549999237060547,15.5,16.225000381469727,15.733033180236816,1178210
2012-05-21,16.5,16.5,16.110000610351562,16.15999984741211,15.670004844665527,333080
2012-05-22,16.469999313354492,16.469999313354492,15.994999885559082,16.05500030517578,15.568188667297363,590050
2012-05-23,16.389999389648438,16.389999389648438,15.699999809265137,15.970000267028809,15.48576545715332,375470
2012-05-24,16.030000686645508,17.079999923706055,16.030000686645508,16.344999313354492,15.849394798278809,431080
2012-05-25,16.700000762939453,16.700000762939453,16.079999923706055,16.225000381469727,15.733033180236816,547570
2012-05-28,16.225000381469727,16.479999542236328,16.100000381469727,16.239999771118164,15.747579574584961,315420
2012-05-29,16.65999984741211,16.65999984741211,16.1200008392334,16.15999984741211,15.670004844665527,565290
2012-05-30,16.125,16.530000686645508,15.979999542236328,16.049999237060547,15.563339233398438,333760
2012-05-31,19.260000228881836,19.260000228881836,16.0049991607666,16.03499984741211,15.54879379272461,300040
2012-06-01,16.030000686645508,16.200000762939453,16.0,16.0049991607666,15.51970386505127,499390
2012-06-04,16.024999618530273,16.209999084472656,15.994999885559082,16.040000915527344,15.553644180297852,326180
2012-06-05,16.024999618530273,16.399999618530273,15.729999542236328,15.96500015258789,15.480917930603027,349490
2012-06-06,16.200000762939453,16.200000762939453,15.8100004196167,15.970000267028809,15.48576545715332,360680
2012-06-07,15.920000076293945,16.299999237060547,15.720000267028809,15.9350004196167,15.451827049255371,310260
2012-06-08,16.0,16.049999237060547,15.914999961853027,15.954999923706055,15.471220016479492,323950
2012-06-11,16.190000534057617,16.190000534057617,15.729999542236328,15.805000305175781,15.32576847076416,367150
2012-06-12,15.725000381469727,15.989999771118164,15.71500015258789,15.8100004196167,15.33061695098877,348090
2012-06-13,15.824999809265137,16.125,15.694999694824219,15.71500015258789,15.238496780395508,461070
2012-06-14,15.729999542236328,16.0,15.725000381469727,15.744999885559082,15.267587661743164,429190
2012-06-15,15.710000038146973,16.100000381469727,15.710000038146973,15.819999694824219,15.340312957763672,349150
2012-06-18,15.829999923706055,16.18000030517578,15.609999656677246,15.760000228881836,15.282133102416992,365430
2012-06-19,15.729999542236328,15.880000114440918,15.539999961853027,15.5600004196167,15.088197708129883,196000
2012-06-20,15.529999732971191,15.789999961853027,15.524999618530273,15.53499984741211,15.063955307006836,207300
2012-06-21,15.539999961853027,15.595000267028809,15.425000190734863,15.454999923706055,14.986381530761719,182320
2012-06-22,15.324999809265137,15.5,15.25,15.359999656677246,14.894261360168457,213810
2012-06-25,15.324999809265137,15.444999694824219,15.045000076293945,15.289999961853027,14.826383590698242,198080
2012-06-26,15.100000381469727,15.300000190734863,14.704999923706055,14.864999771118164,14.414270401000977,187090
2012-06-27,14.800000190734863,15.300000190734863,14.65999984741211,14.994999885559082,14.540328979492188,194380
2012-06-28,14.8100004196167,15.350000381469727,14.8100004196167,15.005000114440918,14.55002498626709,554840
2012-06-29,14.800000190734863,15.350000381469727,14.800000190734863,15.029999732971191,14.574267387390137,208660
2012-07-02,15.010000228881836,15.300000190734863,14.949999809265137,15.164999961853027,14.705174446105957,166960
2012-07-03,14.899999618530273,15.28499984741211,14.8100004196167,14.984999656677246,14.530631065368652,193870
2012-07-04,14.84000015258789,15.1850004196167,14.84000015258789,14.920000076293945,14.467602729797363,184610
2012-07-05,14.90999984741211,15.1850004196167,14.800000190734863,14.880000114440918,14.428815841674805,160270
2012-07-06,14.520000457763672,15.244999885559082,14.520000457763672,14.960000038146973,14.506390571594238,186780
2012-07-09,14.8100004196167,15.180000305175781,14.600000381469727,14.604999542236328,14.162153244018555,2533210
2012-07-10,14.265000343322754,15.199999809265137,14.265000343322754,14.899999618530273,14.448208808898926,466800
2012-07-11,14.699999809265137,15.09000015258789,14.609999656677246,14.75,14.302757263183594,158170
2012-07-12,14.609999656677246,14.994999885559082,14.425000190734863,14.795000076293945,14.346393585205078,1006980
2012-07-13,14.404999732971191,15.010000228881836,14.404999732971191,14.800000190734863,14.351242065429688,184800
2012-07-16,14.5,14.880000114440918,14.5,14.694999694824219,14.249424934387207,912530
2012-07-17,14.510000228881836,15.039999961853027,14.510000228881836,14.850000381469727,14.399725914001465,216220
2012-07-18,14.649999618530273,15.59000015258789,14.649999618530273,15.345000267028809,14.879715919494629,757780
2012-07-19,15.795000076293945,16.469999313354492,15.125,15.889999389648438,15.408190727233887,658930
2012-07-20,15.824999809265137,16.19499969482422,15.8149995803833,16.0049991607666,15.51970386505127,679150
2012-07-23,15.930000305175781,16.295000076293945,15.739999771118164,15.960000991821289,15.476069450378418,519280
2012-07-24,15.930000305175781,16.450000762939453,15.930000305175781,16.045000076293945,15.558490753173828,514950
2012-07-25,16.024999618530273,16.344999313354492,15.800000190734863,15.994999885559082,15.51000690460205,675220
2012-07-26,15.975000381469727,16.200000762939453,15.899999618530273,15.925000190734863,15.442130088806152,724840
2012-07-27,15.925000190734863,16.280000686645508,15.904999732971191,16.094999313354492,15.606974601745605,591750
2012-07-30,16.030000686645508,17.399999618530273,15.930000305175781,16.8799991607666,16.36817169189453,1930870
2012-07-31,16.725000381469727,16.899999618530273,16.610000610351562,16.69499969482422,16.18878173828125,619290
2012-08-01,16.6299991607666,17.43000030517578,15.0,15.604999542236328,15.13183307647705,3077670
2012-08-02,15.625,16.229999542236328,15.625,16.049999237060547,15.563339233398438,447430
2012-08-03,16.030000686645508,16.395000457763672,16.024999618530273,16.185001373291016,15.69424819946289,639910
2012-08-06,16.225000381469727,17.15999984741211,16.010000228881836,16.385000228881836,15.888181686401367,949920
2012-08-07,16.450000762939453,16.450000762939453,16.104999542236328,16.214998245239258,15.81988525390625,721250
2012-08-08,16.229999542236328,16.399999618530273,15.800000190734863,16.189998626708984,15.79549503326416,733320
2012-08-09,16.1299991607666,16.4950008392334,16.0,16.235000610351562,15.839402198791504,522900
2012-08-10,16.65999984741211,16.65999984741211,16.219999313354492,16.485000610351562,16.083309173583984,1538380
2012-08-13,16.5,16.760000228881836,16.43000030517578,16.53999900817871,16.136966705322266,560910
2012-08-14,16.530000686645508,16.799999237060547,16.104999542236328,16.475000381469727,16.07355308532715,524340
2012-08-16,16.790000915527344,16.889999389648438,16.309999465942383,16.739999771118164,16.332096099853516,403600
2012-08-17,16.725000381469727,17.549999237060547,16.725000381469727,17.485000610351562,17.058942794799805,709020
2012-08-21,17.594999313354492,17.889999389648438,17.420000076293945,17.610000610351562,17.18089485168457,356720
2012-08-22,17.53499984741211,17.989999771118164,17.299999237060547,17.41499900817871,16.990646362304688,269830
2012-08-23,17.43000030517578,17.700000762939453,17.350000381469727,17.395000457763672,16.971134185791016,298470
2012-08-24,17.329999923706055,17.56999969482422,17.280000686645508,17.375,16.951622009277344,351720
2012-08-27,17.329999923706055,17.700000762939453,17.049999237060547,17.310001373291016,16.888206481933594,500000
2012-08-28,17.700000762939453,17.700000762939453,16.530000686645508,17.075000762939453,16.658933639526367,356010
2012-08-29,17.024999618530273,17.489999771118164,16.829999923706055,16.964998245239258,16.551610946655273,371950
2012-08-30,16.924999237060547,17.389999389648438,16.899999618530273,16.985000610351562,16.57112693786621,334370
2012-08-31,16.93000030517578,17.299999237060547,16.920000076293945,16.950000762939453,16.53697967529297,327530
2012-09-03,17.270000457763672,17.979999542236328,16.299999237060547,17.185001373291016,16.766252517700195,625240
2012-09-04,18.0,19.489999771118164,17.024999618530273,17.454999923706055,17.029672622680664,1076350
2012-09-05,17.59000015258789,17.969999313354492,17.1200008392334,17.435001373291016,17.010162353515625,308570
2012-09-06,17.229999542236328,18.440000534057617,17.229999542236328,17.905000686645508,17.468708038330078,593860
2012-09-07,17.825000762939453,18.399999618530273,17.825000762939453,18.145000457763672,17.70285987854004,411890
2012-09-10,17.924999237060547,18.655000686645508,17.924999237060547,18.035001754760742,17.59554100036621,323520
2012-09-11,17.93000030517578,18.299999237060547,17.709999084472656,17.850000381469727,17.41504669189453,347980
2012-09-12,17.829999923706055,18.239999771118164,17.81999969482422,18.060001373291016,17.619930267333984,260570
2012-09-13,18.030000686645508,18.06999969482422,18.010000228881836,18.045000076293945,17.605295181274414,304670
2012-09-14,18.030000686645508,18.049999237060547,17.729999542236328,17.83500099182129,17.400413513183594,354460
2012-09-17,17.825000762939453,18.389999389648438,17.799999237060547,17.899999618530273,17.463829040527344,215130
2012-09-18,17.825000762939453,18.295000076293945,17.81999969482422,17.899999618530273,17.463829040527344,247090
2012-09-20,17.825000762939453,17.989999771118164,17.729999542236328,17.8799991607666,17.444316864013672,157120
2012-09-21,17.829999923706055,18.274999618530273,17.725000381469727,17.839998245239258,17.405290603637695,209430
2012-09-24,17.735000610351562,18.190000534057617,17.704999923706055,17.785001754760742,17.351633071899414,250640
2012-09-25,17.360000610351562,18.274999618530273,17.360000610351562,17.6299991607666,17.200408935546875,454970
2012-09-26,17.204999923706055,17.979999542236328,16.139999389648438,16.910001754760742,16.497953414916992,229210
2012-09-27,17.799999237060547,17.799999237060547,15.875,16.110000610351562,15.717446327209473,249010
2012-09-28,15.8149995803833,17.094999313354492,15.699999809265137,16.2450008392334,15.849157333374023,319390
2012-10-01,16.25,16.850000381469727,16.125,16.649999618530273,16.244287490844727,290150
2012-10-03,16.719999313354492,16.7450008392334,16.225000381469727,16.5049991607666,16.102821350097656,250020
2012-10-04,16.565000534057617,16.700000762939453,16.2549991607666,16.4950008392334,16.093067169189453,279020
2012-10-05,16.354999542236328,16.584999084472656,16.1299991607666,16.160001754760742,15.766230583190918,119740
2012-10-08,16.309999465942383,16.309999465942383,16.0,16.0049991607666,15.615004539489746,119720
2012-10-09,16.05500030517578,16.5049991607666,16.05500030517578,16.399999618530273,16.000381469726562,273130
2012-10-10,15.904999732971191,16.489999771118164,15.539999961853027,15.939998626708984,15.551587104797363,142450
2012-10-11,15.505000114440918,16.59000015258789,15.505000114440918,16.30500030517578,15.907694816589355,212590
2012-10-12,15.819999694824219,16.5,15.819999694824219,16.014999389648438,15.624761581420898,125110
2012-10-15,15.805000305175781,16.229999542236328,15.805000305175781,15.939998626708984,15.551587104797363,128560
2012-10-16,16.579999923706055,16.579999923706055,15.725000381469727,15.75,15.366219520568848,138840
2012-10-17,16.21500015258789,16.299999237060547,15.869999885559082,16.079999923706055,15.688178062438965,120230
2012-10-18,16.700000762939453,16.700000762939453,16.0,16.114999771118164,15.722323417663574,123510
2012-10-19,16.30500030517578,16.30500030517578,15.75,16.06999969482422,15.678421020507812,129490
2012-10-22,16.030000686645508,16.479999542236328,16.020000457763672,16.020000457763672,15.629640579223633,106420
2012-10-23,15.899999618530273,16.399999618530273,15.770000457763672,15.970000267028809,15.58085823059082,106810
2012-10-25,15.904999732971191,16.385000228881836,15.729999542236328,15.869999885559082,15.483294486999512,109570
2012-10-29,15.850000381469727,16.094999313354492,15.569999694824219,15.664999008178711,15.283288955688477,105800
2012-10-30,15.789999961853027,16.600000381469727,15.699999809265137,16.125,15.732081413269043,123610
2012-10-31,16.149999618530273,16.489999771118164,16.0049991607666,16.024999618530273,15.634517669677734,111110
2012-11-01,16.0,16.290000915527344,15.699999809265137,16.170000076293945,15.775983810424805,113890
2012-11-02,16.100000381469727,16.4950008392334,15.899999618530273,16.0,15.610126495361328,205470
2012-11-05,16.100000381469727,16.100000381469727,15.569999694824219,15.800000190734863,15.414999961853027,127100
2012-11-06,16.100000381469727,16.100000381469727,15.600000381469727,15.889999389648438,15.502806663513184,158040
2012-11-07,16.0,16.0,15.795000076293945,15.850000381469727,15.463781356811523,106600
2012-11-08,15.795000076293945,16.155000686645508,15.505000114440918,15.939998626708984,15.551587104797363,132210
2012-11-09,16.34000015258789,16.350000381469727,15.699999809265137,15.845000267028809,15.458904266357422,163970
2012-11-12,15.84000015258789,15.920000076293945,15.569999694824219,15.600000381469727,15.219874382019043,107510
2012-11-15,15.824999809265137,15.835000038146973,15.15999984741211,15.220000267028809,14.849132537841797,118800
2012-11-16,15.104999542236328,15.550000190734863,15.104999542236328,15.300000190734863,14.927183151245117,109480
2012-11-19,15.399999618530273,16.385000228881836,15.319999694824219,15.454999923706055,15.07840633392334,167110
2012-11-20,15.460000038146973,15.770000457763672,15.199999809265137,15.255000114440918,14.883280754089355,105210
2012-11-21,15.104999542236328,15.539999961853027,15.100000381469727,15.225000381469727,14.854012489318848,332780
2012-11-22,14.805000305175781,15.484999656677246,14.800000190734863,14.9350004196167,14.57107925415039,179620
2012-11-23,14.805000305175781,15.385000228881836,14.800000190734863,14.845000267028809,14.483270645141602,129180
2012-11-26,14.699999809265137,15.289999961853027,13.899999618530273,14.235000610351562,13.888134956359863,197540
2012-11-27,14.005000114440918,14.699999809265137,14.005000114440918,14.545000076293945,14.190581321716309,142860
2012-11-29,14.210000038146973,14.675000190734863,14.210000038146973,14.609999656677246,14.253996849060059,134160
2012-11-30,14.210000038146973,14.869999885559082,14.164999961853027,14.479999542236328,14.127163887023926,141650
2012-12-03,14.1850004196167,14.84000015258789,14.1850004196167,14.345000267028809,13.995454788208008,131160
2012-12-04,14.199999809265137,14.680000305175781,14.055000305175781,14.4399995803833,14.088139533996582,111240
2012-12-05,14.460000038146973,14.739999771118164,14.25,14.560001373291016,14.205216407775879,184900
2012-12-06,14.505000114440918,14.789999961853027,14.505000114440918,14.595000267028809,14.239362716674805,110700
2012-12-07,14.699999809265137,14.819999694824219,14.3149995803833,14.600000381469727,14.244241714477539,118430
2012-12-10,14.505000114440918,14.779999732971191,14.420000076293945,14.680000305175781,14.32229232788086,108080
2012-12-11,14.600000381469727,14.800000190734863,14.449999809265137,14.689998626708984,14.332045555114746,126650
2012-12-12,14.604999542236328,14.789999961853027,14.399999618530273,14.449999809265137,14.097895622253418,119230
2012-12-13,14.305000305175781,14.699999809265137,14.199999809265137,14.385001182556152,14.034481048583984,124290
2012-12-14,14.300000190734863,14.800000190734863,14.204999923706055,14.390000343322754,14.039358139038086,152790
2012-12-17,14.305000305175781,14.779999732971191,14.25,14.40999984741211,14.058870315551758,113330
2012-12-18,14.300000190734863,14.4399995803833,14.204999923706055,14.300000190734863,13.95155143737793,109910
2012-12-19,14.354999542236328,14.75,14.220000267028809,14.40999984741211,14.058870315551758,115990
2012-12-20,14.420000076293945,14.75,14.074999809265137,14.234999656677246,13.888134002685547,149280
2012-12-21,14.100000381469727,14.6899995803833,13.920000076293945,14.039999961853027,13.69788646697998,229940
2012-12-24,14.0,14.550000190734863,13.819999694824219,13.869999885559082,13.532028198242188,109670
2012-12-26,13.800000190734863,14.489999771118164,13.800000190734863,14.359999656677246,14.010088920593262,317600
2012-12-27,14.444999694824219,14.449999809265137,13.869999885559082,14.015000343322754,13.67349624633789,320640
2012-12-28,13.899999618530273,14.270000457763672,13.720000267028809,14.020000457763672,13.678374290466309,111230
2012-12-31,14.395000457763672,14.430000305175781,13.859999656677246,14.109999656677246,13.766179084777832,110870
2013-01-01,14.130000114440918,14.170000076293945,13.904999732971191,13.975000381469727,13.634469985961914,111120
2013-01-02,14.0,14.395000457763672,13.920000076293945,14.010000228881836,13.668618202209473,115030
2013-01-03,13.899999618530273,14.375,13.800000190734863,13.914999961853027,13.575932502746582,124710
2013-01-04,13.850000381469727,14.449999809265137,13.765000343322754,13.925000190734863,13.585687637329102,112060
2013-01-07,13.854999542236328,14.069999694824219,13.760000228881836,13.925000190734863,13.585687637329102,115510
2013-01-08,13.949999809265137,14.0,13.8100004196167,13.914999961853027,13.575932502746582,107630
2013-01-09,14.199999809265137,14.65999984741211,13.704999923706055,14.305000305175781,13.956429481506348,148790
2013-01-10,14.100000381469727,14.100000381469727,12.800000190734863,13.145000457763672,12.824695587158203,225130
2013-01-11,13.149999618530273,13.6899995803833,11.960000038146973,12.095000267028809,11.800280570983887,445090
2013-01-14,12.0,12.5,11.5,12.15999984741211,11.863696098327637,132220
2013-01-15,12.390000343322754,12.399999618530273,11.954999923706055,11.975000381469727,11.683204650878906,158810
2013-01-16,12.079999923706055,12.085000038146973,11.84000015258789,11.944999694824219,11.653934478759766,129560
2013-01-17,11.899999618530273,12.175000190734863,11.524999618530273,11.96500015258789,11.67344856262207,689060
2013-01-18,12.100000381469727,12.449999809265137,11.039999961853027,11.8149995803833,11.52710247039795,421340
2013-01-21,11.984999656677246,12.0,11.710000038146973,11.859999656677246,11.571005821228027,118050
2013-01-22,11.760000228881836,11.899999618530273,11.4399995803833,11.645000457763672,11.361246109008789,109560
2013-01-23,11.614999771118164,11.699999809265137,11.505000114440918,11.625,11.341732025146484,110160
2013-01-24,11.550000190734863,11.960000038146973,9.300000190734863,9.885000228881836,9.64413070678711,2490130
2013-01-25,9.699999809265137,11.78499984741211,9.5,10.5649995803833,10.307561874389648,1318970
2013-01-28,10.399999618530273,10.494999885559082,10.199999809265137,10.319999694824219,10.06853199005127,141840
2013-01-29,10.300000190734863,10.449999809265137,10.015000343322754,10.239999771118164,9.99048137664795,124240
2013-01-30,10.25,10.399999618530273,10.024999618530273,10.15999984741211,9.912430763244629,131900
2013-01-31,10.199999809265137,10.494999885559082,10.024999618530273,10.375,10.122191429138184,128860
2013-02-01,10.199999809265137,10.65999984741211,10.03499984741211,10.170000076293945,9.922186851501465,146340
2013-02-04,10.369999885559082,10.6899995803833,10.305000305175781,10.324999809265137,10.073410034179688,118470
2013-02-05,11.199999809265137,12.244999885559082,10.0,10.239999771118164,9.99048137664795,265880
2013-02-06,10.25,10.444999694824219,10.024999618530273,10.25,10.000237464904785,116410
2013-02-07,10.579999923706055,10.579999923706055,10.0,10.255000114440918,10.005115509033203,124120
2013-02-08,10.300000190734863,10.5,10.0,10.305000305175781,10.0538969039917,116400
2013-02-11,10.3149995803833,10.694999694824219,10.005000114440918,10.125,9.878283500671387,155070
2013-02-12,10.100000381469727,10.300000190734863,9.819999694824219,9.895000457763672,9.653888702392578,139520
2013-02-13,10.100000381469727,10.100000381469727,9.850000381469727,9.9399995803833,9.697790145874023,129790
2013-02-14,10.194999694824219,10.194999694824219,9.699999809265137,9.904999732971191,9.663643836975098,128380
2013-02-15,10.050000190734863,10.220000267028809,9.704999923706055,10.039999961853027,9.795354843139648,174890
2013-02-18,10.0,10.295000076293945,9.805000305175781,9.880000114440918,9.639253616333008,109820
2013-02-19,10.0,10.09000015258789,9.720000267028809,9.774999618530273,9.536811828613281,113210
2013-02-20,10.199999809265137,10.199999809265137,9.649999618530273,9.899999618530273,9.65876579284668,125000
2013-02-21,10.25,10.289999961853027,9.635000228881836,9.680000305175781,9.444128036499023,123630
2013-02-22,10.194999694824219,10.199999809265137,9.600000381469727,9.760000228881836,9.522177696228027,128240
2013-02-25,9.614999771118164,10.0,9.555000305175781,9.710000038146973,9.473396301269531,158380
2013-02-26,9.699999809265137,9.795000076293945,9.199999809265137,9.625,9.390467643737793,188300
2013-02-27,9.505000114440918,9.59000015258789,9.0,9.404999732971191,9.175827026367188,143730
2013-02-28,9.40999984741211,9.510000228881836,9.010000228881836,9.135000228881836,8.912407875061035,143620
2013-03-01,9.5,9.520000457763672,9.050000190734863,9.244999885559082,9.019725799560547,131590
2013-03-04,9.510000228881836,10.010000228881836,9.305000305175781,9.5,9.268512725830078,124170
2013-03-05,9.800000190734863,9.8100004196167,9.3100004196167,9.5,9.268512725830078,107510
2013-03-06,8.505000114440918,9.800000190734863,8.505000114440918,9.430000305175781,9.20021915435791,116560
2013-03-07,9.5,9.524999618530273,9.305000305175781,9.444999694824219,9.214852333068848,109000
2013-03-08,9.399999618530273,9.6899995803833,9.350000381469727,9.40999984741211,9.180705070495605,137070
2013-03-11,9.699999809265137,9.800000190734863,9.399999618530273,9.545000076293945,9.312417030334473,118480
2013-03-12,9.600000381469727,9.600000381469727,9.319999694824219,9.354999542236328,9.127045631408691,107800
2013-03-13,9.5,9.600000381469727,9.319999694824219,9.335000038146973,9.107534408569336,133080
2013-03-14,9.5,9.595000267028809,9.305000305175781,9.329999923706055,9.102654457092285,116490
2013-03-15,9.350000381469727,9.479999542236328,9.305000305175781,9.329999923706055,9.102654457092285,114750
2013-03-18,9.324999809265137,9.329999923706055,8.899999618530273,8.949999809265137,8.731914520263672,135520
2013-03-19,9.0,9.5,8.994999885559082,9.359999656677246,9.13192367553711,124990
2013-03-20,9.305000305175781,9.994999885559082,9.204999923706055,9.354999542236328,9.127045631408691,122310
2013-03-21,9.350000381469727,9.899999618530273,9.300000190734863,9.470000267028809,9.23924446105957,114150
2013-03-22,9.5,9.520000457763672,9.300000190734863,9.319999694824219,9.09289836883545,107580
2013-03-25,9.359999656677246,9.600000381469727,9.149999618530273,9.319999694824219,9.09289836883545,726990
2013-03-26,9.100000381469727,9.484999656677246,8.899999618530273,9.295000076293945,9.06850814819336,777710
2013-03-28,9.305000305175781,11.100000381469727,9.005000114440918,10.1850004196167,9.936821937561035,183540
2013-04-01,10.0,10.199999809265137,9.824999809265137,10.100000381469727,9.853893280029297,128090
2013-04-02,9.899999618530273,10.100000381469727,9.600000381469727,9.895000457763672,9.653888702392578,118370
2013-04-03,9.890000343322754,10.024999618530273,9.604999542236328,9.954999923706055,9.712425231933594,109900
2013-04-04,9.399999618530273,9.949999809265137,9.300000190734863,9.494999885559082,9.263635635375977,129570
2013-04-05,9.399999618530273,9.550000190734863,9.300000190734863,9.324999809265137,9.097776412963867,119430
2013-04-08,9.350000381469727,9.494999885559082,9.300000190734863,9.350000381469727,9.12216854095459,110220
2013-04-09,9.479999542236328,9.819999694824219,9.305000305175781,9.404999732971191,9.175827026367188,111480
2013-04-10,9.449999809265137,10.5,9.345000267028809,9.725000381469727,9.488029479980469,118290
2013-04-11,9.770000457763672,9.850000381469727,9.324999809265137,9.494999885559082,9.263635635375977,115820
2013-04-12,9.399999618530273,9.694999694824219,9.399999618530273,9.53499984741211,9.30265998840332,106970
2013-04-15,9.305000305175781,10.100000381469727,9.300000190734863,9.670000076293945,9.434370994567871,113150
2013-04-16,9.779999732971191,9.800000190734863,9.300000190734863,9.414999961853027,9.185585021972656,108340
2013-04-17,9.420000076293945,9.595000267028809,9.300000190734863,9.4399995803833,9.209975242614746,107630
2013-04-18,9.460000038146973,9.5649995803833,9.300000190734863,9.494999885559082,9.263635635375977,129280
2013-04-22,9.300000190734863,9.694999694824219,9.300000190734863,9.494999885559082,9.263635635375977,120280
2013-04-23,9.399999618530273,9.649999618530273,9.305000305175781,9.645000457763672,9.409979820251465,109080
2013-04-25,9.574999809265137,9.600000381469727,9.300000190734863,9.444999694824219,9.214852333068848,109140
2013-04-26,9.4399995803833,9.954999923706055,9.300000190734863,9.75,9.512421607971191,133440
2013-04-29,9.765000343322754,9.899999618530273,9.569999694824219,9.649999618530273,9.414856910705566,108670
2013-04-30,9.520000457763672,9.734999656677246,9.3100004196167,9.630000114440918,9.395345687866211,111470
2013-05-02,9.510000228881836,9.680000305175781,9.4350004196167,9.619999885559082,9.385587692260742,113140
2013-05-03,9.600000381469727,9.800000190734863,9.319999694824219,9.399999618530273,9.17094898223877,106990
2013-05-06,9.574999809265137,9.739999771118164,9.329999923706055,9.510000228881836,9.27826976776123,115150
2013-05-07,9.550000190734863,9.600000381469727,9.40999984741211,9.524999618530273,9.292902946472168,111480
2013-05-08,9.5,10.100000381469727,9.425000190734863,9.8149995803833,9.575837135314941,177380
2013-05-09,9.800000190734863,9.850000381469727,9.5,9.619999885559082,9.385587692260742,106850
2013-05-10,9.524999618530273,9.630000114440918,9.420000076293945,9.539999961853027,9.307537078857422,107620
2013-05-13,9.550000190734863,9.579999923706055,9.34000015258789,9.454999923706055,9.224609375,121900
2013-05-14,9.475000381469727,9.649999618530273,9.300000190734863,9.479999542236328,9.24899959564209,113650
2013-05-15,9.319999694824219,9.649999618530273,9.3100004196167,9.5,9.268512725830078,107210
2013-05-16,9.449999809265137,9.699999809265137,9.350000381469727,9.479999542236328,9.24899959564209,111480
2013-05-17,9.520000457763672,9.680000305175781,9.3100004196167,9.46500015258789,9.234365463256836,145690
2013-05-20,9.5,9.739999771118164,9.350000381469727,9.430000305175781,9.20021915435791,148570
2013-05-21,9.399999618530273,9.5,9.319999694824219,9.399999618530273,9.17094898223877,106320
2013-05-22,9.600000381469727,9.600000381469727,9.319999694824219,9.395000457763672,9.166071891784668,112460
2013-05-23,9.59000015258789,9.59000015258789,9.300000190734863,9.395000457763672,9.166071891784668,258090
2013-05-24,9.399999618530273,9.5,9.300000190734863,9.380000114440918,9.151436805725098,106720
2013-05-27,9.569999694824219,9.569999694824219,9.300000190734863,9.380000114440918,9.151436805725098,107170
2013-05-28,9.390000343322754,9.515000343322754,9.350000381469727,9.364999771118164,9.136801719665527,157740
2013-05-29,9.449999809265137,9.449999809265137,9.3149995803833,9.354999542236328,9.127045631408691,105560
2013-05-30,9.399999618530273,9.539999961853027,9.300000190734863,9.460000038146973,9.229487419128418,171790
2013-05-31,9.3100004196167,9.460000038146973,9.100000381469727,9.244999885559082,9.019725799560547,116570
2013-06-03,9.5,9.5,9.300000190734863,9.359999656677246,9.13192367553711,138010
2013-06-04,9.40999984741211,9.40999984741211,9.300000190734863,9.399999618530273,9.17094898223877,106390
2013-06-05,9.40999984741211,9.444999694824219,9.300000190734863,9.425000190734863,9.195341110229492,108500
2013-06-06,9.414999961853027,9.420000076293945,9.300000190734863,9.369999885559082,9.141680717468262,110520
2013-06-07,9.430000305175781,9.454999923706055,9.3100004196167,9.390000343322754,9.161194801330566,137570
2013-06-10,9.399999618530273,9.4350004196167,9.300000190734863,9.395000457763672,9.166071891784668,127570
2013-06-11,9.40999984741211,9.40999984741211,8.845000267028809,9.289999961853027,9.063630104064941,118950
2013-06-12,9.300000190734863,9.479999542236328,9.225000381469727,9.354999542236328,9.127045631408691,151650
2013-06-13,9.329999923706055,9.414999961853027,9.300000190734863,9.369999885559082,9.141680717468262,143990
2013-06-14,9.399999618530273,9.420000076293945,9.300000190734863,9.324999809265137,9.097776412963867,151730
2013-06-17,9.380000114440918,9.5,9.305000305175781,9.399999618530273,9.17094898223877,150050
2013-06-18,9.420000076293945,9.460000038146973,9.305000305175781,9.430000305175781,9.20021915435791,162430
2013-06-19,9.399999618530273,9.40999984741211,9.300000190734863,9.350000381469727,9.12216854095459,108500
2013-06-20,9.300000190734863,9.399999618530273,9.050000190734863,9.274999618530273,9.048995018005371,110790
2013-06-21,9.369999885559082,9.375,9.25,9.324999809265137,9.097776412963867,108770
2013-06-24,9.390000343322754,9.430000305175781,8.954999923706055,9.069999694824219,8.848990440368652,114080
2013-06-25,9.270000457763672,9.380000114440918,9.199999809265137,9.289999961853027,9.063630104064941,110150
2013-06-26,9.324999809265137,9.364999771118164,9.260000228881836,9.279999732971191,9.053873062133789,152710
2013-06-27,9.350000381469727,9.399999618530273,9.154999732971191,9.21500015258789,8.990457534790039,106790
2013-06-28,9.329999923706055,9.390000343322754,9.09000015258789,9.319999694824219,9.09289836883545,107390
2013-07-01,9.399999618530273,9.574999809265137,9.300000190734863,9.414999961853027,9.185585021972656,161120
2013-07-02,9.4399995803833,9.449999809265137,9.300000190734863,9.329999923706055,9.102654457092285,109720
2013-07-03,9.329999923706055,9.399999618530273,9.104999542236328,9.25,9.024603843688965,112190
2013-07-04,9.40999984741211,9.489999771118164,9.300000190734863,9.395000457763672,9.166071891784668,151920
2013-07-05,9.399999618530273,9.444999694824219,9.300000190734863,9.329999923706055,9.102654457092285,105120
2013-07-08,9.399999618530273,9.399999618530273,9.300000190734863,9.300000190734863,9.073386192321777,119350
2013-07-09,9.4350004196167,9.444999694824219,9.300000190734863,9.3100004196167,9.08314323425293,107200
2013-07-10,9.399999618530273,9.399999618530273,9.220000267028809,9.279999732971191,9.053873062133789,120410
2013-07-11,9.380000114440918,9.380000114440918,9.300000190734863,9.350000381469727,9.12216854095459,136050
2013-07-12,9.380000114440918,9.380000114440918,9.210000038146973,9.289999961853027,9.063630104064941,112850
2013-07-15,9.350000381469727,9.449999809265137,9.300000190734863,9.354999542236328,9.127045631408691,106050
2013-07-16,9.34000015258789,9.4399995803833,9.300000190734863,9.34000015258789,9.112411499023438,188350
2013-07-17,9.380000114440918,9.385000228881836,9.225000381469727,9.260000228881836,9.034360885620117,108960
2013-07-18,9.329999923706055,9.359999656677246,9.204999923706055,9.255000114440918,9.029483795166016,148520
2013-07-19,9.350000381469727,9.359999656677246,9.199999809265137,9.244999885559082,9.019725799560547,144030
2013-07-22,9.300000190734863,9.369999885559082,9.21500015258789,9.220000267028809,8.995335578918457,109790
2013-07-23,9.300000190734863,9.300000190734863,9.100000381469727,9.255000114440918,9.029483795166016,112350
2013-07-24,9.180000305175781,9.699999809265137,9.145000457763672,9.15999984741211,8.936798095703125,148370
2013-07-25,9.25,9.319999694824219,9.149999618530273,9.1850004196167,8.961189270019531,105690
2013-07-26,9.199999809265137,9.380000114440918,9.199999809265137,9.335000038146973,9.107534408569336,116380
2013-07-29,9.350000381469727,9.350000381469727,9.180000305175781,9.274999618530273,9.048995018005371,145440
2013-07-30,9.460000038146973,9.460000038146973,8.505000114440918,8.9350004196167,8.717280387878418,148000
2013-07-31,9.100000381469727,9.229999542236328,8.5,9.029999732971191,8.809964179992676,128230
2013-08-01,9.229999542236328,9.649999618530273,8.75,9.010000228881836,8.79045295715332,113080
2013-08-02,9.100000381469727,9.300000190734863,8.699999809265137,8.954999923706055,8.73679256439209,115960
2013-08-05,9.154999732971191,9.649999618530273,8.800000190734863,8.9350004196167,8.717280387878418,112310
2013-08-06,9.0,9.0649995803833,8.869999885559082,8.90999984741211,8.692888259887695,106390
2013-08-07,8.920000076293945,9.069999694824219,8.699999809265137,8.890000343322754,8.771825790405273,108840
2013-08-08,9.199999809265137,9.199999809265137,8.505000114440918,8.984999656677246,8.865562438964844,119470
2013-08-12,9.0,9.289999961853027,9.0,9.270000457763672,9.146774291992188,109530
2013-08-13,9.300000190734863,9.300000190734863,8.699999809265137,8.9350004196167,8.816227912902832,122090
2013-08-14,9.135000228881836,9.680000305175781,8.854999542236328,9.024999618530273,8.905031204223633,128570
2013-08-16,9.050000190734863,9.149999618530273,8.699999809265137,9.0,8.880363464355469,122880
2013-08-19,9.199999809265137,9.5,8.845000267028809,8.904999732971191,8.786625862121582,110930
2013-08-20,8.800000190734863,8.984999656677246,8.760000228881836,8.854999542236328,8.73729133605957,109630
2013-08-21,8.899999618530273,9.045000076293945,8.800000190734863,8.835000038146973,8.717556953430176,110430
2013-08-22,8.899999618530273,9.199999809265137,8.789999961853027,9.015000343322754,8.895164489746094,111140
2013-08-23,9.210000038146973,9.210000038146973,8.800000190734863,8.979999542236328,8.860629081726074,116970
2013-08-26,9.0,9.039999961853027,8.850000381469727,8.96500015258789,8.845829010009766,106560
2013-08-27,9.0,9.199999809265137,8.800000190734863,8.975000381469727,8.855696678161621,108700
2013-08-28,8.899999618530273,9.100000381469727,8.704999923706055,8.899999618530273,8.781692504882812,107160
2013-08-29,8.8100004196167,8.899999618530273,8.800000190734863,8.805000305175781,8.687955856323242,107740
2013-08-30,9.0600004196167,9.0600004196167,8.800000190734863,8.864999771118164,8.74715805053711,111230
2013-09-02,8.899999618530273,9.09000015258789,8.829999923706055,8.989999771118164,8.870495796203613,112100
2013-09-03,9.050000190734863,9.199999809265137,8.699999809265137,8.975000381469727,8.855696678161621,116150
2013-09-04,9.0,9.0,8.75,8.890000343322754,8.771825790405273,114250
2013-09-05,8.890000343322754,9.085000038146973,8.880000114440918,8.944999694824219,8.826094627380371,109430
2013-09-06,8.960000038146973,9.600000381469727,8.835000038146973,9.135000228881836,9.013569831848145,118810
2013-09-10,8.949999809265137,9.635000228881836,8.90999984741211,9.085000038146973,8.9642333984375,107460
2013-09-11,9.050000190734863,9.130000114440918,8.9350004196167,9.045000076293945,8.924764633178711,108800
2013-09-12,9.199999809265137,9.279999732971191,8.90999984741211,9.09000015258789,8.969167709350586,113420
2013-09-13,9.140000343322754,9.229999542236328,8.824999809265137,9.114999771118164,8.993834495544434,130060
2013-09-16,9.050000190734863,9.199999809265137,8.9399995803833,9.005000114440918,8.885296821594238,115160
2013-09-17,8.899999618530273,9.1899995803833,8.75,9.010000228881836,8.890231132507324,143550
2013-09-18,9.100000381469727,9.300000190734863,8.949999809265137,9.085000038146973,8.9642333984375,116480
2013-09-19,8.949999809265137,9.28499984741211,8.9350004196167,9.0649995803833,8.944499015808105,126140
2013-09-20,8.979999542236328,9.234999656677246,8.949999809265137,9.050000190734863,8.929698944091797,113910
2013-09-23,8.949999809265137,9.104999542236328,8.904999732971191,9.024999618530273,8.905031204223633,106320
2013-09-24,9.0,9.199999809265137,8.904999732971191,9.100000381469727,8.979034423828125,183060
2013-09-25,9.03499984741211,9.15999984741211,8.90999984741211,9.005000114440918,8.885296821594238,110640
2013-09-26,8.920000076293945,9.085000038146973,8.904999732971191,8.954999923706055,8.83596134185791,111900
2013-09-27,9.300000190734863,9.300000190734863,8.9350004196167,9.085000038146973,8.9642333984375,163050
2013-09-30,8.984999656677246,9.194999694824219,8.899999618530273,9.03499984741211,8.914897918701172,113150
2013-10-01,8.9350004196167,9.145000457763672,8.904999732971191,9.045000076293945,8.924764633178711,107270
2013-10-03,9.0600004196167,9.149999618530273,8.970000267028809,9.005000114440918,8.885296821594238,110740
2013-10-04,8.984999656677246,10.0,8.949999809265137,9.140000343322754,9.018502235412598,163290
2013-10-07,8.954999923706055,9.279999732971191,8.930000305175781,9.085000038146973,8.9642333984375,139910
2013-10-08,8.960000038146973,9.21500015258789,8.925000190734863,9.085000038146973,8.9642333984375,112990
2013-10-09,9.149999618530273,9.170000076293945,9.029999732971191,9.09000015258789,8.969167709350586,130310
2013-10-10,8.970000267028809,9.1899995803833,8.960000038146973,9.029999732971191,8.909963607788086,110040
2013-10-11,9.100000381469727,9.1850004196167,8.899999618530273,9.0,8.880363464355469,120360
2013-10-14,8.949999809265137,9.074999809265137,8.949999809265137,8.975000381469727,8.855696678161621,109590
2013-10-15,9.0,9.069999694824219,8.914999961853027,8.975000381469727,8.855696678161621,115020
2013-10-17,9.095000267028809,9.114999771118164,8.899999618530273,8.970000267028809,8.850762367248535,116630
2013-10-18,9.039999961853027,9.045000076293945,8.90999984741211,8.930000305175781,8.811294555664062,225400
2013-10-21,9.050000190734863,9.109999656677246,8.904999732971191,9.0,8.880363464355469,263450
2013-10-22,9.100000381469727,9.100000381469727,8.930000305175781,8.949999809265137,8.83102798461914,122950
2013-10-23,8.970000267028809,9.135000228881836,8.944999694824219,8.984999656677246,8.865562438964844,110400
2013-10-24,9.03499984741211,9.300000190734863,8.9350004196167,9.1850004196167,9.062905311584473,119340
2013-10-25,9.055000305175781,9.180000305175781,8.975000381469727,9.125,9.003701210021973,125960
2013-10-28,9.050000190734863,9.069999694824219,8.904999732971191,8.925000190734863,8.806360244750977,115620
2013-10-29,9.024999618530273,9.024999618530273,8.8100004196167,8.904999732971191,8.786625862121582,118340
2013-10-30,8.975000381469727,9.095000267028809,8.960000038146973,8.989999771118164,8.870495796203613,111610
2013-10-31,9.0,9.050000190734863,8.899999618530273,8.90999984741211,8.791559219360352,116490
2013-11-01,9.024999618530273,9.15999984741211,8.899999618530273,9.03499984741211,8.914897918701172,206370
2013-11-05,8.899999618530273,9.079999923706055,8.899999618530273,9.069999694824219,8.949432373046875,107480
2013-11-06,8.930000305175781,9.395000457763672,8.930000305175781,9.1899995803833,9.06783676147461,117540
2013-11-07,9.100000381469727,9.229999542236328,9.074999809265137,9.130000114440918,9.008635520935059,111250
2013-11-08,9.149999618530273,9.199999809265137,8.904999732971191,8.944999694824219,8.826094627380371,109700
2013-11-11,9.010000228881836,9.199999809265137,8.914999961853027,8.914999961853027,8.796493530273438,112800
2013-11-12,9.0,9.0,8.899999618530273,8.90999984741211,8.791559219360352,108160
2013-11-13,8.984999656677246,9.005000114440918,8.75,8.90999984741211,8.791559219360352,116290
2013-11-14,8.899999618530273,9.005000114440918,8.505000114440918,8.734999656677246,8.61888599395752,120870
2013-11-18,8.899999618530273,8.949999809265137,8.75,8.774999618530273,8.658354759216309,110210
2013-11-19,8.704999923706055,8.899999618530273,8.399999618530273,8.555000305175781,8.441279411315918,181960
2013-11-20,8.5,8.699999809265137,8.5,8.649999618530273,8.535016059875488,113890
2013-11-21,8.704999923706055,8.899999618530273,8.654999732971191,8.770000457763672,8.653421401977539,109030
2013-11-22,8.800000190734863,8.994999885559082,8.675000190734863,8.755000114440918,8.638620376586914,110780
2013-11-25,8.739999771118164,9.0,8.699999809265137,8.895000457763672,8.77676010131836,110270
2013-11-26,8.800000190734863,9.0,8.520000457763672,8.864999771118164,8.74715805053711,115410
2013-11-27,8.779999732971191,8.975000381469727,8.670000076293945,8.9350004196167,8.816227912902832,114430
2013-11-28,8.850000381469727,8.960000038146973,8.569999694824219,8.6850004196167,8.569550514221191,128840
2013-11-29,8.899999618530273,8.899999618530273,8.569999694824219,8.734999656677246,8.61888599395752,114610
2013-12-02,8.734999656677246,8.9399995803833,8.675000190734863,8.734999656677246,8.61888599395752,113440
2013-12-03,8.75,8.890000343322754,8.710000038146973,8.770000457763672,8.653421401977539,109010
2013-12-04,8.805000305175781,8.90999984741211,8.71500015258789,8.71500015258789,8.599152565002441,120000
2013-12-05,8.795000076293945,8.9399995803833,8.755000114440918,8.845000267028809,8.727423667907715,110970
2013-12-06,8.800000190734863,8.925000190734863,8.5600004196167,8.699999809265137,8.5843505859375,128960
2013-12-09,8.720000267028809,8.869999885559082,8.5,8.555000305175781,8.441279411315918,122440
2013-12-10,8.704999923706055,8.899999618530273,8.5,8.550000190734863,8.436345100402832,123360
2013-12-11,8.6899995803833,8.760000228881836,8.600000381469727,8.699999809265137,8.5843505859375,115490
2013-12-12,8.699999809265137,8.824999809265137,8.520000457763672,8.755000114440918,8.638620376586914,116040
2013-12-13,8.789999961853027,8.84000015258789,8.555000305175781,8.78499984741211,8.668221473693848,125020
2013-12-16,8.539999961853027,8.994999885559082,8.5,8.850000381469727,8.7323579788208,120940
2013-12-17,8.699999809265137,8.899999618530273,8.604999542236328,8.8100004196167,8.692889213562012,111060
2013-12-18,8.649999618530273,8.994999885559082,8.600000381469727,8.824999809265137,8.70768928527832,169150
2013-12-19,8.779999732971191,8.930000305175781,8.649999618530273,8.864999771118164,8.74715805053711,166780
2013-12-20,8.8100004196167,8.944999694824219,8.720000267028809,8.885000228881836,8.766892433166504,159160
2013-12-23,8.800000190734863,8.975000381469727,8.78499984741211,8.875,8.757024765014648,118140
2013-12-24,8.899999618530273,9.0,8.699999809265137,8.90999984741211,8.791559219360352,127690
2013-12-26,8.850000381469727,9.050000190734863,8.800000190734863,9.039999961853027,8.919832229614258,189160
2013-12-27,9.5,9.5,8.600000381469727,9.359999656677246,9.235577583312988,199840
2013-12-30,9.5,10.199999809265137,9.3149995803833,10.015000343322754,9.881872177124023,216380
2013-12-31,10.010000228881836,10.475000381469727,10.010000228881836,10.300000190734863,10.163082122802734,186580
2014-01-01,10.005000114440918,10.625,10.005000114440918,10.414999961853027,10.276554107666016,222390
2014-01-02,10.015000343322754,10.600000381469727,10.015000343322754,10.489999771118164,10.350556373596191,204240
2014-01-03,10.494999885559082,10.579999923706055,10.050000190734863,10.489999771118164,10.350556373596191,174670
2014-01-06,10.5,10.895000457763672,10.350000381469727,10.774999618530273,10.631768226623535,128900
2014-01-07,10.800000190734863,10.989999771118164,10.5,10.765000343322754,10.621902465820312,155530
2014-01-08,10.600000381469727,10.829999923706055,10.505000114440918,10.720000267028809,10.577499389648438,143040
2014-01-09,10.789999961853027,10.944999694824219,10.640000343322754,10.710000038146973,10.567632675170898,174390
2014-01-10,10.899999618530273,11.020000457763672,10.640000343322754,10.8149995803833,10.671236038208008,147240
2014-01-13,11.0,11.050000190734863,10.699999809265137,10.885000228881836,10.740306854248047,136810
2014-01-14,11.010000228881836,11.399999618530273,10.765000343322754,11.265000343322754,11.115255355834961,164780
2014-01-15,11.010000228881836,11.699999809265137,11.010000228881836,11.649999618530273,11.495136260986328,252570
2014-01-16,11.699999809265137,12.0,11.649999618530273,11.970000267028809,11.810883522033691,534200
2014-01-17,12.0,12.289999961853027,11.614999771118164,11.755000114440918,11.59874153137207,212640
2014-01-20,11.670000076293945,11.800000190734863,11.015000343322754,11.569999694824219,11.416199684143066,221000
2014-01-21,11.699999809265137,11.75,11.3100004196167,11.524999618530273,11.371798515319824,148250
2014-01-22,11.970000267028809,12.170000076293945,11.8100004196167,12.045000076293945,11.884886741638184,562970
2014-01-23,12.300000190734863,12.399999618530273,11.399999618530273,11.875,11.717146873474121,413920
2014-01-24,11.9350004196167,12.055000305175781,11.3100004196167,11.395000457763672,11.24352741241455,248840
2014-01-27,11.399999618530273,11.795000076293945,11.300000190734863,11.395000457763672,11.24352741241455,133100
2014-01-28,11.5,11.5,11.125,11.255000114440918,11.105387687683105,121640
2014-01-29,11.399999618530273,11.899999618530273,11.199999809265137,11.220000267028809,11.070854187011719,110630
2014-01-30,11.399999618530273,11.399999618530273,10.699999809265137,11.09000015258789,10.942581176757812,118440
2014-01-31,11.5,11.5,10.46500015258789,10.625,10.483762741088867,803590
2014-02-03,10.800000190734863,10.800000190734863,10.404999732971191,10.505000114440918,10.365357398986816,1303790
2014-02-04,10.600000381469727,11.0,10.475000381469727,10.510000228881836,10.370291709899902,1099740
2014-02-05,10.600000381469727,11.0,10.600000381469727,10.75,10.607101440429688,255220
2014-02-06,10.800000190734863,10.859999656677246,10.475000381469727,10.645000457763672,10.503497123718262,928720
2014-02-07,10.649999618530273,10.694999694824219,10.569999694824219,10.569999694824219,10.429492950439453,182740
2014-02-10,10.579999923706055,10.949999809265137,10.510000228881836,10.630000114440918,10.488696098327637,136770
2014-02-11,10.6899995803833,10.789999961853027,10.600000381469727,10.755000114440918,10.61203384399414,104210
2014-02-12,10.75,10.975000381469727,10.614999771118164,10.949999809265137,10.804442405700684,172000
2014-02-13,10.75,10.895000457763672,10.654999732971191,10.664999961853027,10.52323055267334,104000
2014-02-14,10.670000076293945,10.800000190734863,10.475000381469727,10.539999961853027,10.39989185333252,1048490
2014-02-17,10.680000305175781,10.680000305175781,10.4399995803833,10.510000228881836,10.370291709899902,870490
2014-02-18,10.524999618530273,10.699999809265137,10.454999923706055,10.664999961853027,10.52323055267334,741960
2014-02-19,10.65999984741211,11.494999885559082,10.505000114440918,11.265000343322754,11.115255355834961,123730
2014-02-20,11.300000190734863,11.444999694824219,11.050000190734863,11.225000381469727,11.075786590576172,188390
2014-02-21,11.395000457763672,11.869999885559082,11.104999542236328,11.779999732971191,11.623409271240234,143170
2014-02-24,11.614999771118164,12.699999809265137,11.614999771118164,12.300000190734863,12.136497497558594,152410
2014-02-25,12.449999809265137,13.09000015258789,12.359999656677246,12.96500015258789,12.792656898498535,230550
2014-02-26,12.805000305175781,13.0,12.770000457763672,12.835000038146973,12.664384841918945,123320
2014-02-28,12.895000457763672,13.1899995803833,12.805000305175781,12.875,12.703853607177734,114740
2014-03-03,12.899999618530273,12.96500015258789,12.0,12.585000038146973,12.417707443237305,126880
2014-03-04,12.600000381469727,12.699999809265137,12.404999732971191,12.545000076293945,12.378239631652832,108040
2014-03-05,12.600000381469727,12.625,12.305000305175781,12.425000190734863,12.259835243225098,109970
2014-03-06,12.550000190734863,12.585000038146973,12.109999656677246,12.199999809265137,12.037825584411621,112710
2014-03-07,12.3149995803833,12.444999694824219,12.109999656677246,12.295000076293945,12.131563186645508,106550
2014-03-10,12.3149995803833,12.345000267028809,12.145000457763672,12.210000038146973,12.047693252563477,143990
2014-03-11,12.3100004196167,12.395000457763672,12.175000190734863,12.180000305175781,12.018092155456543,210660
2014-03-12,12.324999809265137,12.350000381469727,12.050000190734863,12.300000190734863,12.136497497558594,110750
2014-03-13,12.399999618530273,12.414999961853027,12.204999923706055,12.375,12.21049976348877,108060
2014-03-14,12.34000015258789,12.345000267028809,12.199999809265137,12.210000038146973,12.047693252563477,160910
2014-03-18,12.265000343322754,12.40999984741211,12.0,12.175000190734863,12.013158798217773,119330
2014-03-19,12.34000015258789,12.350000381469727,12.125,12.350000381469727,12.185832023620605,108770
2014-03-20,12.34000015258789,12.395000457763672,12.100000381469727,12.319999694824219,12.156229972839355,162940
2014-03-21,12.324999809265137,12.345000267028809,12.0,12.204999923706055,12.042759895324707,111210
2014-03-24,12.324999809265137,12.399999618530273,12.199999809265137,12.199999809265137,12.037825584411621,107000
2014-03-25,12.324999809265137,12.390000343322754,12.024999618530273,12.15999984741211,11.998357772827148,118410
2014-03-26,12.279999732971191,12.3149995803833,12.100000381469727,12.140000343322754,11.97862434387207,116370
2014-03-27,12.300000190734863,12.479999542236328,12.149999618530273,12.300000190734863,12.136497497558594,150330
2014-03-28,12.300000190734863,12.5,12.119999885559082,12.135000228881836,11.973690032958984,125720
2014-03-31,12.385000228881836,13.109999656677246,12.100000381469727,12.75,12.580514907836914,120380
2014-04-01,13.100000381469727,13.300000190734863,12.104999542236328,12.21500015258789,12.052626609802246,187890
2014-04-02,12.300000190734863,12.5,12.100000381469727,12.25,12.087162017822266,111580
2014-04-03,12.295000076293945,12.395000457763672,12.199999809265137,12.204999923706055,12.042759895324707,103970
2014-04-04,12.300000190734863,12.305000305175781,12.109999656677246,12.109999656677246,11.94902229309082,113060
2014-04-07,12.300000190734863,12.395000457763672,12.055000305175781,12.140000343322754,11.97862434387207,116040
2014-04-09,12.199999809265137,12.260000228881836,12.100000381469727,12.229999542236328,12.067426681518555,254850
2014-04-10,12.390000343322754,12.390000343322754,12.055000305175781,12.104999542236328,11.944087982177734,229080
2014-04-11,12.229999542236328,12.229999542236328,12.005000114440918,12.164999961853027,12.003291130065918,184430
2014-04-15,12.25,12.25,12.114999771118164,12.114999771118164,11.95395565032959,105180
2014-04-16,12.199999809265137,12.199999809265137,12.050000190734863,12.1850004196167,12.023025512695312,107770
2014-04-17,12.199999809265137,12.199999809265137,12.03499984741211,12.050000190734863,11.88982105255127,112840
2014-04-21,12.149999618530273,12.149999618530273,12.03499984741211,12.045000076293945,11.884886741638184,111650
2014-04-22,12.100000381469727,12.170000076293945,12.03499984741211,12.055000305175781,11.894753456115723,105040
2014-04-23,12.050000190734863,12.079999923706055,11.90999984741211,11.989999771118164,11.83061695098877,114010
2014-04-24,11.989999771118164,11.989999771118164,11.989999771118164,11.989999771118164,11.83061695098877,0
2014-04-25,12.050000190734863,12.050000190734863,11.960000038146973,12.0,11.840484619140625,105500
2014-04-28,12.050000190734863,12.199999809265137,12.005000114440918,12.199999809265137,12.037825584411621,105360
2014-04-29,12.100000381469727,12.1899995803833,11.970000267028809,12.039999961853027,11.879952430725098,116930
2014-04-30,12.100000381469727,12.194999694824219,11.90999984741211,11.979999542236328,11.82075023651123,171980
2014-05-02,11.8149995803833,12.09000015258789,11.699999809265137,11.800000190734863,11.643143653869629,177220
2014-05-05,11.800000190734863,11.899999618530273,11.800000190734863,11.805000305175781,11.648077011108398,101150
2014-05-06,11.880000114440918,11.880000114440918,11.529999732971191,11.675000190734863,11.519805908203125,122380
2014-05-07,11.649999618530273,11.680000305175781,11.550000190734863,11.600000381469727,11.445801734924316,104910
2014-05-08,11.699999809265137,11.699999809265137,11.600000381469727,11.604999542236328,11.450735092163086,102910
2014-05-09,11.75,11.75,11.664999961853027,11.694999694824219,11.539538383483887,101800
2014-05-12,11.699999809265137,11.800000190734863,11.505000114440918,11.75,11.5938081741333,104920
2014-05-13,11.800000190734863,11.920000076293945,11.550000190734863,11.899999618530273,11.741813659667969,112900
2014-05-14,11.885000228881836,12.0,11.640000343322754,11.765000343322754,11.608609199523926,139850
2014-05-15,11.819999694824219,12.010000228881836,11.600000381469727,11.914999961853027,11.756614685058594,108990
2014-05-16,11.899999618530273,13.0,11.899999618530273,12.180000305175781,12.018092155456543,179460
2014-05-19,12.199999809265137,12.399999618530273,11.90999984741211,12.329999923706055,12.166098594665527,138590
2014-05-20,12.100000381469727,12.5,11.899999618530273,12.399999618530273,12.235166549682617,110690
2014-05-21,12.420000076293945,12.494999885559082,12.119999885559082,12.229999542236328,12.067426681518555,122180
2014-05-22,12.300000190734863,12.994999885559082,12.100000381469727,12.8100004196167,12.639718055725098,153360
2014-05-23,12.850000381469727,12.9399995803833,12.369999885559082,12.720000267028809,12.55091381072998,152600
2014-05-26,13.390000343322754,13.5,12.25,12.704999923706055,12.536113739013672,351770
2014-05-27,12.699999809265137,12.699999809265137,12.260000228881836,12.399999618530273,12.235166549682617,125020
2014-05-28,12.75,12.770000457763672,12.255000114440918,12.569999694824219,12.402907371520996,124660
2014-05-29,12.550000190734863,12.800000190734863,12.279999732971191,12.404999732971191,12.240100860595703,131450
2014-05-30,12.425000190734863,13.5,12.404999732971191,12.939998626708984,12.767988204956055,165620
2014-06-02,12.699999809265137,13.1850004196167,12.319999694824219,12.494999885559082,12.328904151916504,141300
2014-06-03,12.399999618530273,12.710000038146973,12.3100004196167,12.425000190734863,12.259835243225098,131520
2014-06-04,12.5,12.795000076293945,12.3100004196167,12.479999542236328,12.314103126525879,119600
2014-06-05,12.5,12.550000190734863,11.800000190734863,12.229999542236328,12.067426681518555,274720
2014-06-06,12.699999809265137,13.699999809265137,12.699999809265137,12.975000381469727,12.80252456665039,462730
2014-06-09,13.0,13.0,12.399999618530273,12.734999656677246,12.565713882446289,166990
2014-06-10,12.680000305175781,12.760000228881836,12.5649995803833,12.59000015258789,12.42264175415039,128830
2014-06-11,12.699999809265137,13.100000381469727,12.40999984741211,12.574999809265137,12.407840728759766,177010
2014-06-12,12.680000305175781,12.680000305175781,12.210000038146973,12.369999885559082,12.20556640625,114520
2014-06-13,12.404999732971191,12.545000076293945,12.100000381469727,12.234999656677246,12.07236099243164,127800
2014-06-16,12.0649995803833,12.300000190734863,12.039999961853027,12.149999618530273,11.988490104675293,192540
2014-06-17,12.199999809265137,12.680000305175781,12.050000190734863,12.489999771118164,12.323970794677734,141910
2014-06-18,12.220000267028809,12.664999961853027,12.114999771118164,12.585000038146973,12.417707443237305,180130
2014-06-19,12.800000190734863,13.890000343322754,12.505000114440918,12.579999923706055,12.412775039672852,269630
2014-06-20,12.600000381469727,12.635000228881836,12.319999694824219,12.375,12.21049976348877,119220
2014-06-23,12.005000114440918,12.414999961853027,12.005000114440918,12.25,12.087162017822266,232150
2014-06-24,12.274999618530273,12.395000457763672,12.020000457763672,12.25,12.087162017822266,122540
2014-06-25,12.055000305175781,12.300000190734863,12.055000305175781,12.244999885559082,12.08222770690918,108980
2014-06-26,12.229999542236328,12.265000343322754,12.079999923706055,12.109999656677246,11.94902229309082,117550
2014-06-27,11.859999656677246,12.1899995803833,11.819999694824219,11.864999771118164,11.70727825164795,132400
2014-06-30,11.914999961853027,11.960000038146973,11.824999809265137,11.885000228881836,11.72701358795166,113100
2014-07-01,11.96500015258789,12.300000190734863,11.944999694824219,12.21500015258789,12.052626609802246,175930
2014-07-02,12.335000038146973,12.574999809265137,12.199999809265137,12.505000114440918,12.33877182006836,151260
2014-07-03,12.350000381469727,12.364999771118164,12.210000038146973,12.210000038146973,12.047693252563477,107290
2014-07-04,12.244999885559082,12.4350004196167,12.045000076293945,12.380000114440918,12.215433120727539,125940
2014-07-07,12.430000305175781,12.595000267028809,12.204999923706055,12.510000228881836,12.343705177307129,149910
2014-07-08,12.395000457763672,12.524999618530273,12.21500015258789,12.305000305175781,12.141429901123047,148310
2014-07-09,12.335000038146973,12.46500015258789,12.154999732971191,12.180000305175781,12.018092155456543,110860
2014-07-10,12.21500015258789,12.505000114440918,12.039999961853027,12.399999618530273,12.235166549682617,179370
2014-07-11,12.444999694824219,12.484999656677246,12.020000457763672,12.175000190734863,12.013158798217773,121740
2014-07-14,12.194999694824219,12.225000381469727,12.045000076293945,12.050000190734863,11.88982105255127,117720
2014-07-15,12.265000343322754,12.359999656677246,12.050000190734863,12.074999809265137,11.914487838745117,112940
2014-07-16,12.28499984741211,12.489999771118164,12.069999694824219,12.100000381469727,11.939155578613281,133620
2014-07-17,12.164999961853027,12.21500015258789,12.0649995803833,12.180000305175781,12.018092155456543,106960
2014-07-18,12.194999694824219,12.404999732971191,12.09000015258789,12.324999809265137,12.161164283752441,128520
2014-07-21,12.380000114440918,12.425000190734863,12.130000114440918,12.204999923706055,12.042759895324707,111130
2014-07-22,12.3149995803833,12.364999771118164,12.194999694824219,12.260000228881836,12.097028732299805,118720
2014-07-23,12.354999542236328,12.46500015258789,12.21500015258789,12.25,12.087162017822266,106940
2014-07-24,12.354999542236328,12.449999809265137,12.149999618530273,12.25,12.087162017822266,124180
2014-07-25,12.364999771118164,12.380000114440918,12.0,12.125,11.963823318481445,306790
2014-07-28,12.125,12.199999809265137,11.90999984741211,11.9399995803833,11.781282424926758,98900
2014-07-30,12.109999656677246,12.109999656677246,11.84000015258789,11.920000076293945,11.761548042297363,125390
2014-07-31,11.9350004196167,11.984999656677246,11.899999618530273,11.899999618530273,11.741813659667969,107500
2014-08-01,12.020000457763672,12.199999809265137,11.805000305175781,11.8149995803833,11.657943725585938,115930
2014-08-04,11.899999618530273,12.100000381469727,11.899999618530273,11.975000381469727,11.815816879272461,133060
2014-08-05,12.015000343322754,12.015000343322754,11.8100004196167,11.845000267028809,11.687545776367188,171400
2014-08-06,11.824999809265137,11.899999618530273,11.800000190734863,11.845000267028809,11.687545776367188,106500
2014-08-07,11.925000190734863,11.970000267028809,11.805000305175781,11.835000038146973,11.677678108215332,110890
2014-08-08,11.800000190734863,11.800000190734863,11.600000381469727,11.680000305175781,11.524738311767578,112820
2014-08-11,11.805000305175781,11.869999885559082,11.420000076293945,11.4350004196167,11.28299617767334,144600
2014-08-12,11.625,11.654999732971191,11.180000305175781,11.289999961853027,11.139922142028809,170300
2014-08-13,11.46500015258789,11.494999885559082,11.199999809265137,11.244999885559082,11.095520973205566,109560
2014-08-14,11.28499984741211,11.350000381469727,11.149999618530273,11.149999618530273,11.00178337097168,108730
2014-08-18,11.135000228881836,11.399999618530273,11.125,11.279999732971191,11.13005542755127,105350
2014-08-19,11.234999656677246,11.574999809265137,11.225000381469727,11.430000305175781,11.278061866760254,112580
2014-08-20,11.520000457763672,11.569999694824219,11.154999732971191,11.53499984741211,11.381665229797363,105340
2014-08-21,11.664999961853027,11.675000190734863,11.3149995803833,11.430000305175781,11.278061866760254,118020
2014-08-22,11.46500015258789,11.46500015258789,11.180000305175781,11.225000381469727,11.075786590576172,119250
2014-08-25,11.255000114440918,11.399999618530273,11.104999542236328,11.354999542236328,11.204058647155762,238450
2014-08-26,11.505000114440918,11.795000076293945,11.3149995803833,11.604999542236328,11.450735092163086,115560
2014-08-27,11.324999809265137,11.619999885559082,11.324999809265137,11.545000076293945,11.391532897949219,101970
2014-08-28,11.625,11.649999618530273,11.270000457763672,11.319999694824219,11.169523239135742,139110
2014-09-01,11.795000076293945,11.795000076293945,11.225000381469727,11.569999694824219,11.416199684143066,123520
2014-09-02,11.550000190734863,11.550000190734863,11.305000305175781,11.359999656677246,11.208992004394531,114870
2014-09-03,11.454999923706055,11.699999809265137,11.3100004196167,11.59000015258789,11.435935020446777,112390
2014-09-04,11.649999618530273,11.675000190734863,11.305000305175781,11.484999656677246,11.332330703735352,111990
2014-09-05,11.539999961853027,11.574999809265137,11.3100004196167,11.324999809265137,11.174457550048828,110950
2014-09-08,11.324999809265137,11.845000267028809,11.324999809265137,11.6850004196167,11.529672622680664,110830
2014-09-09,11.649999618530273,11.65999984741211,11.199999809265137,11.34000015258789,11.189258575439453,118740
2014-09-10,11.350000381469727,11.75,11.350000381469727,11.515000343322754,11.361932754516602,113530
2014-09-11,11.3149995803833,11.479999542236328,11.229999542236328,11.34000015258789,11.287281036376953,127520
2014-09-12,11.449999809265137,11.505000114440918,11.305000305175781,11.395000457763672,11.342025756835938,109900
2014-09-15,11.449999809265137,11.5,11.260000228881836,11.270000457763672,11.217606544494629,103890
2014-09-16,11.354999542236328,11.5,11.199999809265137,11.345000267028809,11.292257308959961,105950
2014-09-17,11.350000381469727,11.399999618530273,11.199999809265137,11.274999618530273,11.22258186340332,105390
2014-09-18,11.199999809265137,11.494999885559082,11.199999809265137,11.260000228881836,11.207653045654297,113680
2014-09-19,11.390000343322754,11.390000343322754,11.21500015258789,11.25,11.197698593139648,105030
2014-09-22,11.345000267028809,11.345000267028809,11.154999732971191,11.170000076293945,11.118070602416992,112460
2014-09-23,11.260000228881836,11.604999542236328,11.109999656677246,11.510000228881836,11.456490516662598,125390
2014-09-24,12.295000076293945,12.295000076293945,11.449999809265137,11.5600004196167,11.506258010864258,122180
2014-09-25,11.664999961853027,12.095000267028809,11.244999885559082,11.484999656677246,11.43160629272461,173460
2014-09-26,11.795000076293945,11.795000076293945,11.305000305175781,11.369999885559082,11.317140579223633,105950
2014-09-29,11.845000267028809,11.845000267028809,11.255000114440918,11.574999809265137,11.521187782287598,108330
2014-09-30,11.614999771118164,11.6899995803833,11.380000114440918,11.529999732971191,11.476396560668945,112500
2014-10-01,11.824999809265137,11.824999809265137,11.204999923706055,11.354999542236328,11.302210807800293,104780
2014-10-07,11.770000457763672,11.770000457763672,11.125,11.319999694824219,11.267373085021973,147460
2014-10-08,11.300000190734863,11.300000190734863,11.069999694824219,11.180000305175781,11.12802505493164,123170
2014-10-09,11.395000457763672,11.550000190734863,11.199999809265137,11.364999771118164,11.312164306640625,121150
2014-10-10,11.119999885559082,11.5,11.109999656677246,11.449999809265137,11.396768569946289,109930
2014-10-13,11.989999771118164,11.989999771118164,11.25,11.699999809265137,11.645606994628906,109190
2014-10-14,11.569999694824219,11.949999809265137,11.3149995803833,11.585000038146973,11.53114128112793,109430
2014-10-15,11.585000038146973,11.585000038146973,11.585000038146973,11.585000038146973,11.53114128112793,0
2014-10-16,11.5,11.595000267028809,11.274999618530273,11.279999732971191,11.227559089660645,109660
2014-10-17,11.899999618530273,11.899999618530273,11.300000190734863,11.385000228881836,11.332071304321289,106530
2014-10-20,11.399999618530273,11.449999809265137,11.125,11.274999618530273,11.22258186340332,106730
2014-10-21,11.305000305175781,12.0,11.300000190734863,11.779999732971191,11.725234985351562,116530
2014-10-22,12.789999961853027,12.789999961853027,11.5,11.890000343322754,11.834723472595215,201870
2014-10-27,11.800000190734863,11.96500015258789,11.720000267028809,11.885000228881836,11.829747200012207,104020
2014-10-28,11.800000190734863,11.949999809265137,11.524999618530273,11.6850004196167,11.630677223205566,122650
2014-10-29,11.725000381469727,11.800000190734863,11.609999656677246,11.609999656677246,11.556024551391602,103650
2014-10-30,11.699999809265137,11.800000190734863,11.649999618530273,11.71500015258789,11.660537719726562,103150
2014-10-31,11.805000305175781,11.824999809265137,11.550000190734863,11.739999771118164,11.685420989990234,105780
2014-11-03,11.654999732971191,11.760000228881836,11.649999618530273,11.699999809265137,11.645606994628906,104460
2014-11-05,11.805000305175781,11.835000038146973,11.300000190734863,11.795000076293945,11.740165710449219,108720
2014-11-07,11.850000381469727,12.0,11.53499984741211,11.854999542236328,11.799885749816895,128420
2014-11-10,11.954999923706055,12.265000343322754,11.654999732971191,12.09000015258789,12.033794403076172,108900
2014-11-11,12.055000305175781,12.095000267028809,11.604999542236328,11.949999809265137,11.894444465637207,107540
2014-11-12,12.300000190734863,14.295000076293945,12.300000190734863,13.640000343322754,13.57658863067627,644720
2014-11-13,13.75,13.824999809265137,13.25,13.630000114440918,13.566634178161621,178750
2014-11-14,13.574999809265137,16.350000381469727,13.25,15.020000457763672,14.950172424316406,668140
2014-11-17,15.5,16.5,15.109999656677246,15.390000343322754,15.318452835083008,247310
2014-11-18,15.414999961853027,16.899999618530273,15.300000190734863,16.024999618530273,15.950499534606934,292150
2014-11-19,16.0049991607666,17.6299991607666,15.609999656677246,15.744999885559082,15.671801567077637,717760
2014-11-20,15.795000076293945,16.295000076293945,15.335000038146973,15.449999809265137,15.378172874450684,296890
2014-11-21,15.444999694824219,15.800000190734863,15.305000305175781,15.484999656677246,15.413010597229004,185980
2014-11-24,15.329999923706055,16.440000534057617,15.244999885559082,15.345000267028809,15.273661613464355,799280
2014-11-25,15.1899995803833,15.475000381469727,14.600000381469727,14.645000457763672,14.576915740966797,144530
2014-11-26,14.5,14.895000457763672,13.899999618530273,14.15999984741211,14.094170570373535,166330
2014-11-27,14.585000038146973,14.59000015258789,13.100000381469727,13.145000457763672,13.083889961242676,225910
2014-11-28,13.300000190734863,14.130000114440918,12.8100004196167,13.335000038146973,13.273005485534668,187940
2014-12-01,12.800000190734863,14.890000343322754,12.399999618530273,13.300000190734863,13.238168716430664,115500
2014-12-02,13.300000190734863,13.430000305175781,13.010000228881836,13.119999885559082,13.059004783630371,113310
2014-12-03,13.0,13.5,12.989999771118164,13.350000381469727,13.287936210632324,112550
2014-12-04,14.449999809265137,14.890000343322754,13.0,14.324999809265137,14.258402824401855,237910
2014-12-05,14.154999732971191,14.270000457763672,13.21500015258789,13.3149995803833,13.253098487854004,181780
2014-12-08,13.0,13.699999809265137,12.404999732971191,12.5600004196167,12.501608848571777,198740
2014-12-09,12.649999618530273,12.850000381469727,11.895000457763672,11.994999885559082,11.93923568725586,143170
2014-12-10,12.0,12.420000076293945,12.0,12.164999961853027,12.108445167541504,157040
2014-12-11,12.199999809265137,12.319999694824219,12.0,12.239999771118164,12.183095932006836,120010
2014-12-12,12.229999542236328,12.295000076293945,11.5600004196167,11.75,11.695374488830566,163300
2014-12-15,11.800000190734863,12.180000305175781,11.699999809265137,11.869999885559082,11.81481647491455,136330
2014-12-16,11.800000190734863,11.800000190734863,11.119999885559082,11.524999618530273,11.471420288085938,112610
2014-12-17,11.550000190734863,11.725000381469727,11.0,11.59000015258789,11.536118507385254,108660
2014-12-18,11.699999809265137,12.895000457763672,11.600000381469727,12.604999542236328,12.546399116516113,150030
2014-12-19,12.649999618530273,12.649999618530273,11.71500015258789,11.899999618530273,11.844676971435547,199370
2014-12-22,11.850000381469727,12.100000381469727,11.850000381469727,12.0,11.944211959838867,104310
2014-12-23,12.984999656677246,12.984999656677246,11.734999656677246,12.005000114440918,11.949189186096191,117110
2014-12-24,12.0,12.170000076293945,12.0,12.100000381469727,12.043747901916504,102900
2014-12-26,12.140000343322754,12.265000343322754,11.725000381469727,11.744999885559082,11.690397262573242,110740
2014-12-29,11.800000190734863,11.994999885559082,11.760000228881836,11.899999618530273,11.844676971435547,111380
2014-12-30,12.5,12.994999885559082,12.5,12.640000343322754,12.581236839294434,194460
2014-12-31,12.875,12.899999618530273,12.604999542236328,12.729999542236328,12.670818328857422,117310
2015-01-01,12.899999618530273,12.899999618530273,12.550000190734863,12.765000343322754,12.705656051635742,121950
2015-01-02,12.880000114440918,13.0,12.114999771118164,12.444999694824219,12.3871431350708,128110
2015-01-05,12.300000190734863,12.350000381469727,12.039999961853027,12.069999694824219,12.013886451721191,161080
2015-01-06,12.5649995803833,12.5649995803833,11.430000305175781,11.609999656677246,11.556024551391602,164790
2015-01-07,12.300000190734863,12.300000190734863,11.699999809265137,11.829999923706055,11.775002479553223,148500
2015-01-08,11.710000038146973,12.199999809265137,11.699999809265137,12.079999923706055,12.023839950561523,136050
2015-01-09,11.904999732971191,12.140000343322754,11.725000381469727,11.845000267028809,11.789933204650879,115180
2015-01-12,12.385000228881836,12.385000228881836,11.550000190734863,11.734999656677246,11.68044376373291,107950
2015-01-13,11.899999618530273,12.0600004196167,11.699999809265137,11.90999984741211,11.854630470275879,124490
2015-01-14,11.795000076293945,12.395000457763672,11.220000267028809,11.694999694824219,11.640629768371582,139570
2015-01-15,11.550000190734863,11.994999885559082,11.550000190734863,11.829999923706055,11.775002479553223,98140
2015-01-16,11.899999618530273,12.489999771118164,11.635000228881836,11.760000228881836,11.705327987670898,137580
2015-01-19,11.800000190734863,12.170000076293945,11.53499984741211,11.739999771118164,11.685420989990234,123870
2015-01-20,11.800000190734863,12.164999961853027,11.604999542236328,12.085000038146973,12.028817176818848,114290
2015-01-21,12.0,12.149999618530273,11.725000381469727,11.8100004196167,11.755095481872559,111560
2015-01-22,11.899999618530273,12.199999809265137,11.800000190734863,12.164999961853027,12.108445167541504,558820
2015-01-23,12.399999618530273,12.494999885559082,11.835000038146973,11.90999984741211,11.854630470275879,757750
2015-01-27,12.029999732971191,12.050000190734863,11.800000190734863,11.975000381469727,11.919328689575195,104740
2015-01-28,11.800000190734863,12.074999809265137,11.600000381469727,11.944999694824219,11.889467239379883,727320
2015-01-29,11.305000305175781,12.069999694824219,11.305000305175781,12.050000190734863,11.993980407714844,137120
2015-01-30,12.0,12.0,11.699999809265137,11.864999771118164,11.809839248657227,103540
2015-02-02,11.899999618530273,11.994999885559082,11.699999809265137,11.890000343322754,11.834723472595215,109010
2015-02-03,11.845000267028809,12.0,11.75,11.899999618530273,11.844676971435547,110070
2015-02-04,11.899999618530273,12.600000381469727,11.899999618530273,12.510000228881836,12.451841354370117,184570
2015-02-05,12.550000190734863,13.539999961853027,12.130000114440918,13.03499984741211,12.974400520324707,464590
2015-02-06,13.079999923706055,13.699999809265137,12.994999885559082,13.279999732971191,13.218260765075684,456630
2015-02-09,13.0,14.095000267028809,13.0,13.75,13.686076164245605,400480
2015-02-10,13.505000114440918,14.899999618530273,13.5,14.385000228881836,14.318124771118164,767570
2015-02-11,14.050000190734863,14.484999656677246,13.425000190734863,13.635000228881836,13.571611404418945,838080
2015-02-12,13.600000381469727,14.899999618530273,13.5600004196167,14.225000381469727,14.158868789672852,962150
2015-02-13,14.5,16.299999237060547,14.5,15.869999885559082,15.796220779418945,1953900
2015-02-16,16.06999969482422,16.790000915527344,15.300000190734863,15.819999694824219,15.746452331542969,2249580
2015-02-18,15.819999694824219,17.190000534057617,15.699999809265137,16.565000534057617,16.48798942565918,1344250
2015-02-19,16.709999084472656,17.0,15.899999618530273,16.05500030517578,15.980360984802246,497840
2015-02-20,16.040000915527344,16.06999969482422,15.399999618530273,15.479999542236328,15.40803337097168,358160
2015-02-23,15.050000190734863,15.800000190734863,14.710000038146973,15.109999656677246,15.039753913879395,356670
2015-02-24,14.899999618530273,15.380000114440918,14.0,14.265000343322754,14.19868278503418,305000
2015-02-25,14.020000457763672,14.350000381469727,13.869999885559082,13.90999984741211,13.845332145690918,300710
2015-02-26,13.600000381469727,13.850000381469727,12.399999618530273,13.640000343322754,13.57658863067627,346560
2015-02-27,15.0,15.199999809265137,13.255000114440918,14.03499984741211,13.969751358032227,275630
2015-03-02,14.949999809265137,14.949999809265137,13.0649995803833,14.390000343322754,14.323101043701172,292490
2015-03-03,14.100000381469727,14.395000457763672,13.819999694824219,14.03499984741211,13.969751358032227,350180
2015-03-04,14.0,14.84000015258789,13.800000190734863,14.104999542236328,14.03942584991455,35850
2015-03-05,13.699999809265137,14.489999771118164,13.5,13.770000457763672,13.705984115600586,194640
2015-03-09,13.5,13.5,13.210000038146973,13.319999694824219,13.258074760437012,127100
2015-03-10,13.795000076293945,13.795000076293945,13.0,13.03499984741211,12.974400520324707,177480
2015-03-11,13.989999771118164,13.989999771118164,12.84000015258789,12.890000343322754,12.83007526397705,163790
2015-03-12,12.600000381469727,13.300000190734863,12.364999771118164,12.795000076293945,12.735516548156738,163460
2015-03-13,13.850000381469727,13.850000381469727,12.550000190734863,12.824999809265137,12.765377044677734,274810
2015-03-16,12.899999618530273,13.319999694824219,12.199999809265137,12.5,12.441887855529785,393210
2015-03-17,12.5,14.395000457763672,12.300000190734863,13.6850004196167,13.621378898620605,290090
2015-03-18,14.300000190734863,14.300000190734863,13.199999809265137,13.210000038146973,13.148587226867676,171150
2015-03-19,13.994999885559082,13.994999885559082,12.699999809265137,12.824999809265137,12.765377044677734,162830
2015-03-20,12.800000190734863,13.0,12.649999618530273,12.704999923706055,12.64593505859375,156420
2015-03-23,14.270000457763672,14.270000457763672,12.729999542236328,12.819999694824219,12.76039981842041,164690
2015-03-24,12.5,13.5,12.5,13.0649995803833,13.004261016845703,179200
2015-03-25,13.0,13.100000381469727,12.604999542236328,12.885000228881836,12.825098037719727,156110
2015-03-26,12.699999809265137,13.199999809265137,11.65999984741211,12.220000267028809,12.163189888000488,1584040
2015-03-27,12.25,13.5,11.765000343322754,13.015000343322754,12.954493522644043,450280
2015-03-30,12.100000381469727,13.095000267028809,12.100000381469727,12.96500015258789,12.904726028442383,163300
2015-03-31,12.895000457763672,13.279999732971191,12.710000038146973,12.800000190734863,12.740492820739746,157480
2015-04-01,12.850000381469727,13.989999771118164,12.800000190734863,13.199999809265137,13.138632774353027,154690
2015-04-06,13.0,13.399999618530273,12.609999656677246,13.020000457763672,12.959470748901367,163080
2015-04-07,13.005000114440918,13.199999809265137,12.720000267028809,12.789999961853027,12.730539321899414,154570
2015-04-08,12.835000038146973,13.0,12.520000457763672,12.6899995803833,12.631004333496094,157720
2015-04-09,12.694999694824219,13.109999656677246,12.5600004196167,12.819999694824219,12.76039981842041,168030
2015-04-10,12.885000228881836,13.074999809265137,12.710000038146973,12.819999694824219,12.76039981842041,150210
2015-04-13,12.899999618530273,13.0,12.649999618530273,12.670000076293945,12.61109733581543,155080
2015-04-15,12.744999885559082,12.920000076293945,12.600000381469727,12.78499984741211,12.725563049316406,157420
2015-04-16,12.800000190734863,13.0,12.75,12.800000190734863,12.740492820739746,138990
2015-04-17,12.800000190734863,12.979999542236328,12.399999618530273,12.979999542236328,12.919655799865723,151940
2015-04-20,12.899999618530273,12.899999618530273,12.100000381469727,12.34000015258789,12.282631874084473,172400
2015-04-21,12.399999618530273,12.800000190734863,12.100000381469727,12.494999885559082,12.436910629272461,186910
2015-04-22,12.550000190734863,12.899999618530273,12.479999542236328,12.555000305175781,12.49663257598877,165950
2015-04-23,12.494999885559082,12.699999809265137,12.449999809265137,12.510000228881836,12.451841354370117,167010
2015-04-24,12.550000190734863,12.71500015258789,12.550000190734863,12.574999809265137,12.516538619995117,164750
2015-04-27,12.8100004196167,12.8100004196167,12.199999809265137,12.300000190734863,12.242817878723145,150830
2015-04-28,12.399999618530273,12.885000228881836,12.3100004196167,12.600000381469727,12.541422843933105,153620
2015-04-29,12.649999618530273,12.975000381469727,12.614999771118164,12.779999732971191,12.720585823059082,181800
2015-04-30,12.899999618530273,12.970000267028809,12.430000305175781,12.835000038146973,12.775330543518066,153760
2015-05-04,12.899999618530273,12.899999618530273,12.300000190734863,12.6850004196167,12.626028060913086,160560
2015-05-05,12.699999809265137,13.020000457763672,12.430000305175781,12.699999809265137,12.640957832336426,151330
2015-05-06,12.699999809265137,12.800000190734863,12.109999656677246,12.75,12.690725326538086,166710
2015-05-07,12.800000190734863,12.954999923706055,12.199999809265137,12.510000228881836,12.451841354370117,157620
2015-05-08,12.550000190734863,13.0,12.5,12.920000076293945,12.85993480682373,160650
2015-05-11,13.0,13.300000190734863,12.539999961853027,12.779999732971191,12.720585823059082,154740
2015-05-12,12.800000190734863,12.989999771118164,12.5,12.800000190734863,12.740492820739746,209680
2015-05-13,12.75,13.244999885559082,12.699999809265137,13.055000305175781,12.994307518005371,207250
2015-05-14,12.899999618530273,13.895000457763672,12.800000190734863,13.149999618530273,13.088865280151367,909600
2015-05-15,13.989999771118164,13.989999771118164,12.625,13.0,12.939562797546387,908470
2015-05-18,13.140000343322754,13.149999618530273,12.65999984741211,12.779999732971191,12.720585823059082,296920
2015-05-19,12.904999732971191,13.050000190734863,12.5,12.520000457763672,12.46179485321045,240080
2015-05-20,12.515000343322754,12.975000381469727,12.505000114440918,12.8100004196167,12.750447273254395,162760
2015-05-21,12.5,13.0,12.350000381469727,12.75,12.690725326538086,154110
2015-05-22,12.800000190734863,13.095000267028809,12.609999656677246,12.859999656677246,12.800213813781738,224930
2015-05-25,12.949999809265137,13.149999618530273,12.729999542236328,12.899999618530273,12.840027809143066,204250
2015-05-26,12.850000381469727,13.03499984741211,12.649999618530273,12.739999771118164,12.680771827697754,295320
2015-05-27,12.744999885559082,12.989999771118164,12.550000190734863,12.885000228881836,12.825098037719727,368520
2015-05-28,12.899999618530273,12.989999771118164,12.604999542236328,12.654999732971191,12.596166610717773,180270
2015-05-29,12.694999694824219,12.989999771118164,12.600000381469727,12.765000343322754,12.705656051635742,154810
2015-06-01,12.699999809265137,12.75,12.494999885559082,12.595000267028809,12.536446571350098,157270
2015-06-02,12.600000381469727,12.649999618530273,12.300000190734863,12.359999656677246,12.30253791809082,160260
2015-06-03,12.399999618530273,12.449999809265137,11.619999885559082,11.675000190734863,11.620723724365234,217220
2015-06-04,11.699999809265137,12.345000267028809,11.699999809265137,12.28499984741211,12.227887153625488,196260
2015-06-05,12.300000190734863,12.40999984741211,12.100000381469727,12.25,12.193050384521484,145620
2015-06-08,12.300000190734863,12.399999618530273,12.015000343322754,12.130000114440918,12.0736083984375,353110
2015-06-09,12.130000114440918,12.199999809265137,11.524999618530273,11.53499984741211,11.48137378692627,193490
2015-06-10,11.600000381469727,11.880000114440918,11.0,11.345000267028809,11.292257308959961,199420
2015-06-11,11.399999618530273,12.494999885559082,11.100000381469727,11.399999618530273,11.347001075744629,159550
2015-06-12,11.5,11.960000038146973,11.100000381469727,11.494999885559082,11.441559791564941,337080
2015-06-15,11.5,11.569999694824219,11.199999809265137,11.430000305175781,11.376862525939941,174140
2015-06-16,11.5,11.850000381469727,11.03499984741211,11.414999961853027,11.361931800842285,155270
2015-06-17,11.449999809265137,11.795000076293945,11.220000267028809,11.59000015258789,11.536118507385254,294860
2015-06-18,11.600000381469727,11.600000381469727,11.029999732971191,11.475000381469727,11.421653747558594,163420
2015-06-19,11.5,12.0,11.199999809265137,11.529999732971191,11.476396560668945,259930
2015-06-22,11.199999809265137,11.895000457763672,11.130000114440918,11.470000267028809,11.41667652130127,157890
2015-06-23,11.5,11.789999961853027,11.300000190734863,11.375,11.322117805480957,175250
2015-06-24,11.399999618530273,11.880000114440918,11.21500015258789,11.59000015258789,11.536118507385254,333180
2015-06-25,11.449999809265137,11.890000343322754,11.199999809265137,11.385000228881836,11.332071304321289,156960
2015-06-26,11.300000190734863,11.399999618530273,11.199999809265137,11.324999809265137,11.272350311279297,162250
2015-06-29,11.300000190734863,11.789999961853027,11.050000190734863,11.635000228881836,11.580909729003906,153940
2015-06-30,11.5,11.585000038146973,11.135000228881836,11.210000038146973,11.15788459777832,160490
2015-07-01,11.199999809265137,11.779999732971191,11.100000381469727,11.46500015258789,11.411699295043945,272300
2015-07-02,11.399999618530273,11.46500015258789,11.109999656677246,11.204999923706055,11.152908325195312,432520
2015-07-03,11.300000190734863,11.399999618530273,11.199999809265137,11.199999809265137,11.147931098937988,150440
2015-07-06,11.0,11.880000114440918,11.0,11.210000038146973,11.15788459777832,183570
2015-07-07,11.25,11.380000114440918,11.024999618530273,11.039999961853027,10.988675117492676,292250
2015-07-08,11.100000381469727,11.180000305175781,10.805000305175781,10.899999618530273,10.849326133728027,215270
2015-07-09,11.0,11.100000381469727,11.0,11.0,10.948861122131348,166610
2015-07-10,11.050000190734863,11.100000381469727,10.699999809265137,10.845000267028809,10.79458236694336,259360
2015-07-13,11.0,11.0,10.720000267028809,10.795000076293945,10.744813919067383,171490
2015-07-14,10.850000381469727,11.5,10.8100004196167,10.960000038146973,10.90904712677002,1009270
2015-07-15,11.0,11.234999656677246,11.0,11.0,10.948861122131348,389020
2015-07-16,11.050000190734863,11.539999961853027,10.8100004196167,11.260000228881836,11.207653045654297,840340
2015-07-17,11.350000381469727,13.390000343322754,11.350000381469727,12.625,12.566306114196777,312810
2015-07-20,12.699999809265137,12.989999771118164,11.84000015258789,12.600000381469727,12.541422843933105,181370
2015-07-21,12.649999618530273,12.699999809265137,11.699999809265137,11.859999656677246,11.804862976074219,185290
2015-07-22,11.505000114440918,12.010000228881836,11.505000114440918,11.84000015258789,11.784955978393555,198200
2015-07-23,12.199999809265137,14.199999809265137,11.819999694824219,12.569999694824219,12.51156234741211,301050
2015-07-24,12.5,12.5600004196167,11.819999694824219,11.954999923706055,11.899421691894531,182530
2015-07-27,11.899999618530273,12.199999809265137,11.645000457763672,11.774999618530273,11.720257759094238,207260
2015-07-28,12.489999771118164,13.6899995803833,12.100000381469727,12.8100004196167,12.750447273254395,400150
2015-07-29,12.800000190734863,12.880000114440918,12.329999923706055,12.5649995803833,12.506585121154785,162290
2015-07-30,12.649999618530273,12.699999809265137,12.239999771118164,12.25,12.193050384521484,177220
2015-07-31,12.300000190734863,13.385000228881836,12.28499984741211,12.600000381469727,12.541422843933105,187780
2015-08-03,12.5,12.899999618530273,12.225000381469727,12.734999656677246,12.67579460144043,213720
2015-08-04,14.09000015258789,14.09000015258789,12.609999656677246,12.875,12.815144538879395,241100
2015-08-05,12.899999618530273,13.0,12.460000038146973,12.979999542236328,12.919655799865723,229800
2015-08-06,12.850000381469727,13.100000381469727,12.800000190734863,12.845000267028809,12.785284042358398,197060
2015-08-07,12.800000190734863,13.199999809265137,12.71500015258789,12.970000267028809,12.909703254699707,162020
2015-08-10,12.800000190734863,12.930000305175781,12.5,12.604999542236328,12.546399116516113,193950
2015-08-11,12.649999618530273,12.9399995803833,12.229999542236328,12.529999732971191,12.471748352050781,392070
2015-08-12,12.399999618530273,12.5,12.0,12.119999885559082,12.063653945922852,190000
2015-08-13,11.65999984741211,12.4399995803833,11.600000381469727,11.795000076293945,11.740165710449219,284080
2015-08-14,11.800000190734863,12.524999618530273,11.5,12.085000038146973,12.028817176818848,169760
2015-08-17,12.050000190734863,12.25,11.5,11.710000038146973,11.655560493469238,161100
2015-08-18,11.75,12.0649995803833,11.739999771118164,11.895000457763672,11.839700698852539,244130
2015-08-19,11.399999618530273,11.9399995803833,11.399999618530273,11.895000457763672,11.839700698852539,162630
2015-08-20,11.800000190734863,11.899999618530273,11.300000190734863,11.449999809265137,11.396768569946289,162350
2015-08-21,10.8100004196167,11.399999618530273,10.800000190734863,11.1850004196167,11.133001327514648,157190
2015-08-24,10.8100004196167,11.199999809265137,10.300000190734863,10.680000305175781,10.630349159240723,185950
2015-08-25,10.510000228881836,11.199999809265137,10.350000381469727,10.984999656677246,10.933930397033691,163550
2015-08-26,11.0,11.449999809265137,10.5,10.654999732971191,10.605464935302734,168240
2015-08-27,10.649999618530273,11.180000305175781,10.569999694824219,11.069999694824219,11.018535614013672,252760
2015-08-28,11.0,11.149999618530273,10.664999961853027,10.899999618530273,10.849326133728027,157110
2015-08-31,11.09000015258789,11.25,10.579999923706055,11.164999961853027,11.113094329833984,303770
2015-09-01,11.170000076293945,11.170000076293945,10.725000381469727,10.805000305175781,10.754768371582031,193070
2015-09-02,10.850000381469727,11.119999885559082,10.725000381469727,10.725000381469727,10.675140380859375,167760
2015-09-03,10.699999809265137,10.989999771118164,10.5,10.635000228881836,10.58555793762207,159040
2015-09-04,10.699999809265137,11.079999923706055,10.5,10.845000267028809,10.79458236694336,179880
2015-09-07,10.800000190734863,11.074999809265137,10.600000381469727,10.604999542236328,10.555697441101074,171190
2015-09-08,10.75,11.0,10.5,10.800000190734863,10.749791145324707,155620
2015-09-09,10.850000381469727,10.899999618530273,10.800000190734863,10.819999694824219,10.769698143005371,152080
2015-09-10,10.75,10.845000267028809,10.5,10.604999542236328,10.555697441101074,161950
2015-09-11,10.529999732971191,10.899999618530273,10.529999732971191,10.720000267028809,10.67016315460205,1188300
2015-09-14,10.75,11.100000381469727,10.609999656677246,11.100000381469727,11.048397064208984,150810
2015-09-15,11.100000381469727,11.100000381469727,10.630000114440918,10.899999618530273,10.849326133728027,154070
2015-09-16,10.800000190734863,11.0,10.625,10.774999618530273,10.724906921386719,183490
2015-09-18,10.850000381469727,11.140000343322754,10.755000114440918,10.755000114440918,10.704999923706055,161560
2015-09-21,10.600000381469727,12.845000267028809,10.600000381469727,12.680000305175781,12.680000305175781,990020
2015-09-22,13.100000381469727,14.0,11.40999984741211,11.494999885559082,11.494999885559082,484450
2015-09-23,10.960000038146973,13.399999618530273,10.960000038146973,11.274999618530273,11.274999618530273,506950
2015-09-24,11.489999771118164,11.489999771118164,10.949999809265137,11.0649995803833,11.0649995803833,129710
2015-09-28,11.100000381469727,11.899999618530273,10.720000267028809,10.954999923706055,10.954999923706055,135520
2015-09-29,10.779999732971191,10.960000038146973,10.635000228881836,10.829999923706055,10.829999923706055,58590
2015-09-30,10.829999923706055,10.899999618530273,10.734999656677246,10.880000114440918,10.880000114440918,110690
2015-10-01,10.880000114440918,10.880000114440918,10.65999984741211,10.729999542236328,10.729999542236328,125250
2015-10-05,11.675000190734863,11.675000190734863,10.505000114440918,10.604999542236328,10.604999542236328,443490
2015-10-06,10.694999694824219,10.890000343322754,10.335000038146973,10.59000015258789,10.59000015258789,2940620
2015-10-07,10.449999809265137,11.399999618530273,10.305000305175781,10.460000038146973,10.460000038146973,356010
2015-10-08,10.5,10.869999885559082,10.104999542236328,10.164999961853027,10.164999961853027,632290
2015-10-09,10.300000190734863,10.300000190734863,9.5649995803833,10.0649995803833,10.0649995803833,42270
2015-10-12,9.710000038146973,10.300000190734863,9.710000038146973,10.0,10.0,157550
2015-10-13,9.899999618530273,10.005000114440918,9.899999618530273,9.9399995803833,9.9399995803833,6940
2015-10-14,9.800000190734863,10.289999961853027,9.800000190734863,10.130000114440918,10.130000114440918,64640
2015-10-15,10.100000381469727,10.199999809265137,9.949999809265137,9.96500015258789,9.96500015258789,44060
2015-10-16,10.0,10.199999809265137,9.710000038146973,9.8149995803833,9.8149995803833,35280
2015-10-19,9.604999542236328,10.300000190734863,9.604999542236328,10.095000267028809,10.095000267028809,214950
2015-10-20,10.59000015258789,10.59000015258789,9.949999809265137,10.005000114440918,10.005000114440918,329230
2015-10-21,10.005000114440918,10.149999618530273,9.899999618530273,9.994999885559082,9.994999885559082,171480
2015-10-23,10.020000457763672,11.0,10.0,10.425000190734863,10.425000190734863,346420
2015-10-26,10.550000190734863,10.800000190734863,10.404999732971191,10.5,10.5,600440
2015-10-27,10.449999809265137,10.449999809265137,10.0,10.300000190734863,10.300000190734863,185130
2015-10-28,10.199999809265137,10.3100004196167,10.104999542236328,10.125,10.125,169180
2015-10-29,10.199999809265137,10.25,10.0,10.175000190734863,10.175000190734863,162450
2015-10-30,10.199999809265137,10.369999885559082,9.920000076293945,10.210000038146973,10.210000038146973,167470
2015-11-02,10.050000190734863,10.199999809265137,9.899999618530273,9.920000076293945,9.920000076293945,152490
2015-11-03,9.949999809265137,10.199999809265137,9.949999809265137,10.100000381469727,10.100000381469727,201070
2015-11-04,10.100000381469727,10.300000190734863,10.0,10.050000190734863,10.050000190734863,157820
2015-11-05,10.100000381469727,10.130000114440918,9.800000190734863,9.895000457763672,9.895000457763672,170590
2015-11-06,10.0,10.0,9.800000190734863,9.859999656677246,9.859999656677246,152850
2015-11-09,9.949999809265137,10.100000381469727,9.800000190734863,9.960000038146973,9.960000038146973,161200
2015-11-10,9.850000381469727,10.204999923706055,9.800000190734863,10.005000114440918,10.005000114440918,223000
2015-11-13,10.15999984741211,10.194999694824219,9.805000305175781,9.890000343322754,9.890000343322754,162090
2015-11-16,9.895000457763672,10.234999656677246,9.8100004196167,9.9399995803833,9.9399995803833,162490
2015-11-17,10.199999809265137,10.199999809265137,9.850000381469727,9.895000457763672,9.895000457763672,160680
2015-11-18,9.899999618530273,9.994999885559082,9.194999694824219,9.694999694824219,9.694999694824219,209920
2015-11-19,9.899999618530273,10.149999618530273,9.699999809265137,9.845000267028809,9.845000267028809,159370
2015-11-20,9.850000381469727,10.194999694824219,9.779999732971191,9.960000038146973,9.960000038146973,176510
2015-11-23,9.949999809265137,10.149999618530273,9.800000190734863,9.8100004196167,9.8100004196167,151960
2015-11-24,9.850000381469727,10.074999809265137,9.720000267028809,9.75,9.75,165630
2015-11-26,9.755000114440918,9.859999656677246,9.710000038146973,9.774999618530273,9.774999618530273,168940
2015-11-27,9.800000190734863,9.949999809265137,9.800000190734863,9.859999656677246,9.859999656677246,153150
2015-11-30,9.850000381469727,10.0,9.5,9.680000305175781,9.680000305175781,216620
2015-12-01,9.75,10.199999809265137,9.710000038146973,9.739999771118164,9.739999771118164,197920
2015-12-02,9.8100004196167,10.079999923706055,9.699999809265137,9.970000267028809,9.970000267028809,179730
2015-12-03,10.399999618530273,10.399999618530273,9.75,9.875,9.875,80500
2015-12-04,9.734999656677246,10.5,9.734999656677246,10.03499984741211,10.03499984741211,62740
2015-12-07,9.704999923706055,10.5,9.704999923706055,10.395000457763672,10.395000457763672,75480
2015-12-08,10.380000114440918,10.595000267028809,10.005000114440918,10.475000381469727,10.475000381469727,80500
2015-12-09,10.595000267028809,10.595000267028809,10.100000381469727,10.194999694824219,10.194999694824219,79440
2015-12-10,10.100000381469727,10.699999809265137,10.100000381469727,10.604999542236328,10.604999542236328,179740
2015-12-11,10.399999618530273,10.774999618530273,10.399999618530273,10.619999885559082,10.619999885559082,238500
2015-12-14,10.5,10.975000381469727,10.305000305175781,10.8100004196167,10.8100004196167,9080
2015-12-15,10.795000076293945,11.800000190734863,10.75,11.100000381469727,11.100000381469727,354190
2015-12-16,11.194999694824219,12.199999809265137,11.095000267028809,12.055000305175781,12.055000305175781,353670
2015-12-17,12.055000305175781,12.600000381469727,11.699999809265137,12.449999809265137,12.449999809265137,59730
2015-12-18,12.0,12.699999809265137,11.654999732971191,12.600000381469727,12.600000381469727,29890
2015-12-21,12.699999809265137,14.0,12.699999809265137,13.864999771118164,13.864999771118164,111050
2015-12-22,14.489999771118164,14.5600004196167,13.100000381469727,13.364999771118164,13.364999771118164,70670
2015-12-23,12.75,13.5,12.75,13.170000076293945,13.170000076293945,1083890
2015-12-24,13.5,13.5,12.8100004196167,12.970000267028809,12.970000267028809,28410
2015-12-28,12.850000381469727,13.244999885559082,12.1850004196167,12.954999923706055,12.954999923706055,10370
2015-12-29,12.824999809265137,15.005000114440918,12.824999809265137,14.53499984741211,14.53499984741211,582260
2015-12-30,14.300000190734863,14.649999618530273,13.600000381469727,14.239999771118164,14.239999771118164,3762940
2015-12-31,14.239999771118164,15.899999618530273,14.239999771118164,14.925000190734863,14.925000190734863,2197980
2016-01-01,15.100000381469727,15.489999771118164,14.699999809265137,14.875,14.875,61250
2016-01-04,14.75,14.975000381469727,13.850000381469727,14.170000076293945,14.170000076293945,48600
2016-01-05,14.170000076293945,15.5,13.510000228881836,15.225000381469727,15.225000381469727,368580
2016-01-06,14.800000190734863,15.0649995803833,14.699999809265137,14.90999984741211,14.90999984741211,26760
2016-01-07,14.399999618530273,14.875,13.869999885559082,13.989999771118164,13.989999771118164,29590
2016-01-08,14.829999923706055,15.1899995803833,13.604999542236328,15.010000228881836,15.010000228881836,115510
2016-01-11,14.5,15.0,14.100000381469727,14.880000114440918,14.880000114440918,10900
2016-01-12,14.699999809265137,14.954999923706055,14.454999923706055,14.614999771118164,14.614999771118164,15960
2016-01-13,14.204999923706055,14.989999771118164,13.899999618530273,14.03499984741211,14.03499984741211,19360
2016-01-14,14.0,14.0,13.710000038146973,13.720000267028809,13.720000267028809,153070
2016-01-15,14.0,14.0,13.3100004196167,13.390000343322754,13.390000343322754,103010
2016-01-18,13.300000190734863,13.300000190734863,12.600000381469727,12.899999618530273,12.899999618530273,7490
2016-01-19,12.699999809265137,13.550000190734863,12.305000305175781,12.539999961853027,12.539999961853027,128490
2016-01-20,12.125,12.25,11.800000190734863,12.074999809265137,12.074999809265137,147350
2016-01-21,12.180000305175781,12.350000381469727,11.829999923706055,12.010000228881836,12.010000228881836,107630
2016-01-22,12.300000190734863,12.600000381469727,12.300000190734863,12.600000381469727,12.600000381469727,1610
2016-01-25,12.100000381469727,13.295000076293945,12.0,12.824999809265137,12.824999809265137,10920
2016-01-27,12.800000190734863,13.095000267028809,12.225000381469727,12.6899995803833,12.6899995803833,104210
2016-01-28,12.1899995803833,12.984999656677246,12.1899995803833,12.395000457763672,12.395000457763672,112400
2016-01-29,12.949999809265137,12.949999809265137,12.21500015258789,12.375,12.375,125720
2016-02-01,12.5,12.800000190734863,12.300000190734863,12.635000228881836,12.635000228881836,123700
2016-02-02,12.899999618530273,14.699999809265137,12.704999923706055,12.96500015258789,12.96500015258789,2714120
2016-02-03,12.899999618530273,12.899999618530273,11.880000114440918,12.305000305175781,12.305000305175781,122300
2016-02-04,12.100000381469727,12.4399995803833,12.010000228881836,12.114999771118164,12.114999771118164,30080
2016-02-05,11.84000015258789,12.4399995803833,11.84000015258789,12.0649995803833,12.0649995803833,111600
2016-02-08,11.699999809265137,12.494999885559082,11.699999809265137,11.805000305175781,11.805000305175781,105250
2016-02-09,11.524999618530273,12.0,11.524999618530273,11.914999961853027,11.914999961853027,500
2016-02-10,11.5,12.0,11.0,11.010000228881836,11.010000228881836,131040
2016-02-11,11.050000190734863,11.345000267028809,9.449999809265137,10.175000190734863,10.175000190734863,117860
2016-02-12,10.199999809265137,10.5,10.0,10.25,10.25,13900
2016-02-15,10.25,11.359999656677246,10.25,11.109999656677246,11.109999656677246,112790
2016-02-16,11.100000381469727,11.574999809265137,9.699999809265137,9.9350004196167,9.9350004196167,173550
2016-02-17,10.489999771118164,10.489999771118164,9.505000114440918,10.135000228881836,10.135000228881836,5110
2016-02-18,10.5,10.5,9.800000190734863,9.930000305175781,9.930000305175781,126890
2016-02-19,10.100000381469727,10.100000381469727,9.524999618530273,9.845000267028809,9.845000267028809,133590
2016-02-22,10.1850004196167,10.1850004196167,9.600000381469727,9.984999656677246,9.984999656677246,123240
2016-02-23,9.989999771118164,10.28499984741211,9.710000038146973,9.725000381469727,9.725000381469727,118870
2016-02-24,9.729999542236328,9.864999771118164,9.600000381469727,9.864999771118164,9.864999771118164,110790
2016-02-25,9.664999961853027,9.989999771118164,9.645000457763672,9.770000457763672,9.770000457763672,5980
2016-02-26,9.770000457763672,9.989999771118164,9.244999885559082,9.5,9.5,19820
2016-02-29,9.244999885559082,9.244999885559082,8.699999809265137,8.835000038146973,8.835000038146973,39610
2016-03-01,8.850000381469727,8.850000381469727,7.070000171661377,8.170000076293945,8.170000076293945,1122430
2016-03-02,8.039999961853027,8.039999961853027,7.380000114440918,7.78000020980835,7.78000020980835,547950
2016-03-03,9.0,9.350000381469727,8.199999809265137,9.350000381469727,9.350000381469727,154165
2016-03-04,10.199999809265137,11.0,10.199999809265137,10.899999618530273,10.899999618530273,365406
2016-03-08,10.5,11.350000381469727,9.649999618530273,10.100000381469727,10.100000381469727,152968
2016-03-09,9.949999809265137,10.149999618530273,9.149999618530273,9.600000381469727,9.600000381469727,76634
2016-03-10,9.300000190734863,9.899999618530273,9.300000190734863,9.699999809265137,9.699999809265137,27574
2016-03-11,9.300000190734863,9.699999809265137,9.199999809265137,9.449999809265137,9.449999809265137,51554
2016-03-14,9.449999809265137,9.550000190734863,9.050000190734863,9.199999809265137,9.199999809265137,30088
2016-03-15,8.800000190734863,9.199999809265137,8.800000190734863,8.800000190734863,8.800000190734863,28489
2016-03-16,8.699999809265137,8.850000381469727,8.300000190734863,8.5,8.5,37780
2016-03-17,8.850000381469727,8.850000381469727,8.199999809265137,8.199999809265137,8.199999809265137,22046
2016-03-18,8.199999809265137,8.399999618530273,7.599999904632568,7.900000095367432,7.900000095367432,37668
2016-03-21,8.0,8.600000381469727,7.599999904632568,7.849999904632568,7.849999904632568,29387
2016-03-22,7.849999904632568,8.149999618530273,7.699999809265137,7.75,7.75,9768
2016-03-23,7.900000095367432,8.050000190734863,7.75,7.900000095367432,7.900000095367432,12910
2016-03-28,7.75,8.100000381469727,7.75,7.849999904632568,7.849999904632568,15596
2016-03-29,7.75,8.0,7.5,7.699999809265137,7.699999809265137,30160
2016-03-30,7.849999904632568,7.900000095367432,7.599999904632568,7.75,7.75,13991
2016-03-31,7.550000190734863,7.900000095367432,7.099999904632568,7.5,7.5,14257
2016-04-01,7.449999809265137,8.800000190734863,7.449999809265137,8.199999809265137,8.199999809265137,65059
2016-04-04,8.300000190734863,8.649999618530273,7.900000095367432,8.0,8.0,14948
2016-04-05,7.800000190734863,8.850000381469727,7.800000190734863,8.100000381469727,8.100000381469727,70447
2016-04-06,8.0,9.699999809265137,7.849999904632568,8.800000190734863,8.800000190734863,220236
2016-04-07,8.149999618530273,10.0,8.149999618530273,8.600000381469727,8.600000381469727,272570
2016-04-08,8.800000190734863,9.899999618530273,8.399999618530273,8.449999809265137,8.449999809265137,473556
2016-04-11,8.850000381469727,10.100000381469727,8.25,10.0,10.0,1659165
2016-04-12,9.75,11.399999618530273,9.149999618530273,9.399999618530273,9.399999618530273,1161780
2016-04-13,9.600000381469727,10.25,9.100000381469727,9.199999809265137,9.199999809265137,326039
2016-04-18,9.199999809265137,9.699999809265137,8.899999618530273,8.899999618530273,8.899999618530273,209623
2016-04-20,9.300000190734863,9.699999809265137,8.649999618530273,9.600000381469727,9.600000381469727,367931
2016-04-21,9.949999809265137,10.350000381469727,9.199999809265137,9.949999809265137,9.949999809265137,291734
2016-04-22,10.0,10.5,9.300000190734863,9.75,9.75,181057
2016-04-25,10.0,10.199999809265137,9.350000381469727,9.5,9.5,102025
2016-04-26,9.850000381469727,11.399999618530273,9.399999618530273,11.350000381469727,11.350000381469727,3007111
2016-04-27,11.350000381469727,12.75,10.25,11.350000381469727,11.350000381469727,1580158
2016-04-28,11.199999809265137,11.699999809265137,9.100000381469727,9.100000381469727,9.100000381469727,3712409
2016-04-29,8.350000381469727,8.75,7.300000190734863,7.300000190734863,7.300000190734863,3398716
2016-05-02,7.25,7.75,6.650000095367432,7.400000095367432,7.400000095367432,3267501
2016-05-03,7.550000190734863,7.900000095367432,5.949999809265137,5.949999809265137,5.949999809265137,5263762
2016-05-04,5.650000095367432,5.849999904632568,5.400000095367432,5.400000095367432,5.400000095367432,941462
2016-05-05,5.150000095367432,5.900000095367432,4.900000095367432,5.75,5.75,1182129
2016-05-06,5.849999904632568,6.25,5.349999904632568,5.949999809265137,5.949999809265137,1551901
2016-05-09,5.949999809265137,6.199999809265137,5.400000095367432,5.449999809265137,5.449999809265137,949198
2016-05-10,5.449999809265137,5.699999809265137,4.949999809265137,5.199999809265137,5.199999809265137,1438066
2016-05-11,5.199999809265137,5.199999809265137,4.849999904632568,5.0,5.0,244273
2016-05-12,4.849999904632568,5.349999904632568,4.849999904632568,5.0,5.0,525189
2016-05-13,5.150000095367432,5.150000095367432,4.849999904632568,5.0,5.0,223951
2016-05-16,5.0,5.099999904632568,4.550000190734863,4.949999809265137,4.949999809265137,125342
2016-05-17,4.949999809265137,5.300000190734863,4.800000190734863,4.849999904632568,4.849999904632568,560153
2016-05-18,4.849999904632568,5.099999904632568,4.650000095367432,4.949999809265137,4.949999809265137,207621
2016-05-19,5.0,5.099999904632568,4.800000190734863,4.949999809265137,4.949999809265137,132028
2016-05-20,5.0,5.0,4.800000190734863,4.849999904632568,4.849999904632568,116486
2016-05-23,4.900000095367432,4.900000095367432,4.650000095367432,4.699999809265137,4.699999809265137,106769
2016-05-24,4.699999809265137,4.800000190734863,4.550000190734863,4.599999904632568,4.599999904632568,60397
2016-05-25,4.599999904632568,4.800000190734863,4.400000095367432,4.5,4.5,215833
2016-05-26,4.5,4.550000190734863,4.050000190734863,4.050000190734863,4.050000190734863,507310
2016-05-27,4.050000190734863,4.050000190734863,3.8499999046325684,3.8499999046325684,3.8499999046325684,284472
2016-05-30,3.700000047683716,3.75,3.700000047683716,3.700000047683716,3.700000047683716,364656
2016-05-31,3.5999999046325684,3.5999999046325684,3.549999952316284,3.549999952316284,3.549999952316284,16286
2016-06-01,3.4000000953674316,3.4000000953674316,3.4000000953674316,3.4000000953674316,3.4000000953674316,31027
2016-06-02,3.4000000953674316,3.4000000953674316,3.25,3.25,3.25,21730
2016-06-03,3.0999999046325684,3.0999999046325684,3.0999999046325684,3.0999999046325684,3.0999999046325684,50443
2016-06-06,2.950000047683716,2.950000047683716,2.950000047683716,2.950000047683716,2.950000047683716,90190
2016-06-07,2.8499999046325684,2.8499999046325684,2.8499999046325684,2.8499999046325684,2.8499999046325684,22386
2016-06-08,2.75,2.75,2.75,2.75,2.75,62055
2016-06-09,2.6500000953674316,2.6500000953674316,2.6500000953674316,2.6500000953674316,2.6500000953674316,76284
2016-06-10,2.549999952316284,2.549999952316284,2.549999952316284,2.549999952316284,2.549999952316284,45550
2016-06-13,2.450000047683716,2.450000047683716,2.450000047683716,2.450000047683716,2.450000047683716,74172
2016-06-14,2.3499999046325684,2.3499999046325684,2.3499999046325684,2.3499999046325684,2.3499999046325684,176817
2016-06-15,2.25,2.25,2.25,2.25,2.25,152044
2016-06-16,2.1500000953674316,2.1500000953674316,2.1500000953674316,2.1500000953674316,2.1500000953674316,55731
2016-06-17,2.049999952316284,2.049999952316284,2.049999952316284,2.049999952316284,2.049999952316284,160184
2016-06-20,1.9500000476837158,1.9500000476837158,1.9500000476837158,1.9500000476837158,1.9500000476837158,78126
2016-06-21,1.899999976158142,1.899999976158142,1.899999976158142,1.899999976158142,1.899999976158142,99940
2016-06-22,1.850000023841858,1.850000023841858,1.850000023841858,1.850000023841858,1.850000023841858,563815
2016-06-23,1.7999999523162842,1.7999999523162842,1.7999999523162842,1.7999999523162842,1.7999999523162842,31247
2016-06-24,1.75,1.75,1.75,1.75,1.75,45354
2016-06-27,1.7000000476837158,1.7000000476837158,1.7000000476837158,1.7000000476837158,1.7000000476837158,37743
2016-06-28,1.649999976158142,1.649999976158142,1.649999976158142,1.649999976158142,1.649999976158142,34985
2016-06-29,1.600000023841858,1.600000023841858,1.600000023841858,1.600000023841858,1.600000023841858,122076
2016-06-30,1.5499999523162842,1.649999976158142,1.5499999523162842,1.5499999523162842,1.5499999523162842,2641489
2016-07-01,1.5499999523162842,1.600000023841858,1.5,1.600000023841858,1.600000023841858,9314765
2016-07-04,1.649999976158142,1.649999976158142,1.5499999523162842,1.649999976158142,1.649999976158142,13039449
2016-07-05,1.649999976158142,1.7000000476837158,1.600000023841858,1.600000023841858,1.600000023841858,11501985
2016-07-07,1.600000023841858,1.649999976158142,1.5499999523162842,1.600000023841858,1.600000023841858,5273788
2016-07-08,1.649999976158142,1.649999976158142,1.600000023841858,1.649999976158142,1.649999976158142,4769319
2016-07-11,1.7000000476837158,1.7000000476837158,1.7000000476837158,1.7000000476837158,1.7000000476837158,996704
2016-07-12,1.75,1.75,1.649999976158142,1.75,1.75,2133878
2016-07-13,1.7999999523162842,1.7999999523162842,1.75,1.7999999523162842,1.7999999523162842,882188
2016-07-14,1.850000023841858,1.850000023841858,1.850000023841858,1.850000023841858,1.850000023841858,283920
2016-07-15,1.850000023841858,1.899999976158142,1.7999999523162842,1.899999976158142,1.899999976158142,2489772
2016-07-18,1.899999976158142,1.899999976158142,1.850000023841858,1.850000023841858,1.850000023841858,1098560
2016-07-19,1.7999999523162842,1.7999999523162842,1.7999999523162842,1.7999999523162842,1.7999999523162842,184618
2016-07-20,1.75,1.75,1.75,1.75,1.75,85468
2016-07-21,1.7000000476837158,1.7000000476837158,1.7000000476837158,1.7000000476837158,1.7000000476837158,145852
2016-07-22,1.649999976158142,1.649999976158142,1.649999976158142,1.649999976158142,1.649999976158142,114864
2016-07-25,1.600000023841858,1.600000023841858,1.600000023841858,1.600000023841858,1.600000023841858,283558
2016-07-26,1.5499999523162842,1.649999976158142,1.5499999523162842,1.649999976158142,1.649999976158142,789596
2016-07-27,1.7000000476837158,1.7000000476837158,1.7000000476837158,1.7000000476837158,1.7000000476837158,57637
2016-07-28,1.75,1.75,1.75,1.75,1.75,189581
2016-07-29,1.7999999523162842,1.7999999523162842,1.7000000476837158,1.7000000476837158,1.7000000476837158,1418553
2016-08-01,1.7000000476837158,1.7000000476837158,1.649999976158142,1.649999976158142,1.649999976158142,617771
2016-08-02,1.600000023841858,1.649999976158142,1.600000023841858,1.649999976158142,1.649999976158142,299409
2016-08-03,1.600000023841858,1.649999976158142,1.600000023841858,1.600000023841858,1.600000023841858,478866
2016-08-04,1.600000023841858,1.600000023841858,1.5499999523162842,1.5499999523162842,1.5499999523162842,939687
2016-08-05,1.5499999523162842,1.7000000476837158,1.4500000476837158,1.649999976158142,1.649999976158142,1287163
2016-08-08,1.7000000476837158,1.75,1.5499999523162842,1.7000000476837158,1.7000000476837158,832416
2016-08-09,1.7000000476837158,1.7000000476837158,1.600000023841858,1.600000023841858,1.600000023841858,557681
2016-08-10,1.600000023841858,1.649999976158142,1.5499999523162842,1.5499999523162842,1.5499999523162842,600834
2016-08-11,1.600000023841858,1.600000023841858,1.4500000476837158,1.5499999523162842,1.5499999523162842,1007856
2016-08-12,1.5499999523162842,1.5499999523162842,1.4500000476837158,1.5499999523162842,1.5499999523162842,328734
2016-08-16,1.5,1.5499999523162842,1.4500000476837158,1.5,1.5,423933
2016-08-17,1.5499999523162842,1.5499999523162842,1.4500000476837158,1.4500000476837158,1.4500000476837158,301008
2016-08-18,1.5,1.5,1.399999976158142,1.4500000476837158,1.4500000476837158,226591
2016-08-19,1.5,1.5,1.399999976158142,1.5,1.5,259186
2016-08-22,1.4500000476837158,1.5499999523162842,1.4500000476837158,1.5,1.5,233525
2016-08-23,1.5499999523162842,1.5499999523162842,1.4500000476837158,1.4500000476837158,1.4500000476837158,285934
2016-08-24,1.5,1.5,1.399999976158142,1.4500000476837158,1.4500000476837158,699643
2016-08-25,1.4500000476837158,1.5,1.399999976158142,1.4500000476837158,1.4500000476837158,372897
2016-08-26,1.4500000476837158,1.5,1.399999976158142,1.4500000476837158,1.4500000476837158,242247
2016-08-29,1.4500000476837158,1.5,1.350000023841858,1.350000023841858,1.350000023841858,487315
2016-08-30,1.399999976158142,1.399999976158142,1.2999999523162842,1.350000023841858,1.350000023841858,402998
2016-08-31,1.399999976158142,1.399999976158142,1.25,1.25,1.25,1395830
2016-09-01,1.2999999523162842,1.350000023841858,1.2000000476837158,1.2999999523162842,1.2999999523162842,561744
2016-09-02,1.2999999523162842,1.5499999523162842,1.2999999523162842,1.5,1.5,836461
2016-09-06,1.5,1.7999999523162842,1.5,1.7999999523162842,1.7999999523162842,2238326
2016-09-07,2.0,2.1500000953674316,1.850000023841858,2.1500000953674316,2.1500000953674316,6265207
2016-09-08,2.0999999046325684,2.0999999046325684,1.9500000476837158,1.9500000476837158,1.9500000476837158,2812885
2016-09-09,1.899999976158142,1.899999976158142,1.7999999523162842,1.7999999523162842,1.7999999523162842,379886
2016-09-12,1.7000000476837158,1.75,1.649999976158142,1.649999976158142,1.649999976158142,1186650
2016-09-14,1.600000023841858,1.7000000476837158,1.600000023841858,1.7000000476837158,1.7000000476837158,1056726
2016-09-15,1.7000000476837158,1.75,1.649999976158142,1.75,1.75,1006141
2016-09-16,1.7999999523162842,1.7999999523162842,1.7000000476837158,1.7000000476837158,1.7000000476837158,926029
2016-09-19,1.7000000476837158,1.75,1.649999976158142,1.7000000476837158,1.7000000476837158,377081
2016-09-20,1.7000000476837158,1.75,1.649999976158142,1.7000000476837158,1.7000000476837158,345965
2016-09-21,1.7000000476837158,1.75,1.649999976158142,1.7000000476837158,1.7000000476837158,403577
2016-09-22,1.75,1.75,1.649999976158142,1.75,1.75,633631
2016-09-23,1.7999999523162842,1.7999999523162842,1.7000000476837158,1.75,1.75,238839
2016-09-26,1.7000000476837158,1.75,1.7000000476837158,1.7000000476837158,1.7000000476837158,598127
2016-09-27,1.649999976158142,1.649999976158142,1.649999976158142,1.649999976158142,1.649999976158142,186014
2016-09-28,1.600000023841858,1.7000000476837158,1.600000023841858,1.649999976158142,1.649999976158142,1000460
2016-09-29,1.649999976158142,1.7000000476837158,1.600000023841858,1.600000023841858,1.600000023841858,739800
2016-09-30,1.5499999523162842,1.649999976158142,1.5499999523162842,1.600000023841858,1.600000023841858,301466
2016-10-03,1.649999976158142,1.649999976158142,1.5499999523162842,1.600000023841858,1.600000023841858,268121
2016-10-04,1.5499999523162842,1.649999976158142,1.5499999523162842,1.600000023841858,1.600000023841858,262130
2016-10-05,1.5499999523162842,1.649999976158142,1.5499999523162842,1.5499999523162842,1.5499999523162842,335326
2016-10-06,1.600000023841858,1.600000023841858,1.5,1.5499999523162842,1.5499999523162842,503480
2016-10-07,1.600000023841858,1.649999976158142,1.5,1.600000023841858,1.600000023841858,357291
2016-10-10,1.600000023841858,1.7000000476837158,1.600000023841858,1.7000000476837158,1.7000000476837158,318868
2016-10-13,1.7000000476837158,1.7000000476837158,1.600000023841858,1.600000023841858,1.600000023841858,431207
2016-10-14,1.600000023841858,1.649999976158142,1.5499999523162842,1.600000023841858,1.600000023841858,178547
2016-10-17,1.649999976158142,1.7000000476837158,1.5499999523162842,1.649999976158142,1.649999976158142,701904
2016-10-18,1.7000000476837158,1.7000000476837158,1.600000023841858,1.649999976158142,1.649999976158142,132423
2016-10-19,1.649999976158142,1.649999976158142,1.5499999523162842,1.600000023841858,1.600000023841858,318920
2016-10-20,1.649999976158142,1.649999976158142,1.5499999523162842,1.649999976158142,1.649999976158142,466240
2016-10-21,1.649999976158142,1.649999976158142,1.5499999523162842,1.649999976158142,1.649999976158142,272438
2016-10-24,1.649999976158142,1.7000000476837158,1.600000023841858,1.600000023841858,1.600000023841858,348472
2016-10-25,1.600000023841858,1.7000000476837158,1.600000023841858,1.649999976158142,1.649999976158142,457571
2016-10-26,1.649999976158142,1.7000000476837158,1.600000023841858,1.649999976158142,1.649999976158142,254471
2016-10-27,1.600000023841858,1.649999976158142,1.600000023841858,1.600000023841858,1.600000023841858,244170
2016-10-28,1.649999976158142,1.649999976158142,1.600000023841858,1.600000023841858,1.600000023841858,114028
2016-11-01,1.649999976158142,1.7000000476837158,1.600000023841858,1.649999976158142,1.649999976158142,337401
2016-11-02,1.7000000476837158,1.7000000476837158,1.600000023841858,1.600000023841858,1.600000023841858,154366
2016-11-03,1.600000023841858,1.649999976158142,1.600000023841858,1.600000023841858,1.600000023841858,324155
2016-11-04,1.600000023841858,1.649999976158142,1.5499999523162842,1.600000023841858,1.600000023841858,399494
2016-11-07,1.649999976158142,1.649999976158142,1.5499999523162842,1.5499999523162842,1.5499999523162842,269565
2016-11-08,1.5499999523162842,1.649999976158142,1.5499999523162842,1.649999976158142,1.649999976158142,328254
2016-11-09,1.5,1.600000023841858,1.350000023841858,1.600000023841858,1.600000023841858,707654
2016-11-10,1.600000023841858,1.600000023841858,1.5499999523162842,1.600000023841858,1.600000023841858,54995
2016-11-11,1.600000023841858,1.600000023841858,1.5,1.5,1.5,171971
2016-11-15,1.5,1.5499999523162842,1.350000023841858,1.4500000476837158,1.4500000476837158,1208383
2016-11-16,1.4500000476837158,1.5,1.350000023841858,1.399999976158142,1.399999976158142,218450
2016-11-17,1.2999999523162842,1.399999976158142,1.25,1.2999999523162842,1.2999999523162842,741116
2016-11-18,1.350000023841858,1.399999976158142,1.25,1.2999999523162842,1.2999999523162842,652874
2016-11-21,1.350000023841858,1.350000023841858,1.25,1.25,1.25,170842
2016-11-22,1.2999999523162842,1.350000023841858,1.25,1.350000023841858,1.350000023841858,156974
2016-11-23,1.350000023841858,1.399999976158142,1.25,1.350000023841858,1.350000023841858,531149
2016-11-24,1.350000023841858,1.4500000476837158,1.25,1.399999976158142,1.399999976158142,259768
2016-11-25,1.399999976158142,1.4500000476837158,1.350000023841858,1.399999976158142,1.399999976158142,231810
2016-11-28,1.399999976158142,1.399999976158142,1.350000023841858,1.399999976158142,1.399999976158142,93066
2016-11-29,1.399999976158142,1.399999976158142,1.2999999523162842,1.350000023841858,1.350000023841858,293745
2016-11-30,1.350000023841858,1.350000023841858,1.2999999523162842,1.350000023841858,1.350000023841858,218872
2016-12-01,1.350000023841858,1.5499999523162842,1.2999999523162842,1.399999976158142,1.399999976158142,804243
2016-12-02,1.4500000476837158,1.4500000476837158,1.350000023841858,1.399999976158142,1.399999976158142,133356
2016-12-05,1.4500000476837158,1.4500000476837158,1.350000023841858,1.399999976158142,1.399999976158142,46707
2016-12-06,1.4500000476837158,1.4500000476837158,1.350000023841858,1.350000023841858,1.350000023841858,44707
2016-12-07,1.399999976158142,1.399999976158142,1.350000023841858,1.399999976158142,1.399999976158142,224137
2016-12-08,1.399999976158142,1.399999976158142,1.350000023841858,1.399999976158142,1.399999976158142,203134
2016-12-09,1.399999976158142,1.399999976158142,1.350000023841858,1.399999976158142,1.399999976158142,74342
2016-12-12,1.399999976158142,1.4500000476837158,1.350000023841858,1.350000023841858,1.350000023841858,116357
2016-12-13,1.350000023841858,1.4500000476837158,1.350000023841858,1.350000023841858,1.350000023841858,167626
2016-12-14,1.399999976158142,1.399999976158142,1.350000023841858,1.350000023841858,1.350000023841858,100594
2016-12-15,1.399999976158142,1.399999976158142,1.350000023841858,1.350000023841858,1.350000023841858,104385
2016-12-16,1.399999976158142,1.5,1.350000023841858,1.399999976158142,1.399999976158142,129803
2016-12-19,1.4500000476837158,1.4500000476837158,1.350000023841858,1.350000023841858,1.350000023841858,47924
2016-12-20,1.350000023841858,1.399999976158142,1.350000023841858,1.350000023841858,1.350000023841858,213966
2016-12-21,1.350000023841858,1.399999976158142,1.2999999523162842,1.350000023841858,1.350000023841858,382920
2016-12-22,1.350000023841858,1.399999976158142,1.2999999523162842,1.350000023841858,1.350000023841858,157299
2016-12-23,1.399999976158142,1.399999976158142,1.2999999523162842,1.2999999523162842,1.2999999523162842,123002
2016-12-26,1.2999999523162842,1.350000023841858,1.2999999523162842,1.350000023841858,1.350000023841858,93897
2016-12-27,1.350000023841858,1.399999976158142,1.2999999523162842,1.350000023841858,1.350000023841858,227386
2016-12-28,1.2999999523162842,1.399999976158142,1.2999999523162842,1.350000023841858,1.350000023841858,1047138
2016-12-29,1.350000023841858,1.399999976158142,1.2999999523162842,1.350000023841858,1.350000023841858,911632
2016-12-30,1.2999999523162842,1.399999976158142,1.2999999523162842,1.350000023841858,1.350000023841858,951957
2017-01-02,1.399999976158142,1.399999976158142,1.2999999523162842,1.350000023841858,1.350000023841858,28955
2017-01-03,1.399999976158142,1.399999976158142,1.2999999523162842,1.399999976158142,1.399999976158142,64249
2017-01-04,1.350000023841858,1.399999976158142,1.350000023841858,1.399999976158142,1.399999976158142,144751
2017-01-05,1.399999976158142,1.399999976158142,1.350000023841858,1.399999976158142,1.399999976158142,168812
2017-01-06,1.399999976158142,1.399999976158142,1.350000023841858,1.350000023841858,1.350000023841858,181739
2017-01-09,1.350000023841858,1.399999976158142,1.2999999523162842,1.399999976158142,1.399999976158142,145145
2017-01-10,1.399999976158142,1.399999976158142,1.2999999523162842,1.350000023841858,1.350000023841858,180519
2017-01-11,1.399999976158142,1.399999976158142,1.2999999523162842,1.350000023841858,1.350000023841858,382257
2017-01-12,1.2999999523162842,1.350000023841858,1.2999999523162842,1.350000023841858,1.350000023841858,80284
2017-01-13,1.2999999523162842,1.399999976158142,1.2999999523162842,1.2999999523162842,1.2999999523162842,84845
2017-01-16,1.399999976158142,1.399999976158142,1.2999999523162842,1.350000023841858,1.350000023841858,76903
2017-01-17,1.2999999523162842,1.350000023841858,1.2999999523162842,1.2999999523162842,1.2999999523162842,64184
2017-01-18,1.350000023841858,1.350000023841858,1.2999999523162842,1.350000023841858,1.350000023841858,145934
2017-01-19,1.350000023841858,1.350000023841858,1.2999999523162842,1.350000023841858,1.350000023841858,117274
2017-01-20,1.350000023841858,1.5499999523162842,1.2999999523162842,1.5,1.5,1065293
2017-01-23,1.5499999523162842,1.7999999523162842,1.5,1.7999999523162842,1.7999999523162842,3444909
2017-01-24,1.850000023841858,2.0,1.7000000476837158,1.75,1.75,3435538
2017-01-25,1.7000000476837158,1.850000023841858,1.600000023841858,1.649999976158142,1.649999976158142,1386532
2017-01-27,1.75,1.75,1.5499999523162842,1.649999976158142,1.649999976158142,985811
2017-01-30,1.600000023841858,1.7000000476837158,1.5499999523162842,1.600000023841858,1.600000023841858,595914
2017-01-31,1.5499999523162842,1.600000023841858,1.5,1.5,1.5,475574
2017-02-01,1.5499999523162842,1.7000000476837158,1.5,1.649999976158142,1.649999976158142,361809
2017-02-02,1.600000023841858,1.649999976158142,1.5499999523162842,1.5499999523162842,1.5499999523162842,528377
2017-02-03,1.5499999523162842,1.600000023841858,1.5499999523162842,1.600000023841858,1.600000023841858,546528
2017-02-06,1.600000023841858,1.600000023841858,1.5499999523162842,1.600000023841858,1.600000023841858,107798
2017-02-07,1.5499999523162842,1.649999976158142,1.5,1.600000023841858,1.600000023841858,821828
2017-02-08,1.600000023841858,1.600000023841858,1.5499999523162842,1.5499999523162842,1.5499999523162842,235154
2017-02-09,1.5499999523162842,1.600000023841858,1.5,1.600000023841858,1.600000023841858,441752
2017-02-10,1.5499999523162842,1.600000023841858,1.5499999523162842,1.5499999523162842,1.5499999523162842,342295
2017-02-13,1.600000023841858,1.600000023841858,1.5499999523162842,1.5499999523162842,1.5499999523162842,125958
2017-02-14,1.5499999523162842,1.600000023841858,1.5,1.5499999523162842,1.5499999523162842,282998
2017-02-15,1.5499999523162842,1.5499999523162842,1.4500000476837158,1.4500000476837158,1.4500000476837158,584312
2017-02-16,1.5,1.5,1.399999976158142,1.399999976158142,1.399999976158142,343035
2017-02-17,1.4500000476837158,1.5,1.399999976158142,1.4500000476837158,1.4500000476837158,147352
2017-02-20,1.4500000476837158,1.5,1.4500000476837158,1.4500000476837158,1.4500000476837158,200699
2017-02-21,1.5,1.5,1.399999976158142,1.4500000476837158,1.4500000476837158,229861
2017-02-22,1.5,1.5,1.399999976158142,1.399999976158142,1.399999976158142,398417
2017-02-23,1.399999976158142,1.4500000476837158,1.350000023841858,1.399999976158142,1.399999976158142,319173
2017-02-27,1.4500000476837158,1.4500000476837158,1.399999976158142,1.399999976158142,1.399999976158142,179032
2017-02-28,1.4500000476837158,1.4500000476837158,1.399999976158142,1.4500000476837158,1.4500000476837158,161268
2017-03-01,1.399999976158142,1.5,1.399999976158142,1.4500000476837158,1.4500000476837158,342107
2017-03-02,1.4500000476837158,1.5499999523162842,1.399999976158142,1.4500000476837158,1.4500000476837158,320078
2017-03-03,1.4500000476837158,1.5,1.399999976158142,1.399999976158142,1.399999976158142,76945
2017-03-06,1.4500000476837158,1.5,1.399999976158142,1.399999976158142,1.399999976158142,176846
2017-03-07,1.4500000476837158,1.4500000476837158,1.399999976158142,1.399999976158142,1.399999976158142,217056
2017-03-08,1.4500000476837158,1.4500000476837158,1.350000023841858,1.399999976158142,1.399999976158142,201893
2017-03-09,1.4500000476837158,1.4500000476837158,1.350000023841858,1.399999976158142,1.399999976158142,83134
2017-03-10,1.399999976158142,1.4500000476837158,1.350000023841858,1.399999976158142,1.399999976158142,226057
2017-03-14,1.399999976158142,1.5,1.399999976158142,1.399999976158142,1.399999976158142,164740
2017-03-15,1.399999976158142,1.4500000476837158,1.399999976158142,1.399999976158142,1.399999976158142,49853
2017-03-16,1.399999976158142,1.4500000476837158,1.350000023841858,1.399999976158142,1.399999976158142,121485
2017-03-17,1.4500000476837158,1.4500000476837158,1.350000023841858,1.399999976158142,1.399999976158142,146987
2017-03-20,1.350000023841858,1.4500000476837158,1.2999999523162842,1.350000023841858,1.350000023841858,489264
2017-03-21,1.399999976158142,1.399999976158142,1.2999999523162842,1.350000023841858,1.350000023841858,164495
2017-03-22,1.350000023841858,1.399999976158142,1.2999999523162842,1.350000023841858,1.350000023841858,240977
2017-03-23,1.2999999523162842,1.350000023841858,1.2999999523162842,1.350000023841858,1.350000023841858,42630
2017-03-24,1.2999999523162842,1.399999976158142,1.2999999523162842,1.2999999523162842,1.2999999523162842,123447
2017-03-27,1.399999976158142,1.399999976158142,1.2999999523162842,1.350000023841858,1.350000023841858,101232
2017-03-28,1.399999976158142,1.399999976158142,1.2999999523162842,1.2999999523162842,1.2999999523162842,69003
2017-03-29,1.399999976158142,1.399999976158142,1.2999999523162842,1.399999976158142,1.399999976158142,129436
2017-03-30,1.399999976158142,1.399999976158142,1.25,1.350000023841858,1.350000023841858,428798
2017-03-31,1.2999999523162842,1.350000023841858,1.2999999523162842,1.2999999523162842,1.2999999523162842,177460
2017-04-03,1.2999999523162842,1.350000023841858,1.25,1.2999999523162842,1.2999999523162842,368611
2017-04-05,1.2999999523162842,1.350000023841858,1.25,1.2999999523162842,1.2999999523162842,556730
2017-04-06,1.350000023841858,1.350000023841858,1.2999999523162842,1.350000023841858,1.350000023841858,503160
2017-04-07,1.2999999523162842,1.399999976158142,1.2999999523162842,1.350000023841858,1.350000023841858,300661
2017-04-10,1.350000023841858,1.399999976158142,1.2999999523162842,1.350000023841858,1.350000023841858,210845
2017-04-11,1.2999999523162842,1.350000023841858,1.2999999523162842,1.2999999523162842,1.2999999523162842,152132
2017-04-12,1.350000023841858,1.350000023841858,1.2999999523162842,1.2999999523162842,1.2999999523162842,301117
2017-04-13,1.2999999523162842,1.350000023841858,1.25,1.2999999523162842,1.2999999523162842,243751
2017-04-17,1.350000023841858,1.350000023841858,1.2999999523162842,1.2999999523162842,1.2999999523162842,1045951
2017-04-18,1.350000023841858,1.350000023841858,1.2999999523162842,1.2999999523162842,1.2999999523162842,215559
2017-04-19,1.350000023841858,1.350000023841858,1.2999999523162842,1.350000023841858,1.350000023841858,105159
2017-04-20,1.350000023841858,1.350000023841858,1.2999999523162842,1.2999999523162842,1.2999999523162842,86521
2017-04-21,1.2999999523162842,1.350000023841858,1.25,1.2999999523162842,1.2999999523162842,521347
2017-04-24,1.350000023841858,1.350000023841858,1.25,1.350000023841858,1.350000023841858,431291
2017-04-25,1.2999999523162842,1.350000023841858,1.25,1.25,1.25,184386
2017-04-26,1.25,1.350000023841858,1.25,1.25,1.25,505875
2017-04-27,1.2999999523162842,1.2999999523162842,1.25,1.25,1.25,61967
2017-04-28,1.2999999523162842,1.2999999523162842,1.25,1.25,1.25,156785
2017-05-02,1.2999999523162842,1.2999999523162842,1.25,1.25,1.25,203283
2017-05-03,1.2999999523162842,1.2999999523162842,1.149999976158142,1.2000000476837158,1.2000000476837158,1105584
2017-05-04,1.2000000476837158,1.25,1.2000000476837158,1.25,1.25,302534
2017-05-05,1.25,1.25,1.2000000476837158,1.25,1.25,238136
2017-05-08,1.25,1.25,1.2000000476837158,1.25,1.25,79087
2017-05-09,1.2000000476837158,1.25,1.2000000476837158,1.25,1.25,232513
2017-05-10,1.25,1.2999999523162842,1.2000000476837158,1.25,1.25,233970
2017-05-11,1.2999999523162842,1.2999999523162842,1.25,1.25,1.25,43926
2017-05-12,1.25,1.2999999523162842,1.2000000476837158,1.2000000476837158,1.2000000476837158,275441
2017-05-15,1.2999999523162842,1.2999999523162842,1.2000000476837158,1.25,1.25,152846
2017-05-16,1.2000000476837158,1.2999999523162842,1.2000000476837158,1.2000000476837158,1.2000000476837158,128923
2017-05-17,1.2000000476837158,1.25,1.2000000476837158,1.25,1.25,157892
2017-05-18,1.2000000476837158,1.25,1.2000000476837158,1.2000000476837158,1.2000000476837158,259730
2017-05-19,1.25,1.25,1.149999976158142,1.2000000476837158,1.2000000476837158,230295
2017-05-22,1.2000000476837158,1.25,1.149999976158142,1.2000000476837158,1.2000000476837158,95863
2017-05-23,1.25,1.25,1.149999976158142,1.149999976158142,1.149999976158142,247807
2017-05-24,1.2000000476837158,1.2000000476837158,1.149999976158142,1.2000000476837158,1.2000000476837158,136080
2017-05-25,1.2000000476837158,1.2000000476837158,1.149999976158142,1.149999976158142,1.149999976158142,80581
2017-05-26,1.149999976158142,1.2000000476837158,1.100000023841858,1.149999976158142,1.149999976158142,299374
2017-05-29,1.149999976158142,1.149999976158142,1.0,1.0499999523162842,1.0499999523162842,418091
2017-05-30,1.0499999523162842,1.100000023841858,0.949999988079071,0.949999988079071,0.949999988079071,898420
2017-05-31,0.949999988079071,1.0,0.949999988079071,1.0,1.0,309815
2017-06-01,0.949999988079071,1.0499999523162842,0.949999988079071,1.0,1.0,595266
2017-06-02,1.0,1.0499999523162842,0.949999988079071,1.0,1.0,251813
2017-06-05,1.0,1.0,0.949999988079071,0.949999988079071,0.949999988079071,273802
2017-06-06,0.949999988079071,1.0,0.8999999761581421,0.949999988079071,0.949999988079071,152406
2017-06-07,0.949999988079071,0.949999988079071,0.8500000238418579,0.8500000238418579,0.8500000238418579,205281
2017-06-08,0.8999999761581421,0.949999988079071,0.8500000238418579,0.8500000238418579,0.8500000238418579,589989
2017-06-09,0.8500000238418579,0.8999999761581421,0.8500000238418579,0.8500000238418579,0.8500000238418579,146586
2017-06-12,0.8500000238418579,0.8999999761581421,0.800000011920929,0.8500000238418579,0.8500000238418579,137705
2017-06-13,0.800000011920929,0.949999988079071,0.800000011920929,0.8500000238418579,0.8500000238418579,1108038
2017-06-14,0.8500000238418579,0.8999999761581421,0.8500000238418579,0.8500000238418579,0.8500000238418579,150047
2017-06-15,0.800000011920929,0.8999999761581421,0.800000011920929,0.800000011920929,0.800000011920929,315941
2017-06-16,0.800000011920929,0.8500000238418579,0.800000011920929,0.8500000238418579,0.8500000238418579,69505
2017-06-19,0.8500000238418579,0.8500000238418579,0.800000011920929,0.800000011920929,0.800000011920929,110288
2017-06-20,0.800000011920929,0.8500000238418579,0.75,0.75,0.75,403658
2017-06-21,0.800000011920929,0.800000011920929,0.75,0.75,0.75,90571
2017-06-22,0.800000011920929,0.800000011920929,0.75,0.75,0.75,180418
2017-06-23,0.75,0.800000011920929,0.75,0.800000011920929,0.800000011920929,277700
2017-06-27,0.75,0.800000011920929,0.699999988079071,0.75,0.75,202559
2017-06-28,0.699999988079071,0.800000011920929,0.699999988079071,0.75,0.75,284075
2017-06-29,0.800000011920929,0.800000011920929,0.75,0.75,0.75,166236
2017-06-30,0.75,0.800000011920929,0.699999988079071,0.75,0.75,174243
2017-07-03,0.800000011920929,0.800000011920929,0.699999988079071,0.800000011920929,0.800000011920929,147703
2017-07-04,0.800000011920929,0.8500000238418579,0.75,0.8500000238418579,0.8500000238418579,325298
2017-07-05,0.800000011920929,0.8500000238418579,0.800000011920929,0.800000011920929,0.800000011920929,68350
2017-07-06,0.800000011920929,0.8500000238418579,0.75,0.800000011920929,0.800000011920929,43462
2017-07-07,0.800000011920929,0.8500000238418579,0.75,0.75,0.75,38398
2017-07-10,0.75,0.75,0.699999988079071,0.699999988079071,0.699999988079071,21148
2017-07-11,0.699999988079071,0.75,0.699999988079071,0.699999988079071,0.699999988079071,136121
2017-07-12,0.75,0.75,0.6499999761581421,0.6499999761581421,0.6499999761581421,162491
2017-07-13,0.6000000238418579,0.699999988079071,0.6000000238418579,0.6000000238418579,0.6000000238418579,127616
2017-07-14,0.6000000238418579,0.6499999761581421,0.6000000238418579,0.6499999761581421,0.6499999761581421,119004
2017-07-17,0.6000000238418579,0.6499999761581421,0.6000000238418579,0.6499999761581421,0.6499999761581421,116711
2017-07-18,0.6499999761581421,0.6499999761581421,0.6000000238418579,0.6499999761581421,0.6499999761581421,65200
2017-07-19,0.6499999761581421,0.6499999761581421,0.6000000238418579,0.6000000238418579,0.6000000238418579,86800
2017-07-20,0.6499999761581421,0.6499999761581421,0.550000011920929,0.6000000238418579,0.6000000238418579,115447
2017-07-21,0.550000011920929,0.6499999761581421,0.550000011920929,0.6499999761581421,0.6499999761581421,59388
2017-07-24,0.6000000238418579,0.6499999761581421,0.6000000238418579,0.6499999761581421,0.6499999761581421,86496
2017-07-25,0.6000000238418579,0.6499999761581421,0.6000000238418579,0.6000000238418579,0.6000000238418579,27611
2017-07-26,0.6499999761581421,0.6499999761581421,0.550000011920929,0.6000000238418579,0.6000000238418579,46835
2017-07-27,0.550000011920929,0.6499999761581421,0.550000011920929,0.550000011920929,0.550000011920929,84408
2017-07-28,0.550000011920929,0.6000000238418579,0.550000011920929,0.6000000238418579,0.6000000238418579,38980
2017-07-31,0.6000000238418579,0.6000000238418579,0.550000011920929,0.6000000238418579,0.6000000238418579,215257
2017-08-01,0.6000000238418579,0.6000000238418579,0.550000011920929,0.550000011920929,0.550000011920929,113643
2017-08-02,0.5,0.6000000238418579,0.5,0.6000000238418579,0.6000000238418579,90001
2017-08-03,0.550000011920929,0.6000000238418579,0.550000011920929,0.550000011920929,0.550000011920929,46431
2017-08-04,0.550000011920929,0.6000000238418579,0.550000011920929,0.6000000238418579,0.6000000238418579,15950
2017-08-07,0.6000000238418579,0.6000000238418579,0.550000011920929,0.550000011920929,0.550000011920929,71667
2017-08-08,0.5,0.550000011920929,0.5,0.5,0.5,320785
2017-08-09,0.44999998807907104,0.44999998807907104,0.44999998807907104,0.44999998807907104,0.44999998807907104,229693
2017-08-10,0.4000000059604645,0.44999998807907104,0.4000000059604645,0.4000000059604645,0.4000000059604645,106296
2017-08-11,0.4000000059604645,0.44999998807907104,0.3499999940395355,0.44999998807907104,0.44999998807907104,117854
2017-08-14,0.44999998807907104,0.5,0.4000000059604645,0.44999998807907104,0.44999998807907104,29177
2017-08-16,0.44999998807907104,0.44999998807907104,0.4000000059604645,0.4000000059604645,0.4000000059604645,80984
2017-08-17,0.4000000059604645,0.44999998807907104,0.3499999940395355,0.3499999940395355,0.3499999940395355,153299
2017-08-18,0.4000000059604645,0.4000000059604645,0.3499999940395355,0.4000000059604645,0.4000000059604645,42817
2017-08-21,0.4000000059604645,0.4000000059604645,0.3499999940395355,0.3499999940395355,0.3499999940395355,105439
2017-08-22,0.4000000059604645,0.4000000059604645,0.3499999940395355,0.4000000059604645,0.4000000059604645,154253
2017-08-23,0.4000000059604645,0.4000000059604645,0.3499999940395355,0.3499999940395355,0.3499999940395355,198255
2017-08-24,0.3499999940395355,0.4000000059604645,0.3499999940395355,0.3499999940395355,0.3499999940395355,78060
2017-08-28,0.3499999940395355,0.4000000059604645,0.30000001192092896,0.30000001192092896,0.30000001192092896,36850
2017-08-29,0.30000001192092896,0.3499999940395355,0.30000001192092896,0.3499999940395355,0.3499999940395355,127200
2017-08-30,0.30000001192092896,0.4000000059604645,0.30000001192092896,0.3499999940395355,0.3499999940395355,61152
2017-08-31,0.30000001192092896,0.30000001192092896,0.30000001192092896,0.30000001192092896,0.30000001192092896,110721
2017-09-01,0.3499999940395355,0.3499999940395355,0.25,0.3499999940395355,0.3499999940395355,84167
2017-09-04,0.30000001192092896,0.30000001192092896,0.30000001192092896,0.30000001192092896,0.30000001192092896,334
2017-09-05,0.30000001192092896,0.30000001192092896,0.30000001192092896,0.30000001192092896,0.30000001192092896,2423
2017-09-06,0.30000001192092896,0.30000001192092896,0.30000001192092896,0.30000001192092896,0.30000001192092896,6000
2017-09-07,0.30000001192092896,0.3499999940395355,0.30000001192092896,0.30000001192092896,0.30000001192092896,50224
2017-09-08,0.3499999940395355,0.3499999940395355,0.25,0.30000001192092896,0.30000001192092896,34570
2017-09-11,0.30000001192092896,0.30000001192092896,0.30000001192092896,0.30000001192092896,0.30000001192092896,86290
2017-09-12,0.30000001192092896,0.30000001192092896,0.25,0.25,0.25,8312
2017-09-13,0.30000001192092896,0.30000001192092896,0.20000000298023224,0.30000001192092896,0.30000001192092896,17288
2017-09-14,0.30000001192092896,0.3499999940395355,0.30000001192092896,0.3499999940395355,0.3499999940395355,111050
2017-09-15,0.3499999940395355,0.3499999940395355,0.3499999940395355,0.3499999940395355,0.3499999940395355,3350
2017-09-18,0.3499999940395355,0.3499999940395355,0.30000001192092896,0.30000001192092896,0.30000001192092896,8801
2017-09-19,0.3499999940395355,0.3499999940395355,0.30000001192092896,0.30000001192092896,0.30000001192092896,600
2017-09-20,0.30000001192092896,0.30000001192092896,0.30000001192092896,0.30000001192092896,0.30000001192092896,0
2017-09-21,0.30000001192092896,0.30000001192092896,0.30000001192092896,0.30000001192092896,0.30000001192092896,0
2017-09-22,0.30000001192092896,0.30000001192092896,0.30000001192092896,0.30000001192092896,0.30000001192092896,0
2017-09-25,0.25,0.3499999940395355,0.25,0.25,0.25,156500
2017-09-26,0.25,0.25,0.25,0.25,0.25,0
2017-09-27,0.25,0.25,0.25,0.25,0.25,0
2017-09-28,0.25,0.25,0.25,0.25,0.25,0
2017-09-29,0.25,0.25,0.25,0.25,0.25,0
2017-10-03,0.20000000298023224,0.20000000298023224,0.20000000298023224,0.20000000298023224,0.20000000298023224,111000
2017-10-04,0.20000000298023224,0.20000000298023224,0.20000000298023224,0.20000000298023224,0.20000000298023224,0
2017-10-05,0.20000000298023224,0.20000000298023224,0.20000000298023224,0.20000000298023224,0.20000000298023224,0
2017-10-06,0.20000000298023224,0.20000000298023224,0.20000000298023224,0.20000000298023224,0.20000000298023224,0
2017-10-09,0.20000000298023224,0.20000000298023224,0.15000000596046448,0.15000000596046448,0.15000000596046448,7490
2017-10-10,0.15000000596046448,0.15000000596046448,0.15000000596046448,0.15000000596046448,0.15000000596046448,0
2017-10-11,0.15000000596046448,0.15000000596046448,0.15000000596046448,0.15000000596046448,0.15000000596046448,0
2017-10-12,0.15000000596046448,0.15000000596046448,0.15000000596046448,0.15000000596046448,0.15000000596046448,0
2017-10-13,0.15000000596046448,0.15000000596046448,0.15000000596046448,0.15000000596046448,0.15000000596046448,0
2017-10-16,0.10000000149011612,0.20000000298023224,0.10000000149011612,0.20000000298023224,0.20000000298023224,285705
2017-10-17,0.20000000298023224,0.20000000298023224,0.20000000298023224,0.20000000298023224,0.20000000298023224,0
2017-10-18,0.20000000298023224,0.20000000298023224,0.20000000298023224,0.20000000298023224,0.20000000298023224,0
2017-10-19,0.20000000298023224,0.20000000298023224,0.20000000298023224,0.20000000298023224,0.20000000298023224,0
2017-10-23,0.25,0.25,0.25,0.25,0.25,24591
2017-10-24,0.25,0.25,0.25,0.25,0.25,0
2017-10-25,0.25,0.25,0.25,0.25,0.25,0
2017-10-26,0.25,0.25,0.25,0.25,0.25,0
2017-10-27,0.25,0.25,0.25,0.25,0.25,0
2017-10-30,0.25,0.25,0.25,0.25,0.25,0
2017-10-31,0.25,0.25,0.25,0.25,0.25,0
2017-11-01,0.25,0.25,0.25,0.25,0.25,0
2017-11-02,0.25,0.25,0.25,0.25,0.25,0
2017-11-03,0.25,0.25,0.25,0.25,0.25,0
2017-11-06,0.25,0.30000001192092896,0.20000000298023224,0.30000001192092896,0.30000001192092896,74859
2017-11-07,0.30000001192092896,0.30000001192092896,0.30000001192092896,0.30000001192092896,0.30000001192092896,0
2017-11-08,0.30000001192092896,0.30000001192092896,0.30000001192092896,0.30000001192092896,0.30000001192092896,0
2017-11-09,0.30000001192092896,0.30000001192092896,0.30000001192092896,0.30000001192092896,0.30000001192092896,0
2017-11-10,0.30000001192092896,0.30000001192092896,0.30000001192092896,0.30000001192092896,0.30000001192092896,0
2017-11-13,0.30000001192092896,0.30000001192092896,0.30000001192092896,0.30000001192092896,0.30000001192092896,0
2017-11-14,0.30000001192092896,0.30000001192092896,0.30000001192092896,0.30000001192092896,0.30000001192092896,0
2017-11-15,0.30000001192092896,0.30000001192092896,0.30000001192092896,0.30000001192092896,0.30000001192092896,0
2017-11-16,0.30000001192092896,0.30000001192092896,0.30000001192092896,0.30000001192092896,0.30000001192092896,0
2017-11-17,0.30000001192092896,0.30000001192092896,0.30000001192092896,0.30000001192092896,0.30000001192092896,0
2017-11-20,0.30000001192092896,0.30000001192092896,0.30000001192092896,0.30000001192092896,0.30000001192092896,0
2017-11-21,0.30000001192092896,0.30000001192092896,0.30000001192092896,0.30000001192092896,0.30000001192092896,0
2017-11-22,0.30000001192092896,0.30000001192092896,0.30000001192092896,0.30000001192092896,0.30000001192092896,0
2017-11-23,0.30000001192092896,0.30000001192092896,0.30000001192092896,0.30000001192092896,0.30000001192092896,0
2017-11-24,0.30000001192092896,0.30000001192092896,0.30000001192092896,0.30000001192092896,0.30000001192092896,0
2017-11-27,0.30000001192092896,0.30000001192092896,0.30000001192092896,0.30000001192092896,0.30000001192092896,0
2017-11-28,0.30000001192092896,0.30000001192092896,0.30000001192092896,0.30000001192092896,0.30000001192092896,0
2017-11-29,0.30000001192092896,0.30000001192092896,0.30000001192092896,0.30000001192092896,0.30000001192092896,0
2017-11-30,0.30000001192092896,0.30000001192092896,0.30000001192092896,0.30000001192092896,0.30000001192092896,0
2017-12-01,0.30000001192092896,0.30000001192092896,0.30000001192092896,0.30000001192092896,0.30000001192092896,0
2017-12-04,0.25,0.30000001192092896,0.25,0.25,0.25,70349
2017-12-05,0.25,0.25,0.25,0.25,0.25,0
2017-12-06,0.25,0.25,0.25,0.25,0.25,0
2017-12-07,0.25,0.25,0.25,0.25,0.25,0
2017-12-08,0.25,0.25,0.25,0.25,0.25,0
2017-12-11,0.25,0.25,0.25,0.25,0.25,0
2017-12-12,0.25,0.25,0.25,0.25,0.25,0
2017-12-13,0.25,0.25,0.25,0.25,0.25,0
2017-12-14,0.25,0.25,0.25,0.25,0.25,0
2017-12-15,0.25,0.25,0.25,0.25,0.25,0
2017-12-18,0.25,0.25,0.25,0.25,0.25,0
2017-12-19,0.25,0.25,0.25,0.25,0.25,0
2017-12-20,0.25,0.25,0.25,0.25,0.25,0
2017-12-21,0.25,0.25,0.25,0.25,0.25,0
2017-12-22,0.25,0.25,0.25,0.25,0.25,0
2017-12-26,0.25,0.25,0.25,0.25,0.25,0
2017-12-27,0.25,0.25,0.25,0.25,0.25,0
2017-12-28,0.25,0.25,0.25,0.25,0.25,0
2017-12-29,0.25,0.25,0.25,0.25,0.25,0
2018-01-01,0.25,0.25,0.25,0.25,0.25,126000
2018-01-02,0.25,0.25,0.25,0.25,0.25,0
2018-01-03,0.25,0.25,0.25,0.25,0.25,0
2018-01-04,0.25,0.25,0.25,0.25,0.25,0
2018-01-05,0.25,0.25,0.25,0.25,0.25,0
2018-01-08,0.25,0.25,0.25,0.25,0.25,0
2018-01-09,0.25,0.25,0.25,0.25,0.25,0
2018-01-10,0.25,0.25,0.25,0.25,0.25,0
2018-01-11,0.25,0.25,0.25,0.25,0.25,0
2018-01-12,0.25,0.25,0.25,0.25,0.25,0
2018-01-15,0.25,0.25,0.25,0.25,0.25,0
2018-01-16,0.25,0.25,0.25,0.25,0.25,0
2018-01-17,0.25,0.25,0.25,0.25,0.25,0
2018-01-18,0.25,0.25,0.25,0.25,0.25,0
2018-01-19,0.25,0.25,0.25,0.25,0.25,0
2018-01-22,0.25,0.25,0.25,0.25,0.25,0
2018-01-23,0.25,0.25,0.25,0.25,0.25,0
2018-01-24,0.25,0.25,0.25,0.25,0.25,0
2018-01-25,0.25,0.25,0.25,0.25,0.25,0
2018-01-29,0.25,0.25,0.25,0.25,0.25,0
2018-01-30,0.25,0.25,0.25,0.25,0.25,0
2018-01-31,0.25,0.25,0.25,0.25,0.25,0
2018-02-01,0.25,0.25,0.25,0.25,0.25,0
2018-02-02,0.25,0.25,0.25,0.25,0.25,0
2018-02-05,0.25,0.25,0.20000000298023224,0.25,0.25,41274
2018-02-06,0.25,0.25,0.25,0.25,0.25,0
2018-02-07,0.25,0.25,0.25,0.25,0.25,0
2018-02-08,0.25,0.25,0.25,0.25,0.25,0
2018-02-09,0.25,0.25,0.25,0.25,0.25,0
2018-02-12,0.25,0.25,0.25,0.25,0.25,0
2018-02-14,0.25,0.25,0.25,0.25,0.25,0
2018-02-15,0.25,0.25,0.25,0.25,0.25,0
2018-02-16,0.25,0.25,0.25,0.25,0.25,0
2018-02-19,0.25,0.25,0.25,0.25,0.25,0
2018-02-20,0.25,0.25,0.25,0.25,0.25,0
2018-02-21,0.25,0.25,0.25,0.25,0.25,0
2018-02-22,0.25,0.25,0.25,0.25,0.25,0
2018-02-23,0.25,0.25,0.25,0.25,0.25,0
2018-02-26,0.25,0.25,0.25,0.25,0.25,0
2018-02-27,0.25,0.25,0.25,0.25,0.25,0
2018-02-28,0.25,0.25,0.25,0.25,0.25,0
2018-03-01,0.25,0.25,0.25,0.25,0.25,0
2018-03-05,0.20000000298023224,0.25,0.20000000298023224,0.20000000298023224,0.20000000298023224,125301
2018-03-06,0.20000000298023224,0.20000000298023224,0.20000000298023224,0.20000000298023224,0.20000000298023224,0
2018-03-07,0.20000000298023224,0.20000000298023224,0.20000000298023224,0.20000000298023224,0.20000000298023224,0
2018-03-08,0.20000000298023224,0.20000000298023224,0.20000000298023224,0.20000000298023224,0.20000000298023224,0
2018-03-09,0.20000000298023224,0.20000000298023224,0.20000000298023224,0.20000000298023224,0.20000000298023224,0
2018-03-12,0.20000000298023224,0.20000000298023224,0.20000000298023224,0.20000000298023224,0.20000000298023224,0
2018-03-13,0.20000000298023224,0.20000000298023224,0.20000000298023224,0.20000000298023224,0.20000000298023224,0
2018-03-14,0.20000000298023224,0.20000000298023224,0.20000000298023224,0.20000000298023224,0.20000000298023224,0
2018-03-15,0.20000000298023224,0.20000000298023224,0.20000000298023224,0.20000000298023224,0.20000000298023224,0
2018-03-16,0.20000000298023224,0.20000000298023224,0.20000000298023224,0.20000000298023224,0.20000000298023224,0
2018-03-19,0.20000000298023224,0.20000000298023224,0.20000000298023224,0.20000000298023224,0.20000000298023224,0
2018-03-20,0.20000000298023224,0.20000000298023224,0.20000000298023224,0.20000000298023224,0.20000000298023224,0
2018-03-21,0.20000000298023224,0.20000000298023224,0.20000000298023224,0.20000000298023224,0.20000000298023224,0
2018-03-22,0.20000000298023224,0.20000000298023224,0.20000000298023224,0.20000000298023224,0.20000000298023224,0
2018-03-23,0.20000000298023224,0.20000000298023224,0.20000000298023224,0.20000000298023224,0.20000000298023224,0
2018-03-26,0.20000000298023224,0.20000000298023224,0.20000000298023224,0.20000000298023224,0.20000000298023224,0
2018-03-27,0.20000000298023224,0.20000000298023224,0.20000000298023224,0.20000000298023224,0.20000000298023224,0
2018-03-28,0.20000000298023224,0.20000000298023224,0.20000000298023224,0.20000000298023224,0.20000000298023224,0
2018-04-02,0.20000000298023224,0.20000000298023224,0.20000000298023224,0.20000000298023224,0.20000000298023224,33100
2018-04-03,0.20000000298023224,0.20000000298023224,0.20000000298023224,0.20000000298023224,0.20000000298023224,0
2018-04-04,0.20000000298023224,0.20000000298023224,0.20000000298023224,0.20000000298023224,0.20000000298023224,0
2018-04-05,0.20000000298023224,0.20000000298023224,0.20000000298023224,0.20000000298023224,0.20000000298023224,0
2018-04-06,0.20000000298023224,0.20000000298023224,0.20000000298023224,0.20000000298023224,0.20000000298023224,0
2018-04-09,0.20000000298023224,0.20000000298023224,0.20000000298023224,0.20000000298023224,0.20000000298023224,20000
2018-04-10,0.20000000298023224,0.20000000298023224,0.20000000298023224,0.20000000298023224,0.20000000298023224,0
2018-04-11,0.20000000298023224,0.20000000298023224,0.20000000298023224,0.20000000298023224,0.20000000298023224,0
2018-04-12,0.20000000298023224,0.20000000298023224,0.20000000298023224,0.20000000298023224,0.20000000298023224,0
2018-04-13,0.20000000298023224,0.20000000298023224,0.20000000298023224,0.20000000298023224,0.20000000298023224,0
2018-04-16,0.20000000298023224,0.20000000298023224,0.20000000298023224,0.20000000298023224,0.20000000298023224,82000
2018-04-17,0.20000000298023224,0.20000000298023224,0.20000000298023224,0.20000000298023224,0.20000000298023224,0
2018-04-18,0.20000000298023224,0.20000000298023224,0.20000000298023224,0.20000000298023224,0.20000000298023224,0
2018-04-19,0.20000000298023224,0.20000000298023224,0.20000000298023224,0.20000000298023224,0.20000000298023224,0
2018-04-20,0.20000000298023224,0.20000000298023224,0.20000000298023224,0.20000000298023224,0.20000000298023224,0
2018-04-23,0.20000000298023224,0.25,0.20000000298023224,0.25,0.25,26511
2018-04-24,0.25,0.25,0.25,0.25,0.25,0
2018-04-25,0.25,0.25,0.25,0.25,0.25,0
2018-04-26,0.25,0.25,0.25,0.25,0.25,0
2018-04-27,0.25,0.25,0.25,0.25,0.25,0
2018-04-30,0.20000000298023224,0.20000000298023224,0.20000000298023224,0.20000000298023224,0.20000000298023224,1400
2018-05-02,0.20000000298023224,0.20000000298023224,0.20000000298023224,0.20000000298023224,0.20000000298023224,0
2018-05-03,0.20000000298023224,0.20000000298023224,0.20000000298023224,0.20000000298023224,0.20000000298023224,0
2018-05-04,0.20000000298023224,0.20000000298023224,0.20000000298023224,0.20000000298023224,0.20000000298023224,0
2018-05-07,0.15000000596046448,0.15000000596046448,0.15000000596046448,0.15000000596046448,0.15000000596046448,8415
2018-05-08,0.15000000596046448,0.15000000596046448,0.15000000596046448,0.15000000596046448,0.15000000596046448,0
2018-05-09,0.15000000596046448,0.15000000596046448,0.15000000596046448,0.15000000596046448,0.15000000596046448,0
2018-05-10,0.15000000596046448,0.15000000596046448,0.15000000596046448,0.15000000596046448,0.15000000596046448,0
2018-05-11,0.15000000596046448,0.15000000596046448,0.15000000596046448,0.15000000596046448,0.15000000596046448,0
2018-05-14,0.10000000149011612,0.15000000596046448,0.10000000149011612,0.15000000596046448,0.15000000596046448,400
2018-05-15,0.15000000596046448,0.15000000596046448,0.15000000596046448,0.15000000596046448,0.15000000596046448,0
2018-05-16,0.15000000596046448,0.15000000596046448,0.15000000596046448,0.15000000596046448,0.15000000596046448,0
2018-05-17,0.15000000596046448,0.15000000596046448,0.15000000596046448,0.15000000596046448,0.15000000596046448,0
2018-05-18,0.15000000596046448,0.15000000596046448,0.15000000596046448,0.15000000596046448,0.15000000596046448,0
2018-05-21,0.10000000149011612,0.20000000298023224,0.10000000149011612,0.15000000596046448,0.15000000596046448,41332
2018-05-22,0.15000000596046448,0.15000000596046448,0.15000000596046448,0.15000000596046448,0.15000000596046448,0
2018-05-23,0.15000000596046448,0.15000000596046448,0.15000000596046448,0.15000000596046448,0.15000000596046448,0
2018-05-24,0.15000000596046448,0.15000000596046448,0.15000000596046448,0.15000000596046448,0.15000000596046448,0
2018-05-25,0.15000000596046448,0.15000000596046448,0.15000000596046448,0.15000000596046448,0.15000000596046448,0
2018-05-28,0.15000000596046448,0.15000000596046448,0.15000000596046448,0.15000000596046448,0.15000000596046448,8001
2018-05-29,0.15000000596046448,0.15000000596046448,0.15000000596046448,0.15000000596046448,0.15000000596046448,0
2018-05-30,0.15000000596046448,0.15000000596046448,0.15000000596046448,0.15000000596046448,0.15000000596046448,0
2018-05-31,0.15000000596046448,0.15000000596046448,0.15000000596046448,0.15000000596046448,0.15000000596046448,0
2018-06-01,0.15000000596046448,0.15000000596046448,0.15000000596046448,0.15000000596046448,0.15000000596046448,0
2018-06-04,0.15000000596046448,0.15000000596046448,0.10000000149011612,0.15000000596046448,0.15000000596046448,882088
2018-06-05,0.15000000596046448,0.15000000596046448,0.15000000596046448,0.15000000596046448,0.15000000596046448,0
2018-06-06,0.15000000596046448,0.15000000596046448,0.15000000596046448,0.15000000596046448,0.15000000596046448,0
2018-06-07,0.15000000596046448,0.15000000596046448,0.15000000596046448,0.15000000596046448,0.15000000596046448,0
2018-06-08,0.15000000596046448,0.15000000596046448,0.15000000596046448,0.15000000596046448,0.15000000596046448,0
2018-06-11,0.15000000596046448,0.15000000596046448,0.10000000149011612,0.10000000149011612,0.10000000149011612,205501
2018-06-12,0.10000000149011612,0.10000000149011612,0.10000000149011612,0.10000000149011612,0.10000000149011612,0
2018-06-13,0.10000000149011612,0.10000000149011612,0.10000000149011612,0.10000000149011612,0.10000000149011612,0
2018-06-14,0.10000000149011612,0.10000000149011612,0.10000000149011612,0.10000000149011612,0.10000000149011612,0
2018-06-15,0.10000000149011612,0.10000000149011612,0.10000000149011612,0.10000000149011612,0.10000000149011612,0
2018-06-18,0.15000000596046448,0.15000000596046448,0.05000000074505806,0.05000000074505806,0.05000000074505806,900298
2018-06-19,0.05000000074505806,0.05000000074505806,0.05000000074505806,0.05000000074505806,0.05000000074505806,0
2018-06-20,0.05000000074505806,0.05000000074505806,0.05000000074505806,0.05000000074505806,0.05000000074505806,0
2018-06-21,0.05000000074505806,0.05000000074505806,0.05000000074505806,0.05000000074505806,0.05000000074505806,0
2018-06-22,0.05000000074505806,0.05000000074505806,0.05000000074505806,0.05000000074505806,0.05000000074505806,0
2018-06-25,0.05000000074505806,0.10000000149011612,0.05000000074505806,0.10000000149011612,0.10000000149011612,1007942
2018-06-26,0.10000000149011612,0.10000000149011612,0.10000000149011612,0.10000000149011612,0.10000000149011612,0
2018-06-27,0.10000000149011612,0.10000000149011612,0.10000000149011612,0.10000000149011612,0.10000000149011612,0
2018-06-28,0.10000000149011612,0.10000000149011612,0.10000000149011612,0.10000000149011612,0.10000000149011612,0
2018-06-29,0.10000000149011612,0.10000000149011612,0.10000000149011612,0.10000000149011612,0.10000000149011612,0
2018-07-02,0.05000000074505806,0.15000000596046448,0.05000000074505806,0.10000000149011612,0.10000000149011612,862900
2018-07-03,0.10000000149011612,0.10000000149011612,0.10000000149011612,0.10000000149011612,0.10000000149011612,0
2018-07-04,0.10000000149011612,0.10000000149011612,0.10000000149011612,0.10000000149011612,0.10000000149011612,0
2018-07-05,0.10000000149011612,0.10000000149011612,0.10000000149011612,0.10000000149011612,0.10000000149011612,0
2018-07-06,0.10000000149011612,0.10000000149011612,0.10000000149011612,0.10000000149011612,0.10000000149011612,0
2018-07-09,0.10000000149011612,0.15000000596046448,0.05000000074505806,0.15000000596046448,0.15000000596046448,57903
2018-07-10,0.15000000596046448,0.15000000596046448,0.15000000596046448,0.15000000596046448,0.15000000596046448,0
2018-07-11,0.15000000596046448,0.15000000596046448,0.15000000596046448,0.15000000596046448,0.15000000596046448,0
2018-07-12,0.15000000596046448,0.15000000596046448,0.15000000596046448,0.15000000596046448,0.15000000596046448,0
2018-07-13,0.15000000596046448,0.15000000596046448,0.15000000596046448,0.15000000596046448,0.15000000596046448,0
2018-07-16,0.15000000596046448,0.15000000596046448,0.15000000596046448,0.15000000596046448,0.15000000596046448,101
2018-07-17,0.15000000596046448,0.15000000596046448,0.15000000596046448,0.15000000596046448,0.15000000596046448,0
2018-07-18,0.15000000596046448,0.15000000596046448,0.15000000596046448,0.15000000596046448,0.15000000596046448,0
2018-07-19,0.15000000596046448,0.15000000596046448,0.15000000596046448,0.15000000596046448,0.15000000596046448,0
2018-07-20,0.15000000596046448,0.15000000596046448,0.15000000596046448,0.15000000596046448,0.15000000596046448,0
2018-07-23,0.10000000149011612,0.10000000149011612,0.10000000149011612,0.10000000149011612,0.10000000149011612,126153
2018-07-24,0.10000000149011612,0.10000000149011612,0.10000000149011612,0.10000000149011612,0.10000000149011612,0
2018-07-25,0.10000000149011612,0.10000000149011612,0.10000000149011612,0.10000000149011612,0.10000000149011612,0
2018-07-26,0.10000000149011612,0.10000000149011612,0.10000000149011612,0.10000000149011612,0.10000000149011612,0
2018-07-27,0.10000000149011612,0.10000000149011612,0.10000000149011612,0.10000000149011612,0.10000000149011612,0
2018-07-30,0.10000000149011612,0.10000000149011612,0.05000000074505806,0.10000000149011612,0.10000000149011612,190901
2018-07-31,0.10000000149011612,0.10000000149011612,0.10000000149011612,0.10000000149011612,0.10000000149011612,0
2018-08-01,0.10000000149011612,0.10000000149011612,0.10000000149011612,0.10000000149011612,0.10000000149011612,0
2018-08-02,0.10000000149011612,0.10000000149011612,0.10000000149011612,0.10000000149011612,0.10000000149011612,0
2018-08-03,0.10000000149011612,0.10000000149011612,0.10000000149011612,0.10000000149011612,0.10000000149011612,0
2018-08-06,0.05000000074505806,0.15000000596046448,0.05000000074505806,0.15000000596046448,0.15000000596046448,115568
2018-08-07,0.15000000596046448,0.15000000596046448,0.15000000596046448,0.15000000596046448,0.15000000596046448,0
2018-08-08,0.15000000596046448,0.15000000596046448,0.15000000596046448,0.15000000596046448,0.15000000596046448,0
2018-08-09,0.15000000596046448,0.15000000596046448,0.15000000596046448,0.15000000596046448,0.15000000596046448,0
2018-08-10,0.15000000596046448,0.15000000596046448,0.15000000596046448,0.15000000596046448,0.15000000596046448,0
2018-08-13,0.15000000596046448,0.15000000596046448,0.15000000596046448,0.15000000596046448,0.15000000596046448,5
2018-08-14,0.15000000596046448,0.15000000596046448,0.15000000596046448,0.15000000596046448,0.15000000596046448,0
2018-08-16,0.15000000596046448,0.15000000596046448,0.15000000596046448,0.15000000596046448,0.15000000596046448,0
2018-08-17,0.15000000596046448,0.15000000596046448,0.15000000596046448,0.15000000596046448,0.15000000596046448,0
2018-08-20,0.15000000596046448,0.15000000596046448,0.10000000149011612,0.15000000596046448,0.15000000596046448,27800
2018-08-21,0.15000000596046448,0.15000000596046448,0.15000000596046448,0.15000000596046448,0.15000000596046448,0
2018-08-23,0.15000000596046448,0.15000000596046448,0.15000000596046448,0.15000000596046448,0.15000000596046448,0
2018-08-24,0.15000000596046448,0.15000000596046448,0.15000000596046448,0.15000000596046448,0.15000000596046448,0
2018-08-27,0.15000000596046448,0.15000000596046448,0.15000000596046448,0.15000000596046448,0.15000000596046448,25022
2018-08-28,0.15000000596046448,0.15000000596046448,0.15000000596046448,0.15000000596046448,0.15000000596046448,0
2018-08-29,0.15000000596046448,0.15000000596046448,0.15000000596046448,0.15000000596046448,0.15000000596046448,0
2018-08-30,0.15000000596046448,0.15000000596046448,0.15000000596046448,0.15000000596046448,0.15000000596046448,0
2018-08-31,0.15000000596046448,0.15000000596046448,0.15000000596046448,0.15000000596046448,0.15000000596046448,0
2018-09-03,0.15000000596046448,0.15000000596046448,0.15000000596046448,0.15000000596046448,0.15000000596046448,45001
2018-09-04,0.15000000596046448,0.15000000596046448,0.15000000596046448,0.15000000596046448,0.15000000596046448,0
2018-09-05,0.15000000596046448,0.15000000596046448,0.15000000596046448,0.15000000596046448,0.15000000596046448,0
2018-09-06,0.15000000596046448,0.15000000596046448,0.15000000596046448,0.15000000596046448,0.15000000596046448,0
2018-09-07,0.15000000596046448,0.15000000596046448,0.15000000596046448,0.15000000596046448,0.15000000596046448,0
2018-09-10,0.10000000149011612,0.15000000596046448,0.10000000149011612,0.15000000596046448,0.15000000596046448,19150
2018-09-11,0.15000000596046448,0.15000000596046448,0.15000000596046448,0.15000000596046448,0.15000000596046448,0
2018-09-12,0.15000000596046448,0.15000000596046448,0.15000000596046448,0.15000000596046448,0.15000000596046448,0
2018-09-14,0.15000000596046448,0.15000000596046448,0.15000000596046448,0.15000000596046448,0.15000000596046448,0
2018-09-17,0.20000000298023224,0.20000000298023224,0.20000000298023224,0.20000000298023224,0.20000000298023224,105326
2018-09-18,0.20000000298023224,0.25,0.20000000298023224,0.25,0.25,26410
2018-09-19,0.30000001192092896,0.30000001192092896,0.30000001192092896,0.30000001192092896,0.30000001192092896,15223
2018-09-21,0.3499999940395355,0.3499999940395355,0.3499999940395355,0.3499999940395355,0.3499999940395355,31112
2018-09-24,0.4000000059604645,0.4000000059604645,0.4000000059604645,0.4000000059604645,0.4000000059604645,128068
2018-09-25,0.44999998807907104,0.44999998807907104,0.44999998807907104,0.44999998807907104,0.44999998807907104,406
2018-09-26,0.5,0.5,0.5,0.5,0.5,25455
2018-09-27,0.550000011920929,0.550000011920929,0.550000011920929,0.550000011920929,0.550000011920929,10150
2018-09-28,0.6000000238418579,0.6000000238418579,0.6000000238418579,0.6000000238418579,0.6000000238418579,69106
2018-10-01,0.6499999761581421,0.6499999761581421,0.6499999761581421,0.6499999761581421,0.6499999761581421,55822
2018-10-03,0.699999988079071,0.699999988079071,0.699999988079071,0.699999988079071,0.699999988079071,212305
2018-10-04,0.75,0.75,0.75,0.75,0.75,77979
2018-10-05,0.800000011920929,0.800000011920929,0.800000011920929,0.800000011920929,0.800000011920929,42580
2018-10-08,0.8500000238418579,0.8500000238418579,0.8500000238418579,0.8500000238418579,0.8500000238418579,146063
2018-10-09,0.8999999761581421,0.8999999761581421,0.8999999761581421,0.8999999761581421,0.8999999761581421,328963
2018-10-10,0.949999988079071,0.949999988079071,0.949999988079071,0.949999988079071,0.949999988079071,343180
2018-10-11,1.0,1.0,1.0,1.0,1.0,581585
2018-10-12,1.0499999523162842,1.0499999523162842,0.949999988079071,0.949999988079071,0.949999988079071,816988
2018-10-15,0.8999999761581421,0.8999999761581421,0.8999999761581421,0.8999999761581421,0.8999999761581421,57793
2018-10-16,0.8500000238418579,0.8500000238418579,0.8500000238418579,0.8500000238418579,0.8500000238418579,54850
2018-10-17,0.800000011920929,0.800000011920929,0.800000011920929,0.800000011920929,0.800000011920929,144989
2018-10-19,0.75,0.75,0.75,0.75,0.75,85035
2018-10-22,0.699999988079071,0.699999988079071,0.699999988079071,0.699999988079071,0.699999988079071,31286
2018-10-23,0.6499999761581421,0.6499999761581421,0.6499999761581421,0.6499999761581421,0.6499999761581421,54344
2018-10-24,0.6000000238418579,0.6000000238418579,0.6000000238418579,0.6000000238418579,0.6000000238418579,56338
2018-10-25,0.550000011920929,0.550000011920929,0.550000011920929,0.550000011920929,0.550000011920929,135828
2018-10-26,0.5,0.6000000238418579,0.5,0.6000000238418579,0.6000000238418579,686666
2018-10-29,0.6000000238418579,0.6499999761581421,0.6000000238418579,0.6499999761581421,0.6499999761581421,264221
2018-10-30,0.699999988079071,0.699999988079071,0.6000000238418579,0.6499999761581421,0.6499999761581421,438284
2018-10-31,0.699999988079071,0.699999988079071,0.6000000238418579,0.699999988079071,0.699999988079071,173293
2018-11-01,0.699999988079071,0.699999988079071,0.6499999761581421,0.6499999761581421,0.6499999761581421,182708
2018-11-02,0.6499999761581421,0.699999988079071,0.6000000238418579,0.6499999761581421,0.6499999761581421,165956
2018-11-05,0.6000000238418579,0.699999988079071,0.6000000238418579,0.699999988079071,0.699999988079071,136950
2018-11-06,0.75,0.75,0.6499999761581421,0.6499999761581421,0.6499999761581421,82916
2018-11-07,0.699999988079071,0.699999988079071,0.6499999761581421,0.699999988079071,0.699999988079071,22807
2018-11-09,0.6499999761581421,0.699999988079071,0.6499999761581421,0.6499999761581421,0.6499999761581421,130083
2018-11-12,0.6000000238418579,0.699999988079071,0.6000000238418579,0.699999988079071,0.699999988079071,93490
2018-11-13,0.6499999761581421,0.699999988079071,0.6499999761581421,0.6499999761581421,0.6499999761581421,120460
2018-11-14,0.6499999761581421,0.699999988079071,0.6000000238418579,0.6499999761581421,0.6499999761581421,95574
2018-11-15,0.699999988079071,0.699999988079071,0.6000000238418579,0.6000000238418579,0.6000000238418579,158795
2018-11-16,0.550000011920929,0.6499999761581421,0.550000011920929,0.550000011920929,0.550000011920929,167737
2018-11-19,0.6000000238418579,0.6000000238418579,0.5,0.550000011920929,0.550000011920929,122578
2018-11-20,0.6000000238418579,0.6000000238418579,0.5,0.550000011920929,0.550000011920929,74980
2018-11-21,0.6000000238418579,0.6000000238418579,0.5,0.6000000238418579,0.6000000238418579,56780
2018-11-22,0.550000011920929,0.6499999761581421,0.550000011920929,0.6000000238418579,0.6000000238418579,27064
2018-11-26,0.6499999761581421,0.6499999761581421,0.550000011920929,0.6000000238418579,0.6000000238418579,118627
2018-11-27,0.6000000238418579,0.6000000238418579,0.550000011920929,0.550000011920929,0.550000011920929,64689
2018-11-28,0.6000000238418579,0.6000000238418579,0.5,0.550000011920929,0.550000011920929,152296
2018-11-29,0.6000000238418579,0.6000000238418579,0.5,0.550000011920929,0.550000011920929,151633
2018-11-30,0.550000011920929,0.550000011920929,0.5,0.550000011920929,0.550000011920929,132950
2018-12-03,0.6000000238418579,0.6000000238418579,0.5,0.550000011920929,0.550000011920929,78211
2018-12-04,0.6000000238418579,0.6000000238418579,0.5,0.6000000238418579,0.6000000238418579,48300
2018-12-05,0.6000000238418579,0.6000000238418579,0.550000011920929,0.550000011920929,0.550000011920929,171562
2018-12-06,0.6000000238418579,0.6000000238418579,0.550000011920929,0.550000011920929,0.550000011920929,15680
2018-12-07,0.550000011920929,0.6000000238418579,0.5,0.550000011920929,0.550000011920929,156955
2018-12-10,0.6000000238418579,0.6000000238418579,0.5,0.550000011920929,0.550000011920929,18531
2018-12-11,0.5,0.6000000238418579,0.5,0.550000011920929,0.550000011920929,27937
2018-12-12,0.5,0.6000000238418579,0.5,0.550000011920929,0.550000011920929,75224
2018-12-13,0.550000011920929,0.6000000238418579,0.5,0.6000000238418579,0.6000000238418579,48467
2018-12-14,0.550000011920929,0.6000000238418579,0.550000011920929,0.550000011920929,0.550000011920929,72933
2018-12-17,0.5,0.6000000238418579,0.5,0.5,0.5,170134
2018-12-18,0.5,0.550000011920929,0.5,0.550000011920929,0.550000011920929,36146
2018-12-19,0.550000011920929,0.550000011920929,0.5,0.550000011920929,0.550000011920929,46551
2018-12-20,0.5,0.550000011920929,0.5,0.5,0.5,402749
2018-12-21,0.5,0.550000011920929,0.44999998807907104,0.5,0.5,482024
2018-12-24,0.5,0.5,0.44999998807907104,0.5,0.5,66326
2018-12-26,0.5,0.5,0.44999998807907104,0.44999998807907104,0.44999998807907104,94936
2018-12-27,0.44999998807907104,0.5,0.4000000059604645,0.4000000059604645,0.4000000059604645,692884
2018-12-28,0.4000000059604645,0.44999998807907104,0.3499999940395355,0.4000000059604645,0.4000000059604645,519269
2018-12-31,0.3499999940395355,0.4000000059604645,0.3499999940395355,0.4000000059604645,0.4000000059604645,922423
2019-01-01,0.4000000059604645,0.4000000059604645,0.3499999940395355,0.4000000059604645,0.4000000059604645,65851
2019-01-02,0.4000000059604645,0.4000000059604645,0.3499999940395355,0.4000000059604645,0.4000000059604645,164494
2019-01-03,0.4000000059604645,0.4000000059604645,0.3499999940395355,0.4000000059604645,0.4000000059604645,137887
2019-01-04,0.3499999940395355,0.4000000059604645,0.3499999940395355,0.4000000059604645,0.4000000059604645,69608
2019-01-07,0.4000000059604645,0.4000000059604645,0.3499999940395355,0.3499999940395355,0.3499999940395355,150968
2019-01-08,0.3499999940395355,0.3499999940395355,0.30000001192092896,0.3499999940395355,0.3499999940395355,126340
2019-01-09,0.3499999940395355,0.3499999940395355,0.30000001192092896,0.3499999940395355,0.3499999940395355,171497
2019-01-10,0.30000001192092896,0.3499999940395355,0.30000001192092896,0.3499999940395355,0.3499999940395355,93252
2019-01-11,0.3499999940395355,0.3499999940395355,0.30000001192092896,0.3499999940395355,0.3499999940395355,59968
2019-01-14,0.3499999940395355,0.3499999940395355,0.30000001192092896,0.3499999940395355,0.3499999940395355,950
2019-01-15,0.3499999940395355,0.3499999940395355,0.30000001192092896,0.3499999940395355,0.3499999940395355,7735
2019-01-16,0.3499999940395355,0.3499999940395355,0.30000001192092896,0.3499999940395355,0.3499999940395355,11425
2019-01-17,0.3499999940395355,0.3499999940395355,0.30000001192092896,0.30000001192092896,0.30000001192092896,11720
2019-01-18,0.30000001192092896,0.30000001192092896,0.30000001192092896,0.30000001192092896,0.30000001192092896,6526
2019-01-21,0.30000001192092896,0.30000001192092896,0.25,0.30000001192092896,0.30000001192092896,29209
2019-01-22,0.30000001192092896,0.30000001192092896,0.25,0.30000001192092896,0.30000001192092896,16950
2019-01-23,0.30000001192092896,0.30000001192092896,0.30000001192092896,0.30000001192092896,0.30000001192092896,1767
2019-01-24,0.30000001192092896,0.30000001192092896,0.25,0.30000001192092896,0.30000001192092896,18386
2019-01-25,0.30000001192092896,0.30000001192092896,0.25,0.30000001192092896,0.30000001192092896,35124
2019-01-28,0.30000001192092896,0.30000001192092896,0.30000001192092896,0.30000001192092896,0.30000001192092896,1400
2019-01-29,0.30000001192092896,0.30000001192092896,0.25,0.30000001192092896,0.30000001192092896,35392
2019-01-30,0.30000001192092896,0.30000001192092896,0.30000001192092896,0.30000001192092896,0.30000001192092896,1866
2019-01-31,0.30000001192092896,0.3499999940395355,0.30000001192092896,0.30000001192092896,0.30000001192092896,24856
2019-02-01,0.3499999940395355,0.3499999940395355,0.30000001192092896,0.3499999940395355,0.3499999940395355,1424
2019-02-04,0.30000001192092896,0.3499999940395355,0.30000001192092896,0.30000001192092896,0.30000001192092896,18268
2019-02-05,0.25,0.30000001192092896,0.25,0.25,0.25,20035
2019-02-06,0.30000001192092896,0.30000001192092896,0.25,0.30000001192092896,0.30000001192092896,27828
2019-02-07,0.30000001192092896,0.30000001192092896,0.25,0.30000001192092896,0.30000001192092896,4320
2019-02-08,0.30000001192092896,0.30000001192092896,0.25,0.30000001192092896,0.30000001192092896,25025
2019-02-11,0.30000001192092896,0.30000001192092896,0.30000001192092896,0.30000001192092896,0.30000001192092896,2901
2019-02-12,0.30000001192092896,0.30000001192092896,0.30000001192092896,0.30000001192092896,0.30000001192092896,65686
2019-02-14,0.30000001192092896,0.30000001192092896,0.30000001192092896,0.30000001192092896,0.30000001192092896,180796
2019-02-15,0.3499999940395355,0.3499999940395355,0.30000001192092896,0.3499999940395355,0.3499999940395355,34564
2019-02-18,0.4000000059604645,0.4000000059604645,0.3499999940395355,0.4000000059604645,0.4000000059604645,146279
2019-02-19,0.44999998807907104,0.44999998807907104,0.4000000059604645,0.44999998807907104,0.44999998807907104,91800
2019-02-20,0.4000000059604645,0.44999998807907104,0.4000000059604645,0.4000000059604645,0.4000000059604645,142652
2019-02-21,0.4000000059604645,0.4000000059604645,0.3499999940395355,0.4000000059604645,0.4000000059604645,113815
2019-02-22,0.3499999940395355,0.4000000059604645,0.3499999940395355,0.3499999940395355,0.3499999940395355,106732
2019-02-25,0.3499999940395355,0.4000000059604645,0.3499999940395355,0.3499999940395355,0.3499999940395355,15397
2019-02-26,0.30000001192092896,0.3499999940395355,0.30000001192092896,0.30000001192092896,0.30000001192092896,5292
2019-02-27,0.3499999940395355,0.3499999940395355,0.30000001192092896,0.3499999940395355,0.3499999940395355,6808
2019-02-28,0.3499999940395355,0.3499999940395355,0.3499999940395355,0.3499999940395355,0.3499999940395355,2700
2019-03-01,0.3499999940395355,0.4000000059604645,0.3499999940395355,0.3499999940395355,0.3499999940395355,26809
2019-03-05,0.4000000059604645,0.4000000059604645,0.3499999940395355,0.4000000059604645,0.4000000059604645,4866
2019-03-06,0.3499999940395355,0.4000000059604645,0.3499999940395355,0.3499999940395355,0.3499999940395355,3791
2019-03-07,0.4000000059604645,0.4000000059604645,0.3499999940395355,0.4000000059604645,0.4000000059604645,23730
2019-03-08,0.3499999940395355,0.4000000059604645,0.3499999940395355,0.3499999940395355,0.3499999940395355,16040
2019-03-11,0.30000001192092896,0.3499999940395355,0.30000001192092896,0.30000001192092896,0.30000001192092896,36440
2019-03-12,0.3499999940395355,0.3499999940395355,0.30000001192092896,0.3499999940395355,0.3499999940395355,19581
2019-03-13,0.3499999940395355,0.4000000059604645,0.30000001192092896,0.3499999940395355,0.3499999940395355,111731
2019-03-14,0.30000001192092896,0.3499999940395355,0.30000001192092896,0.30000001192092896,0.30000001192092896,1221
2019-03-15,0.3499999940395355,0.3499999940395355,0.30000001192092896,0.3499999940395355,0.3499999940395355,28103
2019-03-18,0.3499999940395355,0.3499999940395355,0.3499999940395355,0.3499999940395355,0.3499999940395355,1101
2019-03-19,0.3499999940395355,0.4000000059604645,0.3499999940395355,0.3499999940395355,0.3499999940395355,5810
2019-03-20,0.30000001192092896,0.3499999940395355,0.30000001192092896,0.30000001192092896,0.30000001192092896,67573
2019-03-22,0.30000001192092896,0.3499999940395355,0.30000001192092896,0.30000001192092896,0.30000001192092896,16826
2019-03-25,0.3499999940395355,0.3499999940395355,0.30000001192092896,0.3499999940395355,0.3499999940395355,4289
2019-03-26,0.30000001192092896,0.3499999940395355,0.30000001192092896,0.30000001192092896,0.30000001192092896,8070
2019-03-27,0.30000001192092896,0.30000001192092896,0.30000001192092896,0.30000001192092896,0.30000001192092896,23077
2019-03-28,0.30000001192092896,0.3499999940395355,0.30000001192092896,0.30000001192092896,0.30000001192092896,2191
2019-04-01,0.3499999940395355,0.3499999940395355,0.30000001192092896,0.3499999940395355,0.3499999940395355,52501
2019-04-02,0.30000001192092896,0.30000001192092896,0.30000001192092896,0.30000001192092896,0.30000001192092896,196661
2019-04-03,0.25,0.30000001192092896,0.25,0.25,0.25,207537
2019-04-04,0.25,0.25,0.25,0.25,0.25,105705
2019-04-05,0.25,0.25,0.20000000298023224,0.25,0.25,21820
2019-04-08,0.25,0.25,0.25,0.25,0.25,76667
2019-04-09,0.25,0.25,0.25,0.25,0.25,99020
2019-04-10,0.25,0.30000001192092896,0.25,0.25,0.25,288315
2019-04-11,0.30000001192092896,0.30000001192092896,0.25,0.30000001192092896,0.30000001192092896,32898
2019-04-12,0.30000001192092896,0.30000001192092896,0.30000001192092896,0.30000001192092896,0.30000001192092896,15098
2019-04-15,0.30000001192092896,0.30000001192092896,0.30000001192092896,0.30000001192092896,0.30000001192092896,7921
2019-04-16,0.25,0.30000001192092896,0.25,0.25,0.25,7820
2019-04-18,0.30000001192092896,0.30000001192092896,0.25,0.30000001192092896,0.30000001192092896,42377
2019-04-22,0.25,0.30000001192092896,0.25,0.25,0.25,143660
2019-04-23,0.25,0.30000001192092896,0.25,0.25,0.25,85243
2019-04-24,0.30000001192092896,0.30000001192092896,0.25,0.30000001192092896,0.30000001192092896,27550
2019-04-25,0.30000001192092896,0.30000001192092896,0.25,0.30000001192092896,0.30000001192092896,17515
2019-04-26,0.30000001192092896,0.30000001192092896,0.25,0.30000001192092896,0.30000001192092896,23003
2019-04-30,0.25,0.30000001192092896,0.25,0.25,0.25,14000
2019-05-02,0.25,0.25,0.25,0.25,0.25,750
2019-05-03,0.25,0.30000001192092896,0.25,0.25,0.25,16952
2019-05-06,0.30000001192092896,0.30000001192092896,0.25,0.30000001192092896,0.30000001192092896,14986
2019-05-07,0.25,0.30000001192092896,0.25,0.25,0.25,9581
2019-05-08,0.25,0.25,0.25,0.25,0.25,47000
2019-05-09,0.30000001192092896,0.30000001192092896,0.25,0.30000001192092896,0.30000001192092896,67113
2019-05-10,0.25,0.25,0.25,0.25,0.25,66864
2019-05-13,0.25,0.25,0.20000000298023224,0.25,0.25,6450
2019-05-14,0.25,0.25,0.25,0.25,0.25,1300
2019-05-15,0.25,0.25,0.25,0.25,0.25,77100
2019-05-16,0.25,0.25,0.25,0.25,0.25,3100
2019-05-17,0.25,0.25,0.25,0.25,0.25,111500
2019-05-20,0.30000001192092896,0.30000001192092896,0.25,0.30000001192092896,0.30000001192092896,85270
2019-05-21,0.30000001192092896,0.30000001192092896,0.25,0.30000001192092896,0.30000001192092896,35100
2019-05-22,0.25,0.30000001192092896,0.25,0.25,0.25,232171
2019-05-23,0.30000001192092896,0.30000001192092896,0.25,0.30000001192092896,0.30000001192092896,6100
2019-05-24,0.30000001192092896,0.25,0.25,0.25,0.25,122800
2019-05-27,0.25,0.25,0.25,0.25,0.25,606211
2019-05-28,0.25,0.25,0.25,0.25,0.25,27481
2019-05-29,0.25,0.25,0.25,0.25,0.25,6160
2019-05-30,0.25,0.25,0.20000000298023224,0.25,0.25,11850
2019-05-31,0.25,0.25,0.25,0.25,0.25,23450
2019-06-03,0.20000000298023224,0.25,0.20000000298023224,0.20000000298023224,0.20000000298023224,13100
2019-06-04,0.25,0.25,0.25,0.25,0.25,6226
2019-06-06,0.25,0.25,0.25,0.25,0.25,6940
2019-06-07,0.25,0.25,0.25,0.25,0.25,20435
2019-06-10,0.20000000298023224,0.25,0.20000000298023224,0.20000000298023224,0.20000000298023224,77600
2019-06-11,0.25,0.25,0.20000000298023224,0.25,0.25,10505
2019-06-12,0.25,0.25,0.20000000298023224,0.25,0.25,28750
2019-06-13,0.30000001192092896,0.30000001192092896,0.25,0.30000001192092896,0.30000001192092896,74462
2019-06-14,0.30000001192092896,0.30000001192092896,0.25,0.30000001192092896,0.30000001192092896,29300
2019-06-17,0.25,0.25,0.25,0.25,0.25,39375
2019-06-18,0.25,0.25,0.25,0.25,0.25,151000
2019-06-19,0.25,0.25,0.25,0.25,0.25,5925
2019-06-20,0.25,0.25,0.25,0.25,0.25,5900
2019-06-21,0.25,0.25,0.25,0.25,0.25,0
2019-06-24,0.25,0.25,0.25,0.25,0.25,6600
2019-06-25,0.25,0.25,0.25,0.25,0.25,0
2019-06-26,0.25,0.25,0.25,0.25,0.25,2101
2019-06-27,0.25,0.25,0.25,0.25,0.25,7999
2019-06-28,0.25,0.25,0.25,0.25,0.25,7750
2019-07-01,0.25,0.25,0.20000000298023224,0.25,0.25,5909
2019-07-02,0.25,0.25,0.25,0.25,0.25,5150
2019-07-03,0.25,0.25,0.25,0.25,0.25,100
2019-07-04,0.25,0.25,0.25,0.25,0.25,0
2019-07-05,0.25,0.25,0.25,0.25,0.25,22404
2019-07-08,0.25,0.25,0.25,0.25,0.25,16505
2019-07-09,0.25,0.25,0.20000000298023224,0.25,0.25,27260
2019-07-10,0.25,0.25,0.25,0.25,0.25,59053
2019-07-11,0.25,0.25,0.20000000298023224,0.25,0.25,20270
2019-07-12,0.20000000298023224,0.25,0.20000000298023224,0.20000000298023224,0.20000000298023224,468950
2019-07-15,0.25,0.25,0.25,0.25,0.25,323478
2019-07-16,0.25,0.25,0.25,0.25,0.25,7481
2019-07-17,0.25,0.25,0.25,0.25,0.25,36000
2019-07-18,0.25,0.25,0.25,0.25,0.25,41636
2019-07-19,0.25,0.25,0.25,0.25,0.25,21800
2019-07-22,0.25,0.25,0.20000000298023224,0.25,0.25,26
2019-07-23,0.25,0.25,0.25,0.25,0.25,9000
2019-07-24,0.25,0.25,0.20000000298023224,0.25,0.25,85000
2019-07-25,0.20000000298023224,0.25,0.20000000298023224,0.20000000298023224,0.20000000298023224,27500
2019-07-26,0.20000000298023224,0.20000000298023224,0.20000000298023224,0.20000000298023224,0.20000000298023224,0
2019-07-29,0.20000000298023224,0.20000000298023224,0.15000000596046448,0.20000000298023224,0.20000000298023224,137800
2019-07-30,0.20000000298023224,0.20000000298023224,0.20000000298023224,0.20000000298023224,0.20000000298023224,0
2019-07-31,0.25,0.25,0.20000000298023224,0.25,0.25,13102
2019-08-01,0.25,0.25,0.20000000298023224,0.25,0.25,6928
2019-08-02,0.25,0.25,0.20000000298023224,0.25,0.25,16224
2019-08-05,0.25,0.25,0.20000000298023224,0.25,0.25,5100
2019-08-06,0.25,0.25,0.20000000298023224,0.25,0.25,6800
2019-08-07,0.25,0.25,0.20000000298023224,0.25,0.25,60260
2019-08-08,0.20000000298023224,0.20000000298023224,0.20000000298023224,0.20000000298023224,0.20000000298023224,1000
2019-08-09,0.20000000298023224,0.25,0.20000000298023224,0.20000000298023224,0.20000000298023224,5954
2019-08-13,0.20000000298023224,0.25,0.20000000298023224,0.20000000298023224,0.20000000298023224,5202
2019-08-14,0.20000000298023224,0.25,0.20000000298023224,0.20000000298023224,0.20000000298023224,8551
2019-08-16,0.25,0.25,0.20000000298023224,0.25,0.25,6500
2019-08-19,0.20000000298023224,0.25,0.20000000298023224,0.20000000298023224,0.20000000298023224,14910
2019-08-20,0.25,0.25,0.20000000298023224,0.25,0.25,25400
2019-08-21,0.25,0.25,0.20000000298023224,0.20000000298023224,0.20000000298023224,2500
2019-08-22,0.15000000596046448,0.15000000596046448,0.15000000596046448,0.15000000596046448,0.15000000596046448,105200
2019-08-23,0.20000000298023224,0.20000000298023224,0.15000000596046448,0.20000000298023224,0.20000000298023224,44131
2019-08-26,0.20000000298023224,0.20000000298023224,0.20000000298023224,0.20000000298023224,0.20000000298023224,23700
2019-08-27,0.20000000298023224,0.20000000298023224,0.20000000298023224,0.20000000298023224,0.20000000298023224,10950
2019-08-28,0.20000000298023224,0.20000000298023224,0.20000000298023224,0.20000000298023224,0.20000000298023224,4850
2019-08-29,0.20000000298023224,0.20000000298023224,0.20000000298023224,0.20000000298023224,0.20000000298023224,7706
2019-08-30,0.25,0.25,0.20000000298023224,0.25,0.25,3401
2019-09-03,0.20000000298023224,0.20000000298023224,0.20000000298023224,0.20000000298023224,0.20000000298023224,5001
2019-09-04,0.25,0.25,0.20000000298023224,0.25,0.25,1100
2019-09-05,0.20000000298023224,0.25,0.20000000298023224,0.20000000298023224,0.20000000298023224,37850
2019-09-06,0.25,0.25,0.20000000298023224,0.25,0.25,720
2019-09-09,0.25,0.25,0.20000000298023224,0.25,0.25,19751
2019-09-11,0.25,0.25,0.25,0.25,0.25,0
2019-09-12,0.20000000298023224,0.25,0.25,0.25,0.25,42000
2019-09-13,0.20000000298023224,0.20000000298023224,0.20000000298023224,0.20000000298023224,0.20000000298023224,18988
2019-09-16,0.20000000298023224,0.20000000298023224,0.20000000298023224,0.20000000298023224,0.20000000298023224,10000
2019-09-17,0.20000000298023224,0.20000000298023224,0.20000000298023224,0.20000000298023224,0.20000000298023224,1000
2019-09-18,0.20000000298023224,0.20000000298023224,0.20000000298023224,0.20000000298023224,0.20000000298023224,6051
2019-09-19,0.20000000298023224,0.20000000298023224,0.20000000298023224,0.20000000298023224,0.20000000298023224,500
2019-09-20,0.15000000596046448,0.20000000298023224,0.15000000596046448,0.15000000596046448,0.15000000596046448,73439
2019-09-23,0.20000000298023224,0.20000000298023224,0.20000000298023224,0.20000000298023224,0.20000000298023224,51250
2019-09-24,0.25,0.25,0.20000000298023224,0.25,0.25,5350
2019-09-25,0.25,0.25,0.20000000298023224,0.25,0.25,36575
2019-09-26,0.20000000298023224,0.20000000298023224,0.20000000298023224,0.20000000298023224,0.20000000298023224,5600
2019-09-27,0.20000000298023224,0.20000000298023224,0.20000000298023224,0.20000000298023224,0.20000000298023224,19940
2019-09-30,0.20000000298023224,0.20000000298023224,0.20000000298023224,0.20000000298023224,0.20000000298023224,31335
2019-10-01,0.20000000298023224,0.20000000298023224,0.15000000596046448,0.15000000596046448,0.15000000596046448,3200
2019-10-03,0.20000000298023224,0.20000000298023224,0.15000000596046448,0.20000000298023224,0.20000000298023224,1653
2019-10-04,0.25,0.25,0.20000000298023224,0.25,0.25,4265
2019-10-07,0.20000000298023224,0.25,0.20000000298023224,0.20000000298023224,0.20000000298023224,8975
2019-10-09,0.25,0.25,0.15000000596046448,0.25,0.25,13856
2019-10-10,0.20000000298023224,0.25,0.20000000298023224,0.20000000298023224,0.20000000298023224,71989
2019-10-11,0.25,0.25,0.20000000298023224,0.25,0.25,31750
2019-10-14,0.25,0.25,0.25,0.25,0.25,12170
2019-10-15,0.20000000298023224,0.20000000298023224,0.20000000298023224,0.20000000298023224,0.20000000298023224,57610
2019-10-16,0.20000000298023224,0.20000000298023224,0.20000000298023224,0.20000000298023224,0.20000000298023224,5200
2019-10-17,0.20000000298023224,0.20000000298023224,0.20000000298023224,0.20000000298023224,0.20000000298023224,5
2019-10-18,0.20000000298023224,0.20000000298023224,0.20000000298023224,0.20000000298023224,0.20000000298023224,6000
2019-10-22,0.20000000298023224,0.20000000298023224,0.20000000298023224,0.20000000298023224,0.20000000298023224,18000
2019-10-23,0.20000000298023224,0.20000000298023224,0.20000000298023224,0.20000000298023224,0.20000000298023224,123250
2019-10-24,0.20000000298023224,0.25,0.20000000298023224,0.20000000298023224,0.20000000298023224,128037
2019-10-25,0.20000000298023224,0.20000000298023224,0.20000000298023224,0.20000000298023224,0.20000000298023224,229100
2019-10-29,0.20000000298023224,0.25,0.15000000596046448,0.25,0.25,15052
2019-10-30,0.20000000298023224,0.25,0.20000000298023224,0.20000000298023224,0.20000000298023224,24412
2019-10-31,0.20000000298023224,0.25,0.20000000298023224,0.20000000298023224,0.20000000298023224,32801
2019-11-01,0.20000000298023224,0.20000000298023224,0.20000000298023224,0.20000000298023224,0.20000000298023224,10358
2019-11-04,0.20000000298023224,0.20000000298023224,0.20000000298023224,0.20000000298023224,0.20000000298023224,81656
2019-11-05,0.20000000298023224,0.20000000298023224,0.20000000298023224,0.20000000298023224,0.20000000298023224,100957
2019-11-06,0.20000000298023224,0.20000000298023224,0.15000000596046448,0.20000000298023224,0.20000000298023224,25851
2019-11-07,0.20000000298023224,0.20000000298023224,0.15000000596046448,0.20000000298023224,0.20000000298023224,75785
2019-11-08,0.20000000298023224,0.25,0.20000000298023224,0.20000000298023224,0.20000000298023224,13734
2019-11-11,0.20000000298023224,0.25,0.20000000298023224,0.20000000298023224,0.20000000298023224,27999
2019-11-13,0.25,0.25,0.20000000298023224,0.25,0.25,109012
2019-11-14,0.20000000298023224,0.25,0.20000000298023224,0.20000000298023224,0.20000000298023224,5221
2019-11-15,0.25,0.25,0.25,0.25,0.25,22561
2019-11-18,0.20000000298023224,0.25,0.20000000298023224,0.20000000298023224,0.20000000298023224,10492
2019-11-19,0.15000000596046448,0.20000000298023224,0.15000000596046448,0.15000000596046448,0.15000000596046448,38000
2019-11-20,0.20000000298023224,0.20000000298023224,0.15000000596046448,0.20000000298023224,0.20000000298023224,16439
2019-11-21,0.20000000298023224,0.25,0.15000000596046448,0.20000000298023224,0.20000000298023224,19740
2019-11-22,0.20000000298023224,0.20000000298023224,0.15000000596046448,0.20000000298023224,0.20000000298023224,99351
2019-11-25,0.20000000298023224,0.20000000298023224,0.20000000298023224,0.20000000298023224,0.20000000298023224,70920
2019-11-26,0.20000000298023224,0.20000000298023224,0.20000000298023224,0.20000000298023224,0.20000000298023224,13071
2019-11-27,0.20000000298023224,0.25,0.20000000298023224,0.20000000298023224,0.20000000298023224,19535
2019-11-28,0.20000000298023224,0.25,0.20000000298023224,0.20000000298023224,0.20000000298023224,33050
2019-11-29,0.20000000298023224,0.25,0.20000000298023224,0.20000000298023224,0.20000000298023224,4010
2019-12-02,0.25,0.25,0.25,0.25,0.25,31890
2019-12-03,0.25,0.25,0.25,0.25,0.25,22606
2019-12-04,0.25,0.25,0.20000000298023224,0.25,0.25,17000
2019-12-05,0.25,0.25,0.20000000298023224,0.25,0.25,27530
2019-12-06,0.25,0.25,0.25,0.25,0.25,4310
2019-12-09,0.25,0.20000000298023224,0.20000000298023224,0.20000000298023224,0.20000000298023224,800
2019-12-10,0.20000000298023224,0.20000000298023224,0.15000000596046448,0.20000000298023224,0.20000000298023224,10051
2019-12-11,0.20000000298023224,0.20000000298023224,0.20000000298023224,0.20000000298023224,0.20000000298023224,1250
2019-12-12,0.20000000298023224,0.25,0.20000000298023224,0.20000000298023224,0.20000000298023224,9820
2019-12-13,0.25,0.25,0.20000000298023224,0.20000000298023224,0.20000000298023224,7700
2019-12-16,0.20000000298023224,0.25,0.20000000298023224,0.20000000298023224,0.20000000298023224,2552
2019-12-17,0.25,0.25,0.20000000298023224,0.25,0.25,1050
2019-12-18,0.25,0.25,0.25,0.25,0.25,0
2019-12-19,0.20000000298023224,0.20000000298023224,0.20000000298023224,0.20000000298023224,0.20000000298023224,1500
2019-12-20,0.25,0.25,0.20000000298023224,0.25,0.25,48298
2019-12-23,0.25,0.25,0.20000000298023224,0.20000000298023224,0.20000000298023224,6635
2019-12-24,0.25,0.25,0.20000000298023224,0.25,0.25,13602
2019-12-26,0.25,0.25,0.25,0.25,0.25,104500
2019-12-27,0.25,0.30000001192092896,0.25,0.25,0.25,16000
2019-12-30,0.25,0.25,0.25,0.25,0.25,20
2019-12-31,0.25,0.25,0.20000000298023224,0.25,0.25,14501
2020-01-01,0.30000001192092896,0.25,0.25,0.25,0.25,12849
2020-01-02,0.25,0.25,0.20000000298023224,0.25,0.25,46398
2020-01-03,0.25,0.25,0.25,0.25,0.25,45562
2020-01-06,0.25,0.25,0.25,0.25,0.25,30003
2020-01-07,0.20000000298023224,0.25,0.20000000298023224,0.20000000298023224,0.20000000298023224,1517
2020-01-08,0.25,0.25,0.20000000298023224,0.25,0.25,25511
2020-01-09,0.20000000298023224,0.20000000298023224,0.20000000298023224,0.20000000298023224,0.20000000298023224,22000
2020-01-10,0.20000000298023224,0.20000000298023224,0.20000000298023224,0.20000000298023224,0.20000000298023224,1000
2020-01-13,0.20000000298023224,0.20000000298023224,0.20000000298023224,0.20000000298023224,0.20000000298023224,2076
2020-01-14,0.20000000298023224,0.20000000298023224,0.20000000298023224,0.20000000298023224,0.20000000298023224,5358
2020-01-15,0.25,0.25,0.25,0.25,0.25,12525
2020-01-16,0.20000000298023224,0.25,0.20000000298023224,0.20000000298023224,0.20000000298023224,45046
2020-01-17,0.20000000298023224,0.25,0.20000000298023224,0.20000000298023224,0.20000000298023224,1200
2020-01-20,0.20000000298023224,0.20000000298023224,0.20000000298023224,0.20000000298023224,0.20000000298023224,8000
2020-01-21,0.25,0.25,0.20000000298023224,0.25,0.25,20700
2020-01-22,0.25,0.25,0.20000000298023224,0.25,0.25,5466
2020-01-23,0.25,0.25,0.25,0.25,0.25,13600
2020-01-24,0.20000000298023224,0.25,0.20000000298023224,0.20000000298023224,0.20000000298023224,9901
2020-01-27,0.25,0.25,0.25,0.25,0.25,22402
2020-01-28,0.25,0.25,0.25,0.25,0.25,1440
2020-01-29,0.25,0.25,0.25,0.25,0.25,11540
2020-01-30,0.25,0.25,0.25,0.25,0.25,0
2020-01-31,0.25,0.25,0.25,0.25,0.25,0
2020-02-03,0.20000000298023224,0.25,0.20000000298023224,0.20000000298023224,0.20000000298023224,6620
2020-02-04,0.20000000298023224,0.20000000298023224,0.20000000298023224,0.20000000298023224,0.20000000298023224,43749
2020-02-05,0.25,0.25,0.20000000298023224,0.25,0.25,60851
2020-02-06,0.25,0.25,0.20000000298023224,0.25,0.25,12150
2020-02-07,0.25,0.25,0.20000000298023224,0.25,0.25,11363
2020-02-10,0.25,0.25,0.20000000298023224,0.25,0.25,1100
2020-02-11,0.25,0.25,0.20000000298023224,0.25,0.25,7850
2020-02-12,0.20000000298023224,0.25,0.20000000298023224,0.20000000298023224,0.20000000298023224,6256
2020-02-13,0.20000000298023224,0.20000000298023224,0.15000000596046448,0.20000000298023224,0.20000000298023224,8050
2020-02-14,0.20000000298023224,0.20000000298023224,0.20000000298023224,0.20000000298023224,0.20000000298023224,22930
2020-02-17,0.20000000298023224,0.20000000298023224,0.20000000298023224,0.20000000298023224,0.20000000298023224,91109
2020-02-18,0.20000000298023224,0.20000000298023224,0.20000000298023224,0.20000000298023224,0.20000000298023224,800
2020-02-19,0.20000000298023224,0.25,0.20000000298023224,0.20000000298023224,0.20000000298023224,20493
2020-02-20,0.20000000298023224,0.20000000298023224,0.20000000298023224,0.20000000298023224,0.20000000298023224,73391
2020-02-24,0.20000000298023224,0.20000000298023224,0.15000000596046448,0.20000000298023224,0.20000000298023224,16059
2020-02-25,0.20000000298023224,0.20000000298023224,0.20000000298023224,0.20000000298023224,0.20000000298023224,22975
2020-02-26,0.20000000298023224,0.20000000298023224,0.15000000596046448,0.20000000298023224,0.20000000298023224,2800
2020-02-27,0.20000000298023224,0.20000000298023224,0.20000000298023224,0.20000000298023224,0.20000000298023224,3100
2020-02-28,0.20000000298023224,0.20000000298023224,0.15000000596046448,0.20000000298023224,0.20000000298023224,17000
2020-03-02,0.20000000298023224,0.20000000298023224,0.20000000298023224,0.20000000298023224,0.20000000298023224,10301
2020-03-03,0.20000000298023224,0.20000000298023224,0.20000000298023224,0.20000000298023224,0.20000000298023224,300
2020-03-04,0.20000000298023224,0.20000000298023224,0.15000000596046448,0.20000000298023224,0.20000000298023224,4000
2020-03-05,0.20000000298023224,0.20000000298023224,0.20000000298023224,0.20000000298023224,0.20000000298023224,200
2020-03-06,0.20000000298023224,0.20000000298023224,0.15000000596046448,0.20000000298023224,0.20000000298023224,1560
2020-03-09,0.20000000298023224,0.20000000298023224,0.15000000596046448,0.20000000298023224,0.20000000298023224,22160
2020-03-11,0.20000000298023224,0.20000000298023224,0.15000000596046448,0.20000000298023224,0.20000000298023224,24009
2020-03-12,0.20000000298023224,0.20000000298023224,0.15000000596046448,0.20000000298023224,0.20000000298023224,96345
2020-03-13,0.20000000298023224,0.20000000298023224,0.15000000596046448,0.20000000298023224,0.20000000298023224,4601
2020-03-16,0.20000000298023224,0.20000000298023224,0.15000000596046448,0.20000000298023224,0.20000000298023224,5424
2020-03-17,0.20000000298023224,0.20000000298023224,0.20000000298023224,0.20000000298023224,0.20000000298023224,11400
2020-03-18,0.20000000298023224,0.20000000298023224,0.20000000298023224,0.20000000298023224,0.20000000298023224,2050
2020-03-19,0.20000000298023224,0.20000000298023224,0.20000000298023224,0.20000000298023224,0.20000000298023224,90437
2020-03-20,0.20000000298023224,0.20000000298023224,0.15000000596046448,0.20000000298023224,0.20000000298023224,299626
2020-03-23,0.20000000298023224,0.20000000298023224,0.20000000298023224,0.20000000298023224,0.20000000298023224,0
2020-03-24,0.20000000298023224,0.20000000298023224,0.15000000596046448,0.20000000298023224,0.20000000298023224,10160
2020-03-25,0.20000000298023224,0.20000000298023224,0.20000000298023224,0.20000000298023224,0.20000000298023224,4075
2020-03-26,0.20000000298023224,0.20000000298023224,0.15000000596046448,0.20000000298023224,0.20000000298023224,4000
2020-03-27,0.20000000298023224,0.20000000298023224,0.15000000596046448,0.20000000298023224,0.20000000298023224,100
2020-03-30,0.15000000596046448,0.20000000298023224,0.15000000596046448,0.15000000596046448,0.15000000596046448,23233
2020-03-31,0.15000000596046448,0.15000000596046448,0.15000000596046448,0.15000000596046448,0.15000000596046448,37832
2020-04-01,0.15000000596046448,0.15000000596046448,0.15000000596046448,0.15000000596046448,0.15000000596046448,0
2020-04-03,0.20000000298023224,0.20000000298023224,0.15000000596046448,0.20000000298023224,0.20000000298023224,2229
2020-04-07,0.20000000298023224,0.20000000298023224,0.20000000298023224,0.20000000298023224,0.20000000298023224,1006
2020-04-08,0.20000000298023224,0.20000000298023224,0.20000000298023224,0.20000000298023224,0.20000000298023224,2500
2020-04-09,0.20000000298023224,0.20000000298023224,0.15000000596046448,0.20000000298023224,0.20000000298023224,21511
2020-04-13,0.20000000298023224,0.25,0.15000000596046448,0.20000000298023224,0.20000000298023224,155047
2020-04-15,0.20000000298023224,0.25,0.15000000596046448,0.25,0.25,107636
2020-04-16,0.25,0.25,0.20000000298023224,0.25,0.25,104958
2020-04-17,0.20000000298023224,0.25,0.20000000298023224,0.25,0.25,376944
2020-04-20,0.25,0.25,0.20000000298023224,0.20000000298023224,0.20000000298023224,185402
2020-04-21,0.20000000298023224,0.25,0.20000000298023224,0.25,0.25,119771
2020-04-22,0.25,0.25,0.20000000298023224,0.20000000298023224,0.20000000298023224,80312
2020-04-23,0.25,0.25,0.20000000298023224,0.25,0.25,148336
2020-04-24,0.25,0.25,0.20000000298023224,0.20000000298023224,0.20000000298023224,77006
2020-04-27,0.25,0.25,0.20000000298023224,0.25,0.25,57641
2020-04-28,0.25,0.25,0.20000000298023224,0.25,0.25,159704
2020-04-29,0.25,0.25,0.20000000298023224,0.25,0.25,67672
2020-04-30,0.20000000298023224,0.25,0.20000000298023224,0.20000000298023224,0.20000000298023224,153560
2020-05-04,0.20000000298023224,0.25,0.20000000298023224,0.20000000298023224,0.20000000298023224,94974
2020-05-05,0.20000000298023224,0.25,0.20000000298023224,0.25,0.25,185309
2020-05-06,0.20000000298023224,0.25,0.20000000298023224,0.25,0.25,50562
2020-05-07,0.25,0.25,0.20000000298023224,0.25,0.25,22870
2020-05-08,0.25,0.30000001192092896,0.20000000298023224,0.25,0.25,493952
2020-05-11,0.25,0.30000001192092896,0.20000000298023224,0.30000001192092896,0.30000001192092896,305994
2020-05-12,0.30000001192092896,0.30000001192092896,0.25,0.30000001192092896,0.30000001192092896,327553
2020-05-13,0.3499999940395355,0.3499999940395355,0.30000001192092896,0.30000001192092896,0.30000001192092896,248787
2020-05-14,0.25,0.3499999940395355,0.25,0.3499999940395355,0.3499999940395355,484020
2020-05-15,0.4000000059604645,0.4000000059604645,0.3499999940395355,0.4000000059604645,0.4000000059604645,374754
2020-05-18,0.44999998807907104,0.44999998807907104,0.4000000059604645,0.44999998807907104,0.44999998807907104,1207498
2020-05-19,0.5,0.5,0.5,0.5,0.5,415441
2020-05-20,0.550000011920929,0.550000011920929,0.550000011920929,0.550000011920929,0.550000011920929,602241
2020-05-21,0.6000000238418579,0.6000000238418579,0.6000000238418579,0.6000000238418579,0.6000000238418579,339284
2020-05-22,0.6499999761581421,0.6499999761581421,0.6499999761581421,0.6499999761581421,0.6499999761581421,405436
2020-05-26,0.699999988079071,0.699999988079071,0.699999988079071,0.699999988079071,0.699999988079071,339318
2020-05-27,0.75,0.75,0.75,0.75,0.75,231009
2020-05-28,0.800000011920929,0.800000011920929,0.699999988079071,0.800000011920929,0.800000011920929,2927681
2020-05-29,0.8500000238418579,0.8500000238418579,0.8500000238418579,0.8500000238418579,0.8500000238418579,687964
2020-06-01,0.8999999761581421,0.8999999761581421,0.8500000238418579,0.8999999761581421,0.8999999761581421,816742
2020-06-02,0.949999988079071,0.949999988079071,0.949999988079071,0.949999988079071,0.949999988079071,325488
2020-06-03,1.0,1.0,1.0,1.0,1.0,1084897
2020-06-04,1.0499999523162842,1.0499999523162842,1.0499999523162842,1.0499999523162842,1.0499999523162842,510328
2020-06-05,1.100000023841858,1.100000023841858,1.100000023841858,1.100000023841858,1.100000023841858,801427
2020-06-08,1.149999976158142,1.149999976158142,1.149999976158142,1.149999976158142,1.149999976158142,546853
2020-06-09,1.2000000476837158,1.2000000476837158,1.2000000476837158,1.2000000476837158,1.2000000476837158,179320
2020-06-10,1.25,1.25,1.25,1.25,1.25,403926
2020-06-11,1.2999999523162842,1.2999999523162842,1.2999999523162842,1.2999999523162842,1.2999999523162842,828385
2020-06-12,1.350000023841858,1.350000023841858,1.350000023841858,1.350000023841858,1.350000023841858,920696
2020-06-15,1.399999976158142,1.399999976158142,1.399999976158142,1.399999976158142,1.399999976158142,196467
2020-06-16,1.4500000476837158,1.4500000476837158,1.4500000476837158,1.4500000476837158,1.4500000476837158,672312
2020-06-17,1.5,1.5,1.5,1.5,1.5,848103
2020-06-18,1.5499999523162842,1.5499999523162842,1.5499999523162842,1.5499999523162842,1.5499999523162842,415778
2020-06-19,1.600000023841858,1.600000023841858,1.600000023841858,1.600000023841858,1.600000023841858,267346
2020-06-22,1.649999976158142,1.649999976158142,1.649999976158142,1.649999976158142,1.649999976158142,548248
2020-06-23,1.7000000476837158,1.7000000476837158,1.7000000476837158,1.7000000476837158,1.7000000476837158,225717
2020-06-24,1.75,1.75,1.75,1.75,1.75,290955
2020-06-25,1.7999999523162842,1.7999999523162842,1.7999999523162842,1.7999999523162842,1.7999999523162842,204159
2020-06-26,1.850000023841858,1.850000023841858,1.850000023841858,1.850000023841858,1.850000023841858,361831
2020-06-29,1.899999976158142,1.899999976158142,1.899999976158142,1.899999976158142,1.899999976158142,702690
2020-06-30,1.9500000476837158,1.9500000476837158,1.9500000476837158,1.9500000476837158,1.9500000476837158,475146
2020-07-01,2.0,2.0,2.0,2.0,2.0,631140
2020-07-02,2.0999999046325684,2.0999999046325684,1.899999976158142,1.899999976158142,1.899999976158142,4238295
2020-07-03,1.850000023841858,1.850000023841858,1.850000023841858,1.850000023841858,1.850000023841858,376968
2020-07-06,1.7999999523162842,1.7999999523162842,1.7999999523162842,1.7999999523162842,1.7999999523162842,166723
2020-07-07,1.75,1.75,1.75,1.75,1.75,124082
2020-07-08,1.7000000476837158,1.7000000476837158,1.7000000476837158,1.7000000476837158,1.7000000476837158,103165
2020-07-09,1.649999976158142,1.649999976158142,1.649999976158142,1.649999976158142,1.649999976158142,41921
2020-07-10,1.600000023841858,1.600000023841858,1.600000023841858,1.600000023841858,1.600000023841858,118587
2020-07-13,1.5499999523162842,1.5499999523162842,1.5499999523162842,1.5499999523162842,1.5499999523162842,63443
2020-07-14,1.5,1.5,1.5,1.5,1.5,13808
2020-07-15,1.4500000476837158,1.4500000476837158,1.4500000476837158,1.4500000476837158,1.4500000476837158,28326
2020-07-16,1.399999976158142,1.399999976158142,1.399999976158142,1.399999976158142,1.399999976158142,20885
2020-07-17,1.350000023841858,1.350000023841858,1.350000023841858,1.350000023841858,1.350000023841858,200681
2020-07-20,1.2999999523162842,1.2999999523162842,1.2999999523162842,1.2999999523162842,1.2999999523162842,23554
2020-07-21,1.25,1.25,1.25,1.25,1.25,21009
2020-07-22,1.2000000476837158,1.2000000476837158,1.2000000476837158,1.2000000476837158,1.2000000476837158,105422
2020-07-23,1.149999976158142,1.149999976158142,1.149999976158142,1.149999976158142,1.149999976158142,23097
2020-07-24,1.100000023841858,1.100000023841858,1.100000023841858,1.100000023841858,1.100000023841858,279345
2020-07-27,1.0499999523162842,1.0499999523162842,1.0499999523162842,1.0499999523162842,1.0499999523162842,64762
2020-07-28,1.0,1.0,1.0,1.0,1.0,157056
2020-07-29,0.949999988079071,0.949999988079071,0.949999988079071,0.949999988079071,0.949999988079071,23816
2020-07-30,0.8999999761581421,0.8999999761581421,0.8999999761581421,0.8999999761581421,0.8999999761581421,47956
2020-07-31,0.8500000238418579,0.8500000238418579,0.8500000238418579,0.8500000238418579,0.8500000238418579,40707
2020-08-03,0.800000011920929,0.800000011920929,0.800000011920929,0.800000011920929,0.800000011920929,61542
2020-08-04,0.75,0.75,0.75,0.75,0.75,93229
2020-08-05,0.699999988079071,0.800000011920929,0.699999988079071,0.800000011920929,0.800000011920929,1527047
2020-08-06,0.8500000238418579,0.8500000238418579,0.8500000238418579,0.8500000238418579,0.8500000238418579,217498
2020-08-07,0.8999999761581421,0.8999999761581421,0.800000011920929,0.8999999761581421,0.8999999761581421,1254001
2020-08-10,0.949999988079071,0.949999988079071,0.8999999761581421,0.949999988079071,0.949999988079071,923598
2020-08-11,1.0,1.0,0.949999988079071,1.0,1.0,531039
2020-08-12,1.0499999523162842,1.0499999523162842,1.0499999523162842,1.0499999523162842,1.0499999523162842,246172
2020-08-13,1.100000023841858,1.100000023841858,1.100000023841858,1.100000023841858,1.100000023841858,162140
2020-08-14,1.149999976158142,1.149999976158142,1.0499999523162842,1.0499999523162842,1.0499999523162842,438543
2020-08-17,1.0,1.0,1.0,1.0,1.0,87072
2020-08-18,0.949999988079071,0.949999988079071,0.949999988079071,0.949999988079071,0.949999988079071,213371
2020-08-19,0.8999999761581421,1.0,0.8999999761581421,1.0,1.0,1499587
2020-08-20,1.0,1.0,0.949999988079071,0.949999988079071,0.949999988079071,1357745
2020-08-21,0.8999999761581421,0.949999988079071,0.8999999761581421,0.8999999761581421,0.8999999761581421,892135
2020-08-24,0.8500000238418579,0.8999999761581421,0.8500000238418579,0.8500000238418579,0.8500000238418579,403424
2020-08-25,0.8999999761581421,0.8999999761581421,0.800000011920929,0.8500000238418579,0.8500000238418579,1125933
2020-08-26,0.8500000238418579,0.8500000238418579,0.800000011920929,0.8500000238418579,0.8500000238418579,442301
2020-08-27,0.800000011920929,0.8500000238418579,0.800000011920929,0.8500000238418579,0.8500000238418579,422740
2020-08-28,0.8500000238418579,0.8500000238418579,0.800000011920929,0.800000011920929,0.800000011920929,305288
2020-08-31,0.800000011920929,0.800000011920929,0.75,0.800000011920929,0.800000011920929,457083
2020-09-01,0.800000011920929,0.800000011920929,0.75,0.800000011920929,0.800000011920929,400093
2020-09-02,0.75,0.800000011920929,0.75,0.75,0.75,257958
2020-09-03,0.75,0.75,0.699999988079071,0.699999988079071,0.699999988079071,189935
2020-09-04,0.699999988079071,0.75,0.6499999761581421,0.699999988079071,0.699999988079071,628416
2020-09-07,0.699999988079071,0.75,0.699999988079071,0.75,0.75,419171
2020-09-08,0.800000011920929,0.800000011920929,0.699999988079071,0.699999988079071,0.699999988079071,698440
2020-09-09,0.75,0.75,0.6499999761581421,0.699999988079071,0.699999988079071,331490
2020-09-10,0.699999988079071,0.75,0.6499999761581421,0.699999988079071,0.699999988079071,191949
2020-09-11,0.699999988079071,0.699999988079071,0.6499999761581421,0.699999988079071,0.699999988079071,136126
2020-09-14,0.699999988079071,0.75,0.6499999761581421,0.699999988079071,0.699999988079071,285794
2020-09-15,0.699999988079071,0.75,0.6499999761581421,0.75,0.75,356707
2020-09-16,0.800000011920929,0.800000011920929,0.699999988079071,0.75,0.75,336162
2020-09-17,0.75,0.800000011920929,0.699999988079071,0.75,0.75,206306
2020-09-18,0.699999988079071,0.800000011920929,0.699999988079071,0.75,0.75,306179
2020-09-21,0.75,0.800000011920929,0.699999988079071,0.699999988079071,0.699999988079071,369900
2020-09-22,0.699999988079071,0.75,0.699999988079071,0.699999988079071,0.699999988079071,111575
2020-09-23,0.75,0.75,0.699999988079071,0.699999988079071,0.699999988079071,61318
2020-09-24,0.75,0.75,0.6499999761581421,0.6499999761581421,0.6499999761581421,309793
2020-09-25,0.6499999761581421,0.699999988079071,0.6000000238418579,0.699999988079071,0.699999988079071,191655
2020-09-28,0.6499999761581421,0.699999988079071,0.6499999761581421,0.699999988079071,0.699999988079071,93990
2020-09-29,0.6499999761581421,0.699999988079071,0.6499999761581421,0.6499999761581421,0.6499999761581421,88506
2020-09-30,0.699999988079071,0.699999988079071,0.6499999761581421,0.699999988079071,0.699999988079071,125485
2020-10-01,0.6499999761581421,0.699999988079071,0.6499999761581421,0.6499999761581421,0.6499999761581421,144849
2020-10-05,0.699999988079071,0.699999988079071,0.6000000238418579,0.6499999761581421,0.6499999761581421,170603
2020-10-06,0.6499999761581421,0.699999988079071,0.6000000238418579,0.6499999761581421,0.6499999761581421,39721
2020-10-07,0.6499999761581421,0.699999988079071,0.6499999761581421,0.699999988079071,0.699999988079071,74061
2020-10-08,0.699999988079071,0.699999988079071,0.6499999761581421,0.6499999761581421,0.6499999761581421,151811
2020-10-09,0.6499999761581421,0.699999988079071,0.6499999761581421,0.6499999761581421,0.6499999761581421,93711
2020-10-12,0.6499999761581421,0.699999988079071,0.6000000238418579,0.6499999761581421,0.6499999761581421,89990
2020-10-13,0.6499999761581421,0.6499999761581421,0.6000000238418579,0.6000000238418579,0.6000000238418579,60404
2020-10-14,0.6000000238418579,0.6499999761581421,0.550000011920929,0.6000000238418579,0.6000000238418579,163639
2020-10-15,0.6000000238418579,0.6000000238418579,0.550000011920929,0.550000011920929,0.550000011920929,135166
2020-10-16,0.6000000238418579,0.6000000238418579,0.550000011920929,0.550000011920929,0.550000011920929,76817
2020-10-19,0.550000011920929,0.6000000238418579,0.550000011920929,0.6000000238418579,0.6000000238418579,60600
2020-10-20,0.6000000238418579,0.6499999761581421,0.550000011920929,0.6499999761581421,0.6499999761581421,170144
2020-10-21,0.6000000238418579,0.6499999761581421,0.6000000238418579,0.6000000238418579,0.6000000238418579,107599
2020-10-22,0.6000000238418579,0.6499999761581421,0.6000000238418579,0.6499999761581421,0.6499999761581421,81773
2020-10-23,0.6499999761581421,0.699999988079071,0.6000000238418579,0.6499999761581421,0.6499999761581421,213056
2020-10-26,0.6499999761581421,0.699999988079071,0.6499999761581421,0.6499999761581421,0.6499999761581421,153061
2020-10-27,0.6499999761581421,0.699999988079071,0.6499999761581421,0.6499999761581421,0.6499999761581421,163856
2020-10-28,0.6499999761581421,0.699999988079071,0.6499999761581421,0.699999988079071,0.699999988079071,34100
2020-10-29,0.699999988079071,0.699999988079071,0.6499999761581421,0.6499999761581421,0.6499999761581421,201883
2020-10-30,0.6499999761581421,0.699999988079071,0.6499999761581421,0.6499999761581421,0.6499999761581421,100061
2020-11-02,0.6499999761581421,0.699999988079071,0.6499999761581421,0.6499999761581421,0.6499999761581421,45559
2020-11-03,0.6499999761581421,0.699999988079071,0.6000000238418579,0.6000000238418579,0.6000000238418579,65297
2020-11-04,0.6000000238418579,0.6499999761581421,0.6000000238418579,0.6499999761581421,0.6499999761581421,146370
2020-11-05,0.6499999761581421,0.6499999761581421,0.6000000238418579,0.6499999761581421,0.6499999761581421,45478
2020-11-06,0.6000000238418579,0.6499999761581421,0.6000000238418579,0.6000000238418579,0.6000000238418579,184886
2020-11-09,0.6000000238418579,0.6000000238418579,0.550000011920929,0.6000000238418579,0.6000000238418579,113937
2020-11-10,0.6000000238418579,0.6000000238418579,0.550000011920929,0.550000011920929,0.550000011920929,104050
2020-11-11,0.6000000238418579,0.6000000238418579,0.550000011920929,0.6000000238418579,0.6000000238418579,82027
2020-11-12,0.6499999761581421,0.6499999761581421,0.550000011920929,0.6000000238418579,0.6000000238418579,59858
2020-11-13,0.6000000238418579,0.6499999761581421,0.550000011920929,0.6000000238418579,0.6000000238418579,108271
2020-11-14,0.6000000238418579,0.6499999761581421,0.550000011920929,0.6000000238418579,0.6000000238418579,32100
2020-11-17,0.6000000238418579,0.6499999761581421,0.550000011920929,0.6499999761581421,0.6499999761581421,794967
2020-11-18,0.6499999761581421,0.699999988079071,0.6000000238418579,0.699999988079071,0.699999988079071,307073
2020-11-19,0.6499999761581421,0.75,0.6499999761581421,0.699999988079071,0.699999988079071,494312
2020-11-20,0.699999988079071,0.75,0.6499999761581421,0.699999988079071,0.699999988079071,223286
2020-11-23,0.6499999761581421,0.75,0.6499999761581421,0.699999988079071,0.699999988079071,213282
2020-11-24,0.699999988079071,0.699999988079071,0.6499999761581421,0.6499999761581421,0.6499999761581421,149850
2020-11-25,0.699999988079071,0.699999988079071,0.6499999761581421,0.699999988079071,0.699999988079071,233784
2020-11-26,0.699999988079071,0.75,0.6499999761581421,0.699999988079071,0.699999988079071,222205
2020-11-27,0.699999988079071,0.75,0.6499999761581421,0.699999988079071,0.699999988079071,116102
2020-12-01,0.699999988079071,0.699999988079071,0.6499999761581421,0.699999988079071,0.699999988079071,121275
2020-12-02,0.699999988079071,0.699999988079071,0.6499999761581421,0.6499999761581421,0.6499999761581421,375473
2020-12-03,0.6499999761581421,0.699999988079071,0.6499999761581421,0.699999988079071,0.699999988079071,348670
2020-12-04,0.75,0.75,0.75,0.75,0.75,238005
2020-12-07,0.8500000238418579,0.8999999761581421,0.800000011920929,0.8999999761581421,0.8999999761581421,1006014
2020-12-08,1.0,1.0499999523162842,1.0,1.0499999523162842,1.0499999523162842,1364635
2020-12-09,1.25,1.25,1.0499999523162842,1.25,1.25,937976
2020-12-10,1.2999999523162842,1.350000023841858,1.149999976158142,1.2000000476837158,1.2000000476837158,1520759
2020-12-11,1.149999976158142,1.149999976158142,1.149999976158142,1.149999976158142,1.149999976158142,205655
2020-12-14,1.100000023841858,1.100000023841858,1.100000023841858,1.100000023841858,1.100000023841858,177861
2020-12-15,1.0499999523162842,1.0499999523162842,1.0499999523162842,1.0499999523162842,1.0499999523162842,224223
2020-12-16,1.0,1.0,1.0,1.0,1.0,118290
2020-12-17,0.949999988079071,0.949999988079071,0.949999988079071,0.949999988079071,0.949999988079071,175390
2020-12-18,0.8999999761581421,0.8999999761581421,0.8999999761581421,0.8999999761581421,0.8999999761581421,48725
2020-12-21,0.8999999761581421,0.8999999761581421,0.8500000238418579,0.8500000238418579,0.8500000238418579,368147
2020-12-22,0.800000011920929,0.8500000238418579,0.800000011920929,0.800000011920929,0.800000011920929,70467
2020-12-23,0.8500000238418579,0.8500000238418579,0.75,0.8500000238418579,0.8500000238418579,147285
2020-12-24,0.8999999761581421,0.8999999761581421,0.8999999761581421,0.8999999761581421,0.8999999761581421,105350
2020-12-28,0.949999988079071,0.949999988079071,0.8999999761581421,0.949999988079071,0.949999988079071,187135
2020-12-29,1.0,1.0,0.8999999761581421,0.8999999761581421,0.8999999761581421,314480
2020-12-30,0.949999988079071,0.949999988079071,0.8500000238418579,0.8999999761581421,0.8999999761581421,111175
2020-12-31,0.949999988079071,0.949999988079071,0.8500000238418579,0.8999999761581421,0.8999999761581421,180718
2021-01-01,0.8999999761581421,0.949999988079071,0.8500000238418579,0.949999988079071,0.949999988079071,148330
2021-01-04,0.949999988079071,1.0,0.8999999761581421,0.949999988079071,0.949999988079071,374627
2021-01-05,1.0,1.0,0.8999999761581421,1.0,1.0,789468
2021-01-06,1.0499999523162842,1.0499999523162842,0.949999988079071,0.949999988079071,0.949999988079071,582853
2021-01-07,1.0,1.0,0.949999988079071,1.0,1.0,956952
2021-01-08,1.0,1.0499999523162842,0.949999988079071,1.0,1.0,413119
2021-01-11,0.949999988079071,1.0499999523162842,0.949999988079071,1.0499999523162842,1.0499999523162842,1098234
2021-01-12,1.0499999523162842,1.0499999523162842,1.0,1.0,1.0,328831
2021-01-13,1.0,1.0499999523162842,0.949999988079071,1.0,1.0,274949
2021-01-14,1.0,1.0499999523162842,0.949999988079071,1.0499999523162842,1.0499999523162842,73169
2021-01-15,1.0499999523162842,1.0499999523162842,1.0,1.0,1.0,76722
2021-01-18,1.0,1.0,0.949999988079071,0.949999988079071,0.949999988079071,277194
2021-01-19,0.949999988079071,1.0,0.8999999761581421,0.8999999761581421,0.8999999761581421,398438
2021-01-20,0.949999988079071,0.949999988079071,0.8999999761581421,0.949999988079071,0.949999988079071,31297
2021-01-21,0.8999999761581421,1.0,0.8999999761581421,0.8999999761581421,0.8999999761581421,111901
2021-01-22,0.8999999761581421,0.949999988079071,0.8500000238418579,0.8999999761581421,0.8999999761581421,256911
2021-01-25,0.8999999761581421,0.949999988079071,0.8500000238418579,0.8999999761581421,0.8999999761581421,37867
2021-01-27,0.8999999761581421,0.8999999761581421,0.8500000238418579,0.8999999761581421,0.8999999761581421,54171
2021-01-28,0.8999999761581421,0.8999999761581421,0.8500000238418579,0.8500000238418579,0.8500000238418579,94507
2021-01-29,0.8999999761581421,0.8999999761581421,0.8500000238418579,0.8999999761581421,0.8999999761581421,299857
2021-02-01,0.949999988079071,0.949999988079071,0.8999999761581421,0.8999999761581421,0.8999999761581421,236673
2021-02-02,0.949999988079071,0.949999988079071,0.8500000238418579,0.8500000238418579,0.8500000238418579,94506
2021-02-03,0.8500000238418579,0.8999999761581421,0.8500000238418579,0.8999999761581421,0.8999999761581421,56154
2021-02-04,0.949999988079071,0.949999988079071,0.8500000238418579,0.8999999761581421,0.8999999761581421,85744
2021-02-05,0.949999988079071,0.949999988079071,0.8500000238418579,0.8500000238418579,0.8500000238418579,81438
2021-02-08,0.8999999761581421,0.8999999761581421,0.8500000238418579,0.8999999761581421,0.8999999761581421,135111
2021-02-09,0.8999999761581421,0.8999999761581421,0.8500000238418579,0.8999999761581421,0.8999999761581421,113160
2021-02-10,0.8500000238418579,0.8999999761581421,0.8500000238418579,0.8999999761581421,0.8999999761581421,185750
2021-02-11,0.8500000238418579,0.8999999761581421,0.8500000238418579,0.8500000238418579,0.8500000238418579,88328
2021-02-12,0.8999999761581421,0.8999999761581421,0.800000011920929,0.8500000238418579,0.8500000238418579,321022
2021-02-15,0.800000011920929,0.8500000238418579,0.800000011920929,0.800000011920929,0.800000011920929,429074
2021-02-16,0.800000011920929,0.8500000238418579,0.75,0.800000011920929,0.800000011920929,268156
2021-02-17,0.800000011920929,0.8500000238418579,0.800000011920929,0.800000011920929,0.800000011920929,213410
2021-02-18,0.8500000238418579,0.8500000238418579,0.75,0.800000011920929,0.800000011920929,100613
2021-02-19,0.800000011920929,0.8500000238418579,0.75,0.800000011920929,0.800000011920929,107297
2021-02-22,0.800000011920929,0.8500000238418579,0.75,0.800000011920929,0.800000011920929,87378
2021-02-23,0.800000011920929,0.800000011920929,0.75,0.800000011920929,0.800000011920929,82172
2021-02-24,0.800000011920929,0.800000011920929,0.75,0.800000011920929,0.800000011920929,30753
2021-02-25,0.800000011920929,0.8500000238418579,0.75,0.800000011920929,0.800000011920929,300111
2021-02-26,0.75,0.8500000238418579,0.75,0.800000011920929,0.800000011920929,110120
2021-03-01,0.8500000238418579,0.8500000238418579,0.75,0.75,0.75,458493
2021-03-02,0.800000011920929,0.800000011920929,0.75,0.75,0.75,269970
2021-03-03,0.75,0.800000011920929,0.75,0.75,0.75,68414
2021-03-04,0.800000011920929,0.800000011920929,0.75,0.800000011920929,0.800000011920929,245384
2021-03-05,0.8500000238418579,0.8500000238418579,0.800000011920929,0.8500000238418579,0.8500000238418579,171794
2021-03-08,0.8500000238418579,0.8999999761581421,0.800000011920929,0.8999999761581421,0.8999999761581421,718591
2021-03-09,0.8999999761581421,0.949999988079071,0.8999999761581421,0.949999988079071,0.949999988079071,467206
2021-03-10,0.949999988079071,0.949999988079071,0.8999999761581421,0.8999999761581421,0.8999999761581421,311735
2021-03-12,0.8999999761581421,0.8999999761581421,0.8500000238418579,0.8500000238418579,0.8500000238418579,375657
2021-03-15,0.800000011920929,0.8500000238418579,0.800000011920929,0.800000011920929,0.800000011920929,480021
2021-03-16,0.800000011920929,0.8500000238418579,0.75,0.800000011920929,0.800000011920929,236797
2021-03-17,0.800000011920929,0.8500000238418579,0.75,0.8500000238418579,0.8500000238418579,305394
2021-03-18,0.8999999761581421,0.8999999761581421,0.800000011920929,0.800000011920929,0.800000011920929,220436
2021-03-19,0.8500000238418579,0.8500000238418579,0.800000011920929,0.800000011920929,0.800000011920929,120670
2021-03-22,0.8500000238418579,0.8500000238418579,0.800000011920929,0.800000011920929,0.800000011920929,59083
2021-03-23,0.8500000238418579,0.8500000238418579,0.800000011920929,0.8500000238418579,0.8500000238418579,89259
2021-03-24,0.8500000238418579,0.8500000238418579,0.800000011920929,0.800000011920929,0.800000011920929,73456
2021-03-25,0.8500000238418579,0.8500000238418579,0.75,0.800000011920929,0.800000011920929,140672
2021-03-26,0.800000011920929,0.800000011920929,0.75,0.800000011920929,0.800000011920929,119796
2021-03-30,0.800000011920929,0.800000011920929,0.75,0.75,0.75,131514
2021-03-31,0.800000011920929,0.800000011920929,0.699999988079071,0.800000011920929,0.800000011920929,211583
2021-04-01,0.800000011920929,0.800000011920929,0.75,0.75,0.75,391011
2021-04-05,0.800000011920929,0.800000011920929,0.75,0.800000011920929,0.800000011920929,182835
2021-04-06,0.800000011920929,0.800000011920929,0.75,0.75,0.75,132504
2021-04-07,0.75,0.800000011920929,0.75,0.800000011920929,0.800000011920929,58119
2021-04-08,0.800000011920929,0.800000011920929,0.75,0.75,0.75,98771
2021-04-09,0.800000011920929,0.800000011920929,0.75,0.75,0.75,704220
2021-04-12,0.800000011920929,0.800000011920929,0.75,0.75,0.75,83845
2021-04-13,0.800000011920929,0.800000011920929,0.75,0.800000011920929,0.800000011920929,31272
2021-04-15,0.800000011920929,0.800000011920929,0.75,0.800000011920929,0.800000011920929,321404
2021-04-16,0.75,0.800000011920929,0.75,0.800000011920929,0.800000011920929,203351
2021-04-19,0.75,0.800000011920929,0.75,0.75,0.75,122691
2021-04-20,0.75,0.800000011920929,0.699999988079071,0.75,0.75,113889
2021-04-22,0.800000011920929,0.800000011920929,0.699999988079071,0.75,0.75,106540
2021-04-23,0.75,0.800000011920929,0.699999988079071,0.75,0.75,77548
2021-04-26,0.800000011920929,0.800000011920929,0.699999988079071,0.75,0.75,79366
2021-04-27,0.800000011920929,0.800000011920929,0.699999988079071,0.75,0.75,316407
2021-04-28,0.800000011920929,0.800000011920929,0.699999988079071,0.75,0.75,112957
2021-04-29,0.75,0.800000011920929,0.699999988079071,0.75,0.75,207678
2021-04-30,0.800000011920929,0.800000011920929,0.75,0.800000011920929,0.800000011920929,270600
2021-05-03,0.8500000238418579,0.8500000238418579,0.800000011920929,0.8500000238418579,0.8500000238418579,286859
2021-05-04,0.8999999761581421,0.8999999761581421,0.8999999761581421,0.8999999761581421,0.8999999761581421,139991
2021-05-05,0.949999988079071,0.949999988079071,0.949999988079071,0.949999988079071,0.949999988079071,69092
2021-05-06,1.0,1.0,1.0,1.0,1.0,490834
2021-05-07,1.0499999523162842,1.0499999523162842,1.0499999523162842,1.0499999523162842,1.0499999523162842,177054
2021-05-10,1.100000023841858,1.100000023841858,1.100000023841858,1.100000023841858,1.100000023841858,134138
2021-05-11,1.149999976158142,1.149999976158142,1.149999976158142,1.149999976158142,1.149999976158142,99743
2021-05-12,1.2000000476837158,1.2000000476837158,1.2000000476837158,1.2000000476837158,1.2000000476837158,129909
2021-05-14,1.25,1.25,1.149999976158142,1.149999976158142,1.149999976158142,1295924
2021-05-17,1.100000023841858,1.100000023841858,1.100000023841858,1.100000023841858,1.100000023841858,277193
2021-05-18,1.0499999523162842,1.0499999523162842,1.0499999523162842,1.0499999523162842,1.0499999523162842,224237
2021-05-19,1.0,1.100000023841858,1.0,1.0,1.0,1090536
2021-05-20,0.949999988079071,0.949999988079071,0.949999988079071,0.949999988079071,0.949999988079071,103956
2021-05-21,0.8999999761581421,0.8999999761581421,0.8999999761581421,0.8999999761581421,0.8999999761581421,267294
2021-05-24,0.8500000238418579,0.949999988079071,0.8500000238418579,0.949999988079071,0.949999988079071,627753
2021-05-25,1.0,1.0,0.949999988079071,1.0,1.0,399047
2021-05-26,1.0499999523162842,1.0499999523162842,1.0,1.0499999523162842,1.0499999523162842,467741
2021-05-27,1.0499999523162842,1.100000023841858,1.0,1.0,1.0,215690
2021-05-28,1.0499999523162842,1.0499999523162842,0.949999988079071,1.0,1.0,619885
2021-05-31,1.0,1.0499999523162842,0.949999988079071,1.0,1.0,288080
2021-06-01,0.949999988079071,1.0499999523162842,0.949999988079071,1.0,1.0,192631
2021-06-02,1.0,1.0,0.949999988079071,1.0,1.0,149915
2021-06-03,1.0,1.0499999523162842,0.949999988079071,1.0,1.0,565844
2021-06-04,1.0499999523162842,1.0499999523162842,1.0,1.0,1.0,216287
2021-06-07,1.0499999523162842,1.0499999523162842,0.949999988079071,1.0499999523162842,1.0499999523162842,346418
2021-06-08,1.0499999523162842,1.0499999523162842,1.0,1.0,1.0,309879
2021-06-09,1.0499999523162842,1.0499999523162842,1.0,1.0,1.0,442683
2021-06-10,1.0499999523162842,1.0499999523162842,1.0,1.0499999523162842,1.0499999523162842,558734
2021-06-11,1.100000023841858,1.100000023841858,1.0499999523162842,1.100000023841858,1.100000023841858,437170
2021-06-14,1.149999976158142,1.149999976158142,1.0499999523162842,1.149999976158142,1.149999976158142,502014
2021-06-15,1.149999976158142,1.149999976158142,1.100000023841858,1.100000023841858,1.100000023841858,408213
2021-06-16,1.100000023841858,1.100000023841858,1.0499999523162842,1.0499999523162842,1.0499999523162842,556212
2021-06-17,1.100000023841858,1.100000023841858,1.0499999523162842,1.100000023841858,1.100000023841858,550557
2021-06-18,1.149999976158142,1.149999976158142,1.0499999523162842,1.100000023841858,1.100000023841858,561769
2021-06-21,1.100000023841858,1.100000023841858,1.0499999523162842,1.100000023841858,1.100000023841858,417081
2021-06-22,1.100000023841858,1.149999976158142,1.100000023841858,1.149999976158142,1.149999976158142,923125
2021-06-23,1.2000000476837158,1.2000000476837158,1.100000023841858,1.2000000476837158,1.2000000476837158,917943
2021-06-24,1.25,1.25,1.2000000476837158,1.25,1.25,919727
2021-06-25,1.2999999523162842,1.2999999523162842,1.2000000476837158,1.25,1.25,990903
2021-06-28,1.2999999523162842,1.2999999523162842,1.2999999523162842,1.2999999523162842,1.2999999523162842,192985
2021-06-29,1.350000023841858,1.350000023841858,1.350000023841858,1.350000023841858,1.350000023841858,192928
2021-06-30,1.399999976158142,1.399999976158142,1.399999976158142,1.399999976158142,1.399999976158142,723901
2021-07-01,1.4500000476837158,1.4500000476837158,1.4500000476837158,1.4500000476837158,1.4500000476837158,98380
2021-07-02,1.5,1.5,1.5,1.5,1.5,378453
2021-07-05,1.5499999523162842,1.5499999523162842,1.5499999523162842,1.5499999523162842,1.5499999523162842,402661
2021-07-06,1.600000023841858,1.600000023841858,1.600000023841858,1.600000023841858,1.600000023841858,96559
2021-07-07,1.649999976158142,1.649999976158142,1.5499999523162842,1.5499999523162842,1.5499999523162842,1218201
2021-07-08,1.5,1.5,1.5,1.5,1.5,183282
2021-07-09,1.4500000476837158,1.4500000476837158,1.4500000476837158,1.4500000476837158,1.4500000476837158,89689
2021-07-12,1.399999976158142,1.399999976158142,1.399999976158142,1.399999976158142,1.399999976158142,136405
2021-07-13,1.350000023841858,1.350000023841858,1.350000023841858,1.350000023841858,1.350000023841858,313246
2021-07-14,1.2999999523162842,1.2999999523162842,1.2999999523162842,1.2999999523162842,1.2999999523162842,277062
2021-07-15,1.25,1.350000023841858,1.25,1.350000023841858,1.350000023841858,1182553
2021-07-16,1.399999976158142,1.399999976158142,1.399999976158142,1.399999976158142,1.399999976158142,291906
2021-07-19,1.399999976158142,1.4500000476837158,1.350000023841858,1.4500000476837158,1.4500000476837158,701022
2021-07-20,1.5,1.5,1.399999976158142,1.399999976158142,1.399999976158142,577594
2021-07-22,1.4500000476837158,1.4500000476837158,1.350000023841858,1.4500000476837158,1.4500000476837158,887831
2021-07-23,1.5,1.5,1.399999976158142,1.5,1.5,478719
2021-07-26,1.4500000476837158,1.4500000476837158,1.4500000476837158,1.4500000476837158,1.4500000476837158,179883
2021-07-27,1.399999976158142,1.399999976158142,1.399999976158142,1.399999976158142,1.399999976158142,207220
2021-07-28,1.350000023841858,1.4500000476837158,1.350000023841858,1.4500000476837158,1.4500000476837158,1000522
2021-07-29,1.5,1.5,1.4500000476837158,1.5,1.5,1131176
2021-07-30,1.5499999523162842,1.5499999523162842,1.5499999523162842,1.5499999523162842,1.5499999523162842,259542
2021-08-02,1.600000023841858,1.600000023841858,1.600000023841858,1.600000023841858,1.600000023841858,453739
2021-08-03,1.649999976158142,1.649999976158142,1.649999976158142,1.649999976158142,1.649999976158142,104036
2021-08-04,1.7000000476837158,1.7000000476837158,1.7000000476837158,1.7000000476837158,1.7000000476837158,127888
2021-08-05,1.75,1.75,1.75,1.75,1.75,413080
2021-08-06,1.7999999523162842,1.7999999523162842,1.7999999523162842,1.7999999523162842,1.7999999523162842,123679
2021-08-09,1.850000023841858,1.850000023841858,1.850000023841858,1.850000023841858,1.850000023841858,82846
2021-08-10,1.899999976158142,1.899999976158142,1.899999976158142,1.899999976158142,1.899999976158142,91703
2021-08-11,1.9500000476837158,1.9500000476837158,1.850000023841858,1.9500000476837158,1.9500000476837158,7184127
2021-08-12,2.0,2.0,2.0,2.0,2.0,187934
2021-08-13,2.0999999046325684,2.0999999046325684,2.0999999046325684,2.0999999046325684,2.0999999046325684,235243
2021-08-16,2.200000047683716,2.200000047683716,2.200000047683716,2.200000047683716,2.200000047683716,71566
2021-08-17,2.299999952316284,2.299999952316284,2.299999952316284,2.299999952316284,2.299999952316284,182765
2021-08-18,2.4000000953674316,2.4000000953674316,2.200000047683716,2.3499999046325684,2.3499999046325684,2874269
2021-08-20,2.25,2.299999952316284,2.25,2.25,2.25,1460471
2021-08-23,2.1500000953674316,2.25,2.1500000953674316,2.1500000953674316,2.1500000953674316,851972
2021-08-24,2.049999952316284,2.049999952316284,2.049999952316284,2.049999952316284,2.049999952316284,171006
2021-08-25,2.049999952316284,2.1500000953674316,1.9500000476837158,1.9500000476837158,1.9500000476837158,3801928
2021-08-26,1.899999976158142,2.0,1.899999976158142,2.0,2.0,3111639
2021-08-27,2.0999999046325684,2.0999999046325684,1.899999976158142,2.049999952316284,2.049999952316284,1833996
2021-08-30,2.049999952316284,2.1500000953674316,2.049999952316284,2.1500000953674316,2.1500000953674316,1203279
2021-08-31,2.25,2.25,2.25,2.25,2.25,344384
2021-09-01,2.3499999046325684,2.3499999046325684,2.3499999046325684,2.3499999046325684,2.3499999046325684,327820
2021-09-02,2.450000047683716,2.450000047683716,2.450000047683716,2.450000047683716,2.450000047683716,251371
2021-09-03,2.549999952316284,2.549999952316284,2.549999952316284,2.549999952316284,2.549999952316284,262481
2021-09-06,2.5999999046325684,2.5999999046325684,2.450000047683716,2.450000047683716,2.450000047683716,5206429
2021-09-07,2.3499999046325684,2.3499999046325684,2.3499999046325684,2.3499999046325684,2.3499999046325684,185610
2021-09-08,2.25,2.25,2.25,2.25,2.25,257508
2021-09-09,2.1500000953674316,2.1500000953674316,2.1500000953674316,2.1500000953674316,2.1500000953674316,206983
2021-09-13,2.049999952316284,2.1500000953674316,2.049999952316284,2.049999952316284,2.049999952316284,2746997
2021-09-14,2.0,2.1500000953674316,2.0,2.1500000953674316,2.1500000953674316,1245581
2021-09-15,2.25,2.25,2.200000047683716,2.25,2.25,734304
2021-09-16,2.3499999046325684,2.3499999046325684,2.299999952316284,2.3499999046325684,2.3499999046325684,404765
2021-09-17,2.450000047683716,2.450000047683716,2.25,2.25,2.25,982803
2021-09-20,2.25,2.25,2.1500000953674316,2.1500000953674316,2.1500000953674316,1398390
2021-09-21,2.0999999046325684,2.1500000953674316,2.049999952316284,2.0999999046325684,2.0999999046325684,1061530
2021-09-22,2.049999952316284,2.200000047683716,2.049999952316284,2.1500000953674316,2.1500000953674316,880519
2021-09-23,2.1500000953674316,2.25,2.049999952316284,2.0999999046325684,2.0999999046325684,1277741
2021-09-24,2.0999999046325684,2.0999999046325684,2.049999952316284,2.049999952316284,2.049999952316284,544618
2021-09-27,2.049999952316284,2.1500000953674316,2.049999952316284,2.049999952316284,2.049999952316284,675012
2021-09-28,2.049999952316284,2.0999999046325684,2.0,2.049999952316284,2.049999952316284,498061
2021-09-29,2.049999952316284,2.1500000953674316,1.9500000476837158,2.0999999046325684,2.0999999046325684,1009827
2021-09-30,2.0999999046325684,2.1500000953674316,2.049999952316284,2.049999952316284,2.049999952316284,1143627
2021-10-01,2.049999952316284,2.0999999046325684,2.0,2.049999952316284,2.049999952316284,472274
2021-10-04,2.049999952316284,2.1500000953674316,2.0,2.049999952316284,2.049999952316284,1093534
2021-10-05,2.0999999046325684,2.1500000953674316,2.0,2.049999952316284,2.049999952316284,577344
2021-10-06,2.049999952316284,2.0999999046325684,1.9500000476837158,2.0,2.0,721990
2021-10-07,2.0,2.1500000953674316,2.0,2.049999952316284,2.049999952316284,676623
2021-10-08,2.0999999046325684,2.0999999046325684,2.0,2.0999999046325684,2.0999999046325684,864833
2021-10-11,2.0999999046325684,2.200000047683716,2.049999952316284,2.0999999046325684,2.0999999046325684,1184385
2021-10-12,2.1500000953674316,2.1500000953674316,2.0,2.0999999046325684,2.0999999046325684,747569
2021-10-13,2.0999999046325684,2.1500000953674316,2.049999952316284,2.049999952316284,2.049999952316284,808132
2021-10-14,2.049999952316284,2.25,2.049999952316284,2.25,2.25,1389144
2021-10-18,2.450000047683716,2.450000047683716,2.450000047683716,2.450000047683716,2.450000047683716,568066
2021-10-19,2.6500000953674316,2.6500000953674316,2.4000000953674316,2.5999999046325684,2.5999999046325684,4111824
2021-10-20,2.5999999046325684,2.75,2.3499999046325684,2.5999999046325684,2.5999999046325684,2102743
2021-10-21,2.700000047683716,2.700000047683716,2.5999999046325684,2.700000047683716,2.700000047683716,870473
2021-10-22,2.799999952316284,2.799999952316284,2.799999952316284,2.799999952316284,2.799999952316284,244789
2021-10-25,2.9000000953674316,2.9000000953674316,2.700000047683716,2.700000047683716,2.700000047683716,2933973
2021-10-26,2.5999999046325684,2.700000047683716,2.5999999046325684,2.5999999046325684,2.5999999046325684,1346107
2021-10-27,2.549999952316284,2.6500000953674316,2.5,2.5,2.5,872488
2021-10-28,2.450000047683716,2.549999952316284,2.4000000953674316,2.450000047683716,2.450000047683716,1020621
2021-10-29,2.5,2.549999952316284,2.4000000953674316,2.549999952316284,2.549999952316284,586416
2021-11-01,2.6500000953674316,2.6500000953674316,2.549999952316284,2.6500000953674316,2.6500000953674316,1739292
2021-11-02,2.700000047683716,2.75,2.6500000953674316,2.75,2.75,798442
2021-11-03,2.75,2.799999952316284,2.6500000953674316,2.6500000953674316,2.6500000953674316,950162
2021-11-04,2.6500000953674316,2.75,2.5999999046325684,2.75,2.75,340989
2021-11-08,2.799999952316284,2.8499999046325684,2.75,2.8499999046325684,2.8499999046325684,816369
2021-11-09,2.9000000953674316,2.950000047683716,2.9000000953674316,2.950000047683716,2.950000047683716,321908
2021-11-10,3.049999952316284,3.049999952316284,3.049999952316284,3.049999952316284,3.049999952316284,142266
2021-11-11,3.200000047683716,3.200000047683716,3.200000047683716,3.200000047683716,3.200000047683716,390752
2021-11-12,3.3499999046325684,3.3499999046325684,3.3499999046325684,3.3499999046325684,3.3499999046325684,539028
2021-11-15,3.5,3.5,3.5,3.5,3.5,326014
2021-11-16,3.6500000953674316,3.6500000953674316,3.6500000953674316,3.6500000953674316,3.6500000953674316,122738
2021-11-17,3.799999952316284,3.799999952316284,3.799999952316284,3.799999952316284,3.799999952316284,168657
2021-11-18,3.950000047683716,3.950000047683716,3.950000047683716,3.950000047683716,3.950000047683716,65570
2021-11-22,4.099999904632568,4.099999904632568,4.099999904632568,4.099999904632568,4.099999904632568,216405
2021-11-23,4.300000190734863,4.300000190734863,4.199999809265137,4.300000190734863,4.300000190734863,3235944
2021-11-24,4.5,4.5,4.5,4.5,4.5,42560
2021-11-25,4.699999809265137,4.699999809265137,4.699999809265137,4.699999809265137,4.699999809265137,46182
2021-11-26,4.900000095367432,4.900000095367432,4.900000095367432,4.900000095367432,4.900000095367432,135209
2021-11-29,5.099999904632568,5.099999904632568,5.099999904632568,5.099999904632568,5.099999904632568,405325
2021-11-30,5.349999904632568,5.349999904632568,5.349999904632568,5.349999904632568,5.349999904632568,302222
2021-12-01,5.599999904632568,5.599999904632568,5.5,5.599999904632568,5.599999904632568,1835159
2021-12-02,5.849999904632568,5.849999904632568,5.849999904632568,5.849999904632568,5.849999904632568,164831
2021-12-03,6.099999904632568,6.099999904632568,6.099999904632568,6.099999904632568,6.099999904632568,129045
2021-12-06,6.400000095367432,6.400000095367432,6.400000095367432,6.400000095367432,6.400000095367432,160576
2021-12-07,6.699999809265137,6.699999809265137,6.699999809265137,6.699999809265137,6.699999809265137,422437
2021-12-08,7.0,7.0,6.400000095367432,6.400000095367432,6.400000095367432,4137734
2021-12-09,6.099999904632568,6.699999809265137,6.099999904632568,6.099999904632568,6.099999904632568,13361345
2021-12-10,5.849999904632568,6.400000095367432,5.849999904632568,6.25,6.25,8895225
2021-12-13,6.400000095367432,6.449999809265137,6.0,6.25,6.25,4480644
2021-12-14,6.25,6.25,5.949999809265137,6.0,6.0,4868115
2021-12-15,6.0,6.300000190734863,6.0,6.25,6.25,4835973
2021-12-16,6.449999809265137,6.5,5.949999809265137,5.949999809265137,5.949999809265137,4555384
2021-12-17,5.900000095367432,6.150000095367432,5.699999809265137,5.699999809265137,5.699999809265137,1914632
2021-12-20,5.449999809265137,5.449999809265137,5.449999809265137,5.449999809265137,5.449999809265137,546281
2021-12-21,5.199999809265137,5.449999809265137,5.199999809265137,5.199999809265137,5.199999809265137,2794525
2021-12-22,4.949999809265137,5.199999809265137,4.949999809265137,4.949999809265137,4.949999809265137,11634651
2021-12-23,5.0,5.150000095367432,4.949999809265137,5.150000095367432,5.150000095367432,3468564
2021-12-24,5.400000095367432,5.400000095367432,5.25,5.400000095367432,5.400000095367432,1205831
2021-12-27,5.650000095367432,5.650000095367432,5.650000095367432,5.650000095367432,5.650000095367432,125029
2021-12-28,5.900000095367432,5.900000095367432,5.900000095367432,5.900000095367432,5.900000095367432,116117
2021-12-29,6.150000095367432,6.150000095367432,5.650000095367432,6.150000095367432,6.150000095367432,8410926
2021-12-30,6.400000095367432,6.449999809265137,5.900000095367432,6.449999809265137,6.449999809265137,8611527
2021-12-31,6.699999809265137,6.75,6.599999904632568,6.75,6.75,1903949
2022-01-03,7.050000190734863,7.050000190734863,7.050000190734863,7.050000190734863,7.050000190734863,386627
2022-01-04,7.400000095367432,7.400000095367432,6.75,7.400000095367432,7.400000095367432,10970131
2022-01-05,7.75,7.75,7.550000190734863,7.75,7.75,1680723
2022-01-06,8.100000381469727,8.100000381469727,7.75,8.100000381469727,8.100000381469727,1898880
2022-01-07,8.5,8.5,8.5,8.5,8.5,582840
2022-01-10,8.899999618530273,8.899999618530273,8.899999618530273,8.899999618530273,8.899999618530273,247285
2022-01-11,9.300000190734863,9.300000190734863,9.300000190734863,9.300000190734863,9.300000190734863,141551
2022-01-12,9.75,9.75,8.850000381469727,8.850000381469727,8.850000381469727,14128696
2022-01-13,8.449999809265137,8.800000190734863,8.449999809265137,8.449999809265137,8.449999809265137,1651851
2022-01-14,8.100000381469727,8.850000381469727,8.050000190734863,8.850000381469727,8.850000381469727,10862939
2022-01-17,9.25,9.25,9.0,9.25,9.25,3816883
2022-01-18,9.5,9.699999809265137,8.800000190734863,9.0,9.0,5566636
2022-01-19,8.800000190734863,9.199999809265137,8.550000190734863,8.550000190734863,8.550000190734863,1384942
2022-01-20,8.25,8.75,8.149999618530273,8.149999618530273,8.149999618530273,6624069
2022-01-21,7.949999809265137,7.949999809265137,7.75,7.75,7.75,3206825
2022-01-24,7.449999809265137,7.550000190734863,7.400000095367432,7.400000095367432,7.400000095367432,1283305
2022-01-25,7.050000190734863,7.050000190734863,7.050000190734863,7.050000190734863,7.050000190734863,437989
2022-01-27,6.699999809265137,6.949999809265137,6.699999809265137,6.699999809265137,6.699999809265137,3973881
2022-01-28,6.5,7.0,6.5,7.0,7.0,2529881
2022-01-31,7.349999904632568,7.349999904632568,7.349999904632568,7.349999904632568,7.349999904632568,337126
2022-02-01,7.699999809265137,7.699999809265137,7.0,7.0,7.0,8737863
2022-02-02,7.0,7.349999904632568,6.800000190734863,7.0,7.0,3048205
2022-02-03,7.0,7.349999904632568,6.75,7.300000190734863,7.300000190734863,1748722
2022-02-04,7.599999904632568,7.650000095367432,7.5,7.650000095367432,7.650000095367432,917479
2022-02-07,8.0,8.0,7.300000190734863,7.349999904632568,7.349999904632568,2682546
2022-02-08,7.400000095367432,7.550000190734863,7.0,7.0,7.0,2735278
2022-02-09,6.900000095367432,7.0,6.650000095367432,6.650000095367432,6.650000095367432,1626212
2022-02-10,6.650000095367432,6.900000095367432,6.349999904632568,6.349999904632568,6.349999904632568,2011753
2022-02-11,6.099999904632568,6.199999809265137,6.050000190734863,6.050000190734863,6.050000190734863,1440370
2022-02-14,5.800000190734863,5.800000190734863,5.75,5.75,5.75,796750
2022-02-15,6.0,6.0,5.900000095367432,6.0,6.0,2183241
2022-02-16,6.300000190734863,6.300000190734863,6.300000190734863,6.300000190734863,6.300000190734863,129124
2022-02-17,6.599999904632568,6.599999904632568,6.599999904632568,6.599999904632568,6.599999904632568,248978
2022-02-18,6.699999809265137,6.699999809265137,6.300000190734863,6.300000190734863,6.300000190734863,3475732
2022-02-21,6.150000095367432,6.199999809265137,6.0,6.0,6.0,826609
2022-02-22,5.699999809265137,5.699999809265137,5.699999809265137,5.699999809265137,5.699999809265137,335087
2022-02-23,5.550000190734863,5.949999809265137,5.550000190734863,5.849999904632568,5.849999904632568,2643412
2022-02-24,5.599999904632568,5.699999809265137,5.599999904632568,5.599999904632568,5.599999904632568,481678
2022-02-25,5.449999809265137,5.849999904632568,5.349999904632568,5.349999904632568,5.349999904632568,2164697
2022-02-28,5.25,5.550000190734863,5.099999904632568,5.5,5.5,1745078
2022-03-02,5.650000095367432,5.75,5.5,5.699999809265137,5.699999809265137,1325862
2022-03-03,5.900000095367432,5.900000095367432,5.650000095367432,5.650000095367432,5.650000095367432,1525873
2022-03-04,5.599999904632568,5.699999809265137,5.400000095367432,5.5,5.5,977378
2022-03-07,5.300000190734863,5.5,5.25,5.349999904632568,5.349999904632568,1192631
2022-03-08,5.400000095367432,5.599999904632568,5.25,5.5,5.5,1078606
2022-03-09,5.550000190734863,5.699999809265137,5.449999809265137,5.599999904632568,5.599999904632568,1708703
2022-03-10,5.75,5.849999904632568,5.699999809265137,5.849999904632568,5.849999904632568,1394026
2022-03-11,5.949999809265137,6.050000190734863,5.75,5.849999904632568,5.849999904632568,2006893
2022-03-14,6.050000190734863,6.050000190734863,5.800000190734863,5.849999904632568,5.849999904632568,2343839
2022-03-15,5.849999904632568,5.849999904632568,5.650000095367432,5.699999809265137,5.699999809265137,1311245
2022-03-16,5.75,5.800000190734863,5.449999809265137,5.449999809265137,5.449999809265137,2341045
2022-03-17,5.400000095367432,5.599999904632568,5.199999809265137,5.199999809265137,5.199999809265137,2757977
2022-03-21,5.150000095367432,5.25,5.050000190734863,5.099999904632568,5.099999904632568,1458160
2022-03-22,5.150000095367432,5.349999904632568,5.099999904632568,5.349999904632568,5.349999904632568,740493
2022-03-23,5.599999904632568,5.599999904632568,5.400000095367432,5.599999904632568,5.599999904632568,897440
2022-03-24,5.599999904632568,5.650000095367432,5.349999904632568,5.349999904632568,5.349999904632568,2027449
2022-03-25,5.449999809265137,5.449999809265137,5.099999904632568,5.099999904632568,5.099999904632568,2072677
2022-03-28,5.150000095367432,5.199999809265137,4.949999809265137,5.050000190734863,5.050000190734863,1211664
2022-03-29,5.0,5.099999904632568,4.949999809265137,5.050000190734863,5.050000190734863,718521
2022-03-30,5.050000190734863,5.199999809265137,5.0,5.099999904632568,5.099999904632568,984511
2022-03-31,5.150000095367432,5.300000190734863,5.099999904632568,5.150000095367432,5.150000095367432,1056265
2022-04-01,5.199999809265137,5.349999904632568,5.150000095367432,5.25,5.25,885625
2022-04-04,5.400000095367432,5.5,5.300000190734863,5.449999809265137,5.449999809265137,1234567
2022-04-05,5.550000190734863,5.599999904632568,5.300000190734863,5.400000095367432,5.400000095367432,1565935
2022-04-06,5.5,5.650000095367432,5.400000095367432,5.650000095367432,5.650000095367432,1422581
2022-04-07,6.0,6.199999809265137,5.900000095367432,6.199999809265137,6.199999809265137,1921520
2022-04-08,6.75,6.800000190734863,6.300000190734863,6.800000190734863,6.800000190734863,3307833
2022-04-11,7.050000190734863,7.050000190734863,6.25,6.300000190734863,6.300000190734863,3542187
2022-04-12,6.349999904632568,6.5,5.900000095367432,6.099999904632568,6.099999904632568,1744477
2022-04-13,6.0,6.650000095367432,6.0,6.349999904632568,6.349999904632568,2481040
2022-04-18,6.25,6.400000095367432,5.75,5.849999904632568,5.849999904632568,3164662
2022-04-19,5.800000190734863,6.0,5.699999809265137,5.75,5.75,1917007
2022-04-20,5.800000190734863,6.050000190734863,5.550000190734863,5.75,5.75,1225490
2022-04-21,5.800000190734863,5.849999904632568,5.699999809265137,5.800000190734863,5.800000190734863,786469
2022-04-22,5.800000190734863,5.849999904632568,5.550000190734863,5.650000095367432,5.650000095367432,1155331
2022-04-25,5.599999904632568,5.599999904632568,5.349999904632568,5.400000095367432,5.400000095367432,1199531
2022-04-26,5.5,5.75,5.349999904632568,5.349999904632568,5.349999904632568,1038921
2022-04-27,5.300000190734863,5.449999809265137,5.050000190734863,5.099999904632568,5.099999904632568,1311538
2022-04-28,5.099999904632568,5.400000095367432,5.0,5.050000190734863,5.050000190734863,2152347
2022-04-29,5.25,5.550000190734863,5.150000095367432,5.550000190734863,5.550000190734863,679723
2022-05-02,5.699999809265137,6.099999904632568,5.599999904632568,6.099999904632568,6.099999904632568,5545386
2022-05-04,6.25,6.400000095367432,5.5,5.550000190734863,5.550000190734863,4365277
2022-05-05,5.800000190734863,6.0,5.550000190734863,5.900000095367432,5.900000095367432,1675429
2022-05-06,5.5,5.900000095367432,5.449999809265137,5.650000095367432,5.650000095367432,1318233
2022-05-09,5.75,5.800000190734863,5.449999809265137,5.599999904632568,5.599999904632568,788026
2022-05-10,5.349999904632568,5.75,5.349999904632568,5.400000095367432,5.400000095367432,844003
2022-05-11,5.300000190734863,5.550000190734863,5.0,5.25,5.25,1206623
2022-05-12,5.150000095367432,5.25,4.75,4.800000190734863,4.800000190734863,1722622
2022-05-13,4.75,5.25,4.75,5.199999809265137,5.199999809265137,1673168
2022-05-16,5.349999904632568,5.449999809265137,5.150000095367432,5.25,5.25,856804
2022-05-17,5.300000190734863,5.699999809265137,5.199999809265137,5.599999904632568,5.599999904632568,1335875
2022-05-18,5.650000095367432,5.800000190734863,5.150000095367432,5.349999904632568,5.349999904632568,1400499
2022-05-19,5.300000190734863,5.300000190734863,5.050000190734863,5.099999904632568,5.099999904632568,678909
2022-05-20,5.199999809265137,5.349999904632568,5.150000095367432,5.199999809265137,5.199999809265137,628574
2022-05-23,5.300000190734863,5.300000190734863,5.0,5.050000190734863,5.050000190734863,847267
2022-05-24,5.050000190734863,5.150000095367432,4.949999809265137,5.050000190734863,5.050000190734863,613910
2022-05-25,5.199999809265137,5.25,4.900000095367432,4.949999809265137,4.949999809265137,771994
2022-05-26,4.949999809265137,5.050000190734863,4.5,4.650000095367432,4.650000095367432,1521363
2022-05-27,4.550000190734863,5.099999904632568,4.5,5.050000190734863,5.050000190734863,1705228
2022-05-30,5.400000095367432,5.550000190734863,5.25,5.550000190734863,5.550000190734863,3310631
2022-05-31,5.699999809265137,5.75,5.199999809265137,5.550000190734863,5.550000190734863,1870338
2022-06-01,5.699999809265137,5.75,5.5,5.599999904632568,5.599999904632568,1504648
2022-06-02,5.699999809265137,5.75,5.199999809265137,5.449999809265137,5.449999809265137,1309567
2022-06-03,5.5,5.599999904632568,5.349999904632568,5.400000095367432,5.400000095367432,712903
2022-06-06,5.550000190734863,5.550000190734863,5.349999904632568,5.349999904632568,5.349999904632568,748331
2022-06-07,5.349999904632568,5.449999809265137,5.199999809265137,5.199999809265137,5.199999809265137,509679
2022-06-08,5.449999809265137,5.550000190734863,5.25,5.300000190734863,5.300000190734863,751389
2022-06-09,5.400000095367432,5.449999809265137,5.300000190734863,5.400000095367432,5.400000095367432,519208
2022-06-10,5.449999809265137,5.449999809265137,5.300000190734863,5.300000190734863,5.300000190734863,520287
2022-06-13,5.199999809265137,5.199999809265137,5.050000190734863,5.050000190734863,5.050000190734863,541992
2022-06-14,5.050000190734863,5.199999809265137,5.050000190734863,5.050000190734863,5.050000190734863,454668
2022-06-15,5.099999904632568,5.199999809265137,4.949999809265137,5.0,5.0,714527
2022-06-16,5.050000190734863,5.150000095367432,4.699999809265137,4.900000095367432,4.900000095367432,1358939
2022-06-17,4.699999809265137,5.099999904632568,4.699999809265137,4.949999809265137,4.949999809265137,802450
2022-06-20,4.949999809265137,5.25,4.699999809265137,4.75,4.75,865388
2022-06-21,4.800000190734863,5.150000095367432,4.800000190734863,5.050000190734863,5.050000190734863,800229
2022-06-22,5.099999904632568,5.099999904632568,4.849999904632568,4.949999809265137,4.949999809265137,464451
2022-06-23,4.949999809265137,5.150000095367432,4.949999809265137,5.0,5.0,352190
2022-06-24,5.050000190734863,5.150000095367432,4.949999809265137,5.0,5.0,416043
2022-06-27,5.099999904632568,5.099999904632568,4.75,4.900000095367432,4.900000095367432,1033725
2022-06-28,4.900000095367432,4.900000095367432,4.800000190734863,4.849999904632568,4.849999904632568,383800
2022-06-29,4.800000190734863,4.900000095367432,4.75,4.849999904632568,4.849999904632568,421444
2022-06-30,4.849999904632568,5.0,4.75,4.75,4.75,429517
2022-07-01,4.900000095367432,4.900000095367432,4.699999809265137,4.75,4.75,340420
2022-07-04,4.75,4.849999904632568,4.699999809265137,4.800000190734863,4.800000190734863,509896
2022-07-05,4.800000190734863,4.849999904632568,4.75,4.800000190734863,4.800000190734863,435037
2022-07-06,4.75,4.800000190734863,4.300000190734863,4.650000095367432,4.650000095367432,1436504
2022-07-07,4.75,4.849999904632568,4.650000095367432,4.800000190734863,4.800000190734863,763426
2022-07-08,4.849999904632568,4.949999809265137,4.699999809265137,4.75,4.75,620205
2022-07-11,4.75,4.900000095367432,4.599999904632568,4.75,4.75,621186
2022-07-12,4.800000190734863,4.900000095367432,4.650000095367432,4.75,4.75,664982
2022-07-13,4.800000190734863,4.849999904632568,4.699999809265137,4.800000190734863,4.800000190734863,510126
2022-07-14,4.900000095367432,4.900000095367432,4.699999809265137,4.75,4.75,546464
2022-07-15,4.800000190734863,4.800000190734863,4.699999809265137,4.699999809265137,4.699999809265137,225294
2022-07-18,4.800000190734863,4.849999904632568,4.699999809265137,4.800000190734863,4.800000190734863,532473
2022-07-19,4.849999904632568,4.849999904632568,4.75,4.849999904632568,4.849999904632568,529239
2022-07-20,4.900000095367432,4.949999809265137,4.75,4.800000190734863,4.800000190734863,601920
2022-07-21,4.75,4.800000190734863,4.75,4.75,4.75,345493
2022-07-22,4.800000190734863,4.800000190734863,4.75,4.800000190734863,4.800000190734863,297260
2022-07-25,4.800000190734863,4.849999904632568,4.699999809265137,4.75,4.75,383780
2022-07-26,4.800000190734863,4.800000190734863,4.650000095367432,4.699999809265137,4.699999809265137,529628
2022-07-27,4.650000095367432,4.75,4.650000095367432,4.699999809265137,4.699999809265137,334030
2022-07-28,4.699999809265137,4.800000190734863,4.650000095367432,4.650000095367432,4.650000095367432,486898
2022-07-29,4.75,4.75,4.550000190734863,4.599999904632568,4.599999904632568,613835
2022-08-01,4.650000095367432,4.699999809265137,4.599999904632568,4.650000095367432,4.650000095367432,509274
2022-08-02,4.650000095367432,4.75,4.650000095367432,4.699999809265137,4.699999809265137,725159
2022-08-03,4.75,4.800000190734863,4.699999809265137,4.699999809265137,4.699999809265137,432729
2022-08-04,4.800000190734863,4.800000190734863,4.650000095367432,4.699999809265137,4.699999809265137,637214
2022-08-05,4.699999809265137,5.599999904632568,4.650000095367432,5.599999904632568,5.599999904632568,4255979
2022-08-08,5.949999809265137,6.699999809265137,5.900000095367432,6.699999809265137,6.699999809265137,16742732
2022-08-10,6.949999809265137,7.300000190734863,6.199999809265137,6.5,6.5,10120907
2022-08-11,6.699999809265137,6.849999904632568,5.949999809265137,6.0,6.0,3982881
2022-08-12,5.849999904632568,5.849999904632568,5.550000190734863,5.599999904632568,5.599999904632568,2591715
2022-08-16,5.699999809265137,6.150000095367432,5.599999904632568,6.150000095367432,6.150000095367432,2560502
2022-08-17,6.449999809265137,6.650000095367432,6.300000190734863,6.449999809265137,6.449999809265137,4024433
2022-08-18,6.599999904632568,6.599999904632568,6.050000190734863,6.349999904632568,6.349999904632568,2356726
2022-08-19,6.449999809265137,6.5,6.099999904632568,6.150000095367432,6.150000095367432,2217726
2022-08-22,6.150000095367432,6.25,5.849999904632568,6.050000190734863,6.050000190734863,1702815
2022-08-23,5.900000095367432,6.150000095367432,5.849999904632568,6.050000190734863,6.050000190734863,1253316
2022-08-24,6.099999904632568,6.099999904632568,5.900000095367432,6.0,6.0,861413
2022-08-25,6.099999904632568,6.150000095367432,5.949999809265137,5.949999809265137,5.949999809265137,721290
2022-08-26,6.099999904632568,6.099999904632568,5.900000095367432,5.949999809265137,5.949999809265137,749770
2022-08-29,5.900000095367432,5.949999809265137,5.650000095367432,5.849999904632568,5.849999904632568,805731
2022-08-30,5.900000095367432,6.050000190734863,5.849999904632568,5.900000095367432,5.900000095367432,1072425
2022-09-01,5.949999809265137,6.0,5.849999904632568,5.949999809265137,5.949999809265137,961888
2022-09-02,6.0,6.0,5.800000190734863,5.849999904632568,5.849999904632568,987026
2022-09-05,6.0,6.0,5.849999904632568,5.949999809265137,5.949999809265137,790575
2022-09-06,5.949999809265137,6.050000190734863,5.849999904632568,5.900000095367432,5.900000095367432,1028427
2022-09-07,6.0,6.0,5.900000095367432,5.949999809265137,5.949999809265137,598634
2022-09-08,6.0,6.099999904632568,5.900000095367432,5.949999809265137,5.949999809265137,1037142
2022-09-09,6.050000190734863,6.050000190734863,5.900000095367432,5.949999809265137,5.949999809265137,654107
2022-09-12,5.949999809265137,6.0,5.849999904632568,5.900000095367432,5.900000095367432,765898
2022-09-13,5.949999809265137,5.949999809265137,5.800000190734863,5.849999904632568,5.849999904632568,634749
2022-09-14,5.800000190734863,5.949999809265137,5.75,5.849999904632568,5.849999904632568,635810
2022-09-15,5.900000095367432,5.900000095367432,5.75,5.800000190734863,5.800000190734863,586928
2022-09-16,5.800000190734863,5.800000190734863,5.650000095367432,5.75,5.75,701710
2022-09-19,5.800000190734863,5.800000190734863,5.599999904632568,5.650000095367432,5.650000095367432,459202
2022-09-20,5.75,5.849999904632568,5.599999904632568,5.650000095367432,5.650000095367432,871643
2022-09-21,5.650000095367432,5.699999809265137,5.5,5.599999904632568,5.599999904632568,649079
2022-09-22,5.599999904632568,5.699999809265137,5.5,5.599999904632568,5.599999904632568,504072
2022-09-23,5.599999904632568,5.650000095367432,5.400000095367432,5.449999809265137,5.449999809265137,530829
2022-09-26,5.25,5.349999904632568,4.949999809265137,5.099999904632568,5.099999904632568,1420375
2022-09-27,5.199999809265137,5.599999904632568,5.150000095367432,5.599999904632568,5.599999904632568,1001141
2022-09-28,5.449999809265137,5.900000095367432,5.449999809265137,5.449999809265137,5.449999809265137,1383707
2022-09-29,5.550000190734863,5.599999904632568,5.300000190734863,5.449999809265137,5.449999809265137,528637
2022-09-30,5.449999809265137,5.550000190734863,5.300000190734863,5.449999809265137,5.449999809265137,543733
2022-10-03,5.599999904632568,5.599999904632568,5.349999904632568,5.449999809265137,5.449999809265137,448127
2022-10-04,5.5,5.599999904632568,5.400000095367432,5.5,5.5,447788
2022-10-06,5.449999809265137,5.550000190734863,5.449999809265137,5.449999809265137,5.449999809265137,568650
2022-10-07,5.5,5.5,5.400000095367432,5.449999809265137,5.449999809265137,248709
2022-10-10,5.449999809265137,5.900000095367432,5.300000190734863,5.5,5.5,1179393
2022-10-11,5.550000190734863,5.599999904632568,5.400000095367432,5.400000095367432,5.400000095367432,388505
2022-10-12,5.449999809265137,5.5,5.300000190734863,5.349999904632568,5.349999904632568,249260
2022-10-13,5.400000095367432,5.449999809265137,5.300000190734863,5.349999904632568,5.349999904632568,342468
2022-10-14,5.349999904632568,5.449999809265137,5.25,5.300000190734863,5.300000190734863,562072
2022-10-17,5.099999904632568,5.25,5.0,5.199999809265137,5.199999809265137,836503
2022-10-18,5.300000190734863,5.349999904632568,5.150000095367432,5.150000095367432,5.150000095367432,314887
2022-10-19,5.150000095367432,5.599999904632568,5.150000095367432,5.349999904632568,5.349999904632568,1272581
2022-10-20,5.349999904632568,5.400000095367432,5.25,5.300000190734863,5.300000190734863,353206
2022-10-21,5.349999904632568,5.400000095367432,5.150000095367432,5.25,5.25,463479
2022-10-24,5.300000190734863,5.449999809265137,5.300000190734863,5.300000190734863,5.300000190734863,288478
2022-10-25,5.349999904632568,5.349999904632568,5.199999809265137,5.25,5.25,377400
2022-10-27,5.300000190734863,5.300000190734863,5.150000095367432,5.199999809265137,5.199999809265137,394685
2022-10-28,5.25,5.25,5.099999904632568,5.150000095367432,5.150000095367432,454354
2022-10-31,5.199999809265137,5.300000190734863,5.0,5.25,5.25,597768
2022-11-01,5.300000190734863,5.300000190734863,5.150000095367432,5.150000095367432,5.150000095367432,387771
2022-11-02,5.199999809265137,5.199999809265137,5.099999904632568,5.150000095367432,5.150000095367432,286426
2022-11-03,5.150000095367432,5.25,5.099999904632568,5.099999904632568,5.099999904632568,288221
2022-11-04,5.150000095367432,5.199999809265137,5.099999904632568,5.099999904632568,5.099999904632568,255116
2022-11-07,5.099999904632568,5.300000190734863,5.099999904632568,5.099999904632568,5.099999904632568,403317
2022-11-09,5.099999904632568,5.300000190734863,5.099999904632568,5.150000095367432,5.150000095367432,785745
2022-11-10,5.199999809265137,5.25,5.099999904632568,5.150000095367432,5.150000095367432,415556
2022-11-11,5.199999809265137,5.449999809265137,5.150000095367432,5.150000095367432,5.150000095367432,1004384
2022-11-14,5.099999904632568,5.099999904632568,4.900000095367432,5.0,5.0,1341631
2022-11-15,4.949999809265137,5.099999904632568,4.949999809265137,5.050000190734863,5.050000190734863,611370
2022-11-16,5.099999904632568,5.099999904632568,4.900000095367432,4.949999809265137,4.949999809265137,843922
2022-11-17,5.0,5.0,4.800000190734863,4.900000095367432,4.900000095367432,726576
2022-11-18,4.949999809265137,5.0,4.849999904632568,4.949999809265137,4.949999809265137,252900
2022-11-21,4.949999809265137,5.099999904632568,4.849999904632568,4.900000095367432,4.900000095367432,544599
2022-11-22,4.949999809265137,4.949999809265137,4.849999904632568,4.849999904632568,4.849999904632568,313124
2022-11-23,4.949999809265137,4.949999809265137,4.199999809265137,4.75,4.75,716524
2022-11-24,4.699999809265137,5.0,4.699999809265137,4.849999904632568,4.849999904632568,502388
2022-11-25,4.949999809265137,5.0,4.849999904632568,4.900000095367432,4.900000095367432,513496
2022-11-28,4.949999809265137,5.0,4.800000190734863,4.849999904632568,4.849999904632568,580269
2022-11-29,5.0,5.0,4.800000190734863,4.900000095367432,4.900000095367432,331953
2022-11-30,4.900000095367432,4.949999809265137,4.75,4.900000095367432,4.900000095367432,430528
2022-12-01,4.949999809265137,5.050000190734863,4.900000095367432,4.949999809265137,4.949999809265137,473050
2022-12-02,4.900000095367432,4.949999809265137,4.849999904632568,4.849999904632568,4.849999904632568,344208
2022-12-05,4.949999809265137,5.0,4.849999904632568,5.0,5.0,451952
2022-12-06,5.0,5.050000190734863,4.900000095367432,4.900000095367432,4.900000095367432,445538
2022-12-07,4.949999809265137,5.0,4.849999904632568,4.900000095367432,4.900000095367432,320697
2022-12-08,4.900000095367432,5.0,4.900000095367432,4.900000095367432,4.900000095367432,225047
2022-12-09,5.0,5.0,4.849999904632568,4.900000095367432,4.900000095367432,404796
2022-12-12,4.949999809265137,4.949999809265137,4.849999904632568,4.849999904632568,4.849999904632568,357954
2022-12-13,4.900000095367432,4.900000095367432,4.849999904632568,4.849999904632568,4.849999904632568,323493
2022-12-14,4.849999904632568,5.349999904632568,4.849999904632568,5.099999904632568,5.099999904632568,1129996
2022-12-15,5.099999904632568,5.150000095367432,4.949999809265137,5.0,5.0,704112
2022-12-16,5.050000190734863,5.099999904632568,5.0,5.050000190734863,5.050000190734863,699663
2022-12-19,5.0,5.050000190734863,4.949999809265137,5.0,5.0,518263
2022-12-20,5.0,5.050000190734863,4.900000095367432,5.0,5.0,489246
2022-12-21,5.050000190734863,5.449999809265137,5.0,5.099999904632568,5.099999904632568,2708270
2022-12-22,5.099999904632568,5.150000095367432,4.400000095367432,4.849999904632568,4.849999904632568,1685995
2022-12-23,4.800000190734863,4.800000190734863,4.449999809265137,4.550000190734863,4.550000190734863,1259399
2022-12-26,4.5,5.0,4.400000095367432,4.949999809265137,4.949999809265137,1377405
2022-12-27,5.050000190734863,5.150000095367432,4.900000095367432,4.949999809265137,4.949999809265137,596277
2022-12-28,5.0,5.050000190734863,4.949999809265137,5.0,5.0,383539
2022-12-29,5.0,5.050000190734863,4.949999809265137,5.0,5.0,258989
2022-12-30,5.050000190734863,5.099999904632568,5.0,5.0,5.0,529977
2023-01-02,5.0,5.050000190734863,5.0,5.050000190734863,5.050000190734863,382257
2023-01-03,5.050000190734863,5.300000190734863,4.949999809265137,5.099999904632568,5.099999904632568,1065476
2023-01-04,5.050000190734863,5.150000095367432,4.949999809265137,4.949999809265137,4.949999809265137,548804
2023-01-05,5.0,5.0,4.949999809265137,4.949999809265137,4.949999809265137,244057
2023-01-06,5.0,5.0,4.849999904632568,4.900000095367432,4.900000095367432,562690
2023-01-09,4.949999809265137,5.050000190734863,4.900000095367432,4.949999809265137,4.949999809265137,331298
2023-01-10,4.949999809265137,4.949999809265137,4.849999904632568,4.849999904632568,4.849999904632568,171195
2023-01-11,4.900000095367432,4.900000095367432,4.849999904632568,4.849999904632568,4.849999904632568,239082
2023-01-12,4.849999904632568,4.900000095367432,4.800000190734863,4.849999904632568,4.849999904632568,318417
2023-01-13,4.849999904632568,4.900000095367432,4.800000190734863,4.849999904632568,4.849999904632568,212783
2023-01-16,4.849999904632568,4.900000095367432,4.849999904632568,4.849999904632568,4.849999904632568,226608
2023-01-17,4.900000095367432,4.900000095367432,4.800000190734863,4.800000190734863,4.800000190734863,252916
2023-01-18,4.800000190734863,4.900000095367432,4.699999809265137,4.849999904632568,4.849999904632568,407104
2023-01-19,4.800000190734863,4.849999904632568,4.800000190734863,4.849999904632568,4.849999904632568,148218
2023-01-20,4.800000190734863,4.900000095367432,4.75,4.849999904632568,4.849999904632568,414557
2023-01-23,4.800000190734863,5.0,4.75,4.75,4.75,528299
2023-01-24,4.849999904632568,4.849999904632568,4.75,4.800000190734863,4.800000190734863,222427
2023-01-25,4.800000190734863,4.900000095367432,4.800000190734863,4.800000190734863,4.800000190734863,291611
2023-01-27,4.849999904632568,4.849999904632568,4.599999904632568,4.699999809265137,4.699999809265137,480233
2023-01-30,4.650000095367432,4.800000190734863,4.599999904632568,4.650000095367432,4.650000095367432,579420
2023-01-31,4.650000095367432,4.800000190734863,4.599999904632568,4.699999809265137,4.699999809265137,308495
2023-02-01,4.75,4.900000095367432,4.699999809265137,4.699999809265137,4.699999809265137,449074
2023-02-02,4.75,4.75,4.550000190734863,4.599999904632568,4.599999904632568,597304
2023-02-03,4.599999904632568,4.650000095367432,4.449999809265137,4.5,4.5,630314
2023-02-06,4.5,4.550000190734863,4.5,4.550000190734863,4.550000190734863,347586
2023-02-07,4.599999904632568,4.699999809265137,4.5,4.550000190734863,4.550000190734863,375349
2023-02-08,4.550000190734863,4.650000095367432,4.5,4.599999904632568,4.599999904632568,395991
2023-02-09,4.550000190734863,4.650000095367432,4.550000190734863,4.550000190734863,4.550000190734863,193263
2023-02-10,4.599999904632568,4.599999904632568,4.5,4.5,4.5,163434
2023-02-13,4.599999904632568,4.599999904632568,4.400000095367432,4.449999809265137,4.449999809265137,459804
2023-02-14,4.400000095367432,4.550000190734863,4.349999904632568,4.449999809265137,4.449999809265137,444345
2023-02-15,4.5,5.050000190734863,4.449999809265137,4.699999809265137,4.699999809265137,911805
2023-02-16,4.75,4.800000190734863,4.650000095367432,4.699999809265137,4.699999809265137,289851
2023-02-17,4.699999809265137,4.699999809265137,4.550000190734863,4.599999904632568,4.599999904632568,240372
2023-02-20,4.650000095367432,4.650000095367432,4.400000095367432,4.5,4.5,438570
2023-02-21,4.550000190734863,4.75,4.5,4.650000095367432,4.650000095367432,592379
2023-02-22,4.599999904632568,4.650000095367432,4.349999904632568,4.400000095367432,4.400000095367432,609325
2023-02-23,4.5,4.5,4.349999904632568,4.349999904632568,4.349999904632568,322714
2023-02-24,4.449999809265137,4.550000190734863,4.400000095367432,4.449999809265137,4.449999809265137,200009
2023-02-27,4.449999809265137,4.5,4.300000190734863,4.349999904632568,4.349999904632568,258836
2023-02-28,4.300000190734863,4.349999904632568,4.199999809265137,4.25,4.25,280502
2023-03-01,4.25,4.400000095367432,4.150000095367432,4.300000190734863,4.300000190734863,268281
2023-03-02,4.349999904632568,4.400000095367432,4.25,4.349999904632568,4.349999904632568,175479
2023-03-03,4.349999904632568,4.449999809265137,4.25,4.300000190734863,4.300000190734863,276530
2023-03-06,4.300000190734863,4.349999904632568,4.199999809265137,4.25,4.25,368498
2023-03-08,4.25,4.300000190734863,4.150000095367432,4.25,4.25,292877
2023-03-09,4.25,4.300000190734863,4.150000095367432,4.199999809265137,4.199999809265137,431620
2023-03-10,4.199999809265137,4.349999904632568,4.150000095367432,4.25,4.25,402636
2023-03-13,4.25,4.349999904632568,4.150000095367432,4.199999809265137,4.199999809265137,353545
2023-03-14,4.199999809265137,4.300000190734863,4.150000095367432,4.199999809265137,4.199999809265137,236795
2023-03-15,4.199999809265137,4.300000190734863,4.150000095367432,4.150000095367432,4.150000095367432,242143
2023-03-16,4.199999809265137,4.199999809265137,4.050000190734863,4.099999904632568,4.099999904632568,237301
2023-03-17,4.099999904632568,4.150000095367432,4.050000190734863,4.050000190734863,4.050000190734863,409989
2023-03-20,4.150000095367432,4.150000095367432,3.799999952316284,3.9000000953674316,3.9000000953674316,574764
2023-03-21,4.0,4.0,3.9000000953674316,3.950000047683716,3.950000047683716,227074
2023-03-22,4.0,4.25,4.0,4.050000190734863,4.050000190734863,342485
2023-03-23,4.050000190734863,4.300000190734863,3.9000000953674316,3.950000047683716,3.950000047683716,904001
2023-03-24,4.0,4.0,3.9000000953674316,3.9000000953674316,3.9000000953674316,234455
2023-03-27,4.0,4.0,3.799999952316284,3.8499999046325684,3.8499999046325684,331835
2023-03-28,3.9000000953674316,3.9000000953674316,3.200000047683716,3.549999952316284,3.549999952316284,717921
2023-03-29,3.549999952316284,3.549999952316284,3.25,3.299999952316284,3.299999952316284,749624
2023-03-31,3.299999952316284,3.950000047683716,3.299999952316284,3.950000047683716,3.950000047683716,902378
2023-04-03,4.099999904632568,4.699999809265137,3.950000047683716,4.699999809265137,4.699999809265137,2583530
2023-04-05,4.849999904632568,5.449999809265137,4.599999904632568,4.699999809265137,4.699999809265137,3182712
2023-04-06,4.650000095367432,4.699999809265137,4.349999904632568,4.5,4.5,768799
2023-04-10,4.5,4.599999904632568,4.150000095367432,4.150000095367432,4.150000095367432,1544849
2023-04-11,4.150000095367432,4.949999809265137,4.150000095367432,4.949999809265137,4.949999809265137,1697149
2023-04-12,5.050000190734863,5.300000190734863,4.650000095367432,4.699999809265137,4.699999809265137,2497464
2023-04-13,4.699999809265137,4.699999809265137,4.349999904632568,4.550000190734863,4.550000190734863,893596
